Loan_ID,Application_Date,Age,Gender,Region,Annual_Income,Employment_Years,Home_Ownership,Education,Loan_Purpose,Credit_Score,Previous_Defaults,Loan_Amount_Requested,Application_Status,Funded_Amount,Interest_Rate,Loan_Term_Months,Loan_Status,Loan_Quality,Total_Received,Total_Interest_Received
LN100000,10-05-2024,62,Male,South,80300,10,OWN,Master's,Debt Consolidation,555,0,7600,Approved,6910,12.68,36,Charged Off,Bad Loan,1141.52,72.37
LN100001,10-11-2024,37,Male,Central,53900,6,MORTGAGE,Master's,Business,487,0,12100,Rejected,0,,48,Not Funded,N/A,0,0
LN100002,02-05-2022,35,Female,North,44100,29,MORTGAGE,High School,Home Improvement,338,0,12400,Rejected,0,,12,Not Funded,N/A,0,0
LN100003,12-04-2023,38,Female,Central,56900,1,RENT,Bachelor's,Education,779,0,13700,Approved,12050,4.87,60,Fully Paid,Good Loan,12050,293.42
LN100004,27-11-2022,43,Female,West,62200,29,MORTGAGE,High School,Personal,626,0,26000,Approved,25650,11.18,12,Current,Good Loan,12489.17,698.14
LN100005,29-03-2022,50,Female,West,43900,3,RENT,High School,Home Improvement,429,0,30000,Rejected,0,,60,Not Funded,N/A,0,0
LN100006,21-05-2024,54,Female,North,38400,13,RENT,Master's,Education,362,0,20900,Rejected,0,,24,Not Funded,N/A,0,0
LN100007,11-05-2022,24,Male,East,67100,12,RENT,PhD,Car,396,0,24800,Rejected,0,,36,Not Funded,N/A,0,0
LN100008,09-02-2024,23,Male,East,57100,24,MORTGAGE,Master's,Debt Consolidation,711,0,32700,Approved,31040,9.22,48,Fully Paid,Good Loan,31040,1430.94
LN100009,10-12-2022,27,Male,East,40400,12,MORTGAGE,High School,Car,829,0,40000,Approved,35410,5.42,60,Fully Paid,Good Loan,35410,959.61
LN100010,16-03-2024,38,Female,West,35500,12,MORTGAGE,Master's,Debt Consolidation,745,0,18800,Approved,18100,9.19,48,Fully Paid,Good Loan,18100,831.7
LN100011,21-01-2023,62,Female,East,63400,5,MORTGAGE,Master's,Business,535,0,37500,Rejected,0,,12,Not Funded,N/A,0,0
LN100012,13-08-2024,27,Male,Central,22900,25,RENT,Master's,Personal,384,0,20100,Rejected,0,,24,Not Funded,N/A,0,0
LN100013,04-10-2022,60,Male,South,48200,13,RENT,Master's,Personal,654,0,31500,Approved,30050,10.18,12,Charged Off,Bad Loan,1317.33,67.05
LN100014,05-04-2023,26,Male,West,57600,7,RENT,Bachelor's,Home Improvement,701,0,23400,Approved,21830,8.07,60,Fully Paid,Good Loan,21830,880.84
LN100015,22-01-2022,42,Male,North,118400,23,RENT,High School,Debt Consolidation,465,0,35500,Approved,34250,17.05,36,Fully Paid,Good Loan,34250,2919.81
LN100016,10-09-2022,21,Male,West,54400,21,MORTGAGE,High School,Personal,527,0,18500,Approved,18110,15.32,60,Fully Paid,Good Loan,18110,1387.23
LN100017,18-01-2024,24,Male,Central,47300,20,MORTGAGE,High School,Car,666,0,28100,Approved,27260,8.89,60,Fully Paid,Good Loan,27260,1211.71
LN100018,06-05-2024,63,Male,South,61600,25,RENT,Bachelor's,Education,709,0,19200,Approved,17210,7.95,12,Fully Paid,Good Loan,17210,684.1
LN100019,20-04-2023,49,Male,East,39200,9,MORTGAGE,Bachelor's,Debt Consolidation,359,0,34400,Rejected,0,,60,Not Funded,N/A,0,0
LN100020,18-12-2024,41,Female,West,49100,12,OWN,Bachelor's,Medical,463,0,39800,Rejected,0,,36,Not Funded,N/A,0,0
LN100021,26-05-2023,46,Male,North,54900,13,RENT,High School,Debt Consolidation,529,0,10500,Rejected,0,,24,Not Funded,N/A,0,0
LN100022,01-12-2023,34,Female,East,71900,8,MORTGAGE,PhD,Personal,456,0,19500,Rejected,0,,12,Not Funded,N/A,0,0
LN100023,02-09-2024,29,Male,South,40000,6,RENT,High School,Home Improvement,673,0,4200,Approved,4190,8.55,60,Charged Off,Bad Loan,370.73,15.85
LN100024,09-07-2022,32,Female,Central,54000,30,MORTGAGE,Bachelor's,Education,541,1,6500,Rejected,0,,48,Not Funded,N/A,0,0
LN100025,15-08-2024,62,Female,Central,24200,15,RENT,Bachelor's,Debt Consolidation,467,0,37200,Rejected,0,,24,Not Funded,N/A,0,0
LN100026,18-11-2023,26,Male,West,68400,7,MORTGAGE,High School,Business,420,0,22200,Rejected,0,,12,Not Funded,N/A,0,0
LN100027,15-08-2024,40,Male,West,48800,14,RENT,Bachelor's,Medical,301,0,16400,Rejected,0,,36,Not Funded,N/A,0,0
LN100028,17-07-2023,44,Female,West,126500,24,OWN,Bachelor's,Business,417,0,27200,Approved,27000,18.29,36,Charged Off,Bad Loan,1164.39,106.48
LN100029,11-04-2024,47,Female,South,63500,14,MORTGAGE,Bachelor's,Car,806,2,22800,Rejected,0,,24,Not Funded,N/A,0,0
LN100030,09-10-2023,58,Female,South,36700,24,RENT,Master's,Medical,673,0,12300,Rejected,0,,36,Not Funded,N/A,0,0
LN100031,21-01-2022,28,Female,East,33100,6,MORTGAGE,High School,Debt Consolidation,407,0,9800,Rejected,0,,12,Not Funded,N/A,0,0
LN100032,20-04-2024,21,Male,Central,73000,25,MORTGAGE,Master's,Education,598,0,24000,Rejected,0,,12,Not Funded,N/A,0,0
LN100033,16-06-2022,44,Male,West,121600,7,MORTGAGE,Master's,Education,732,0,8300,Approved,7300,8.69,12,Charged Off,Bad Loan,1140.01,49.53
LN100034,23-01-2023,27,Male,East,105900,17,OWN,Master's,Home Improvement,411,0,6400,Approved,6180,16.02,60,Charged Off,Bad Loan,1967.8,157.62
LN100035,24-08-2023,39,Male,West,31400,20,MORTGAGE,Bachelor's,Home Improvement,705,1,13400,Rejected,0,,36,Not Funded,N/A,0,0
LN100036,12-11-2022,42,Male,South,59400,15,MORTGAGE,High School,Debt Consolidation,799,0,34600,Approved,29650,7.05,60,Fully Paid,Good Loan,29650,1045.16
LN100037,14-01-2022,55,Female,West,90000,2,RENT,Bachelor's,Home Improvement,318,0,2400,Rejected,0,,36,Not Funded,N/A,0,0
LN100038,30-08-2022,50,Male,South,29600,0,RENT,High School,Home Improvement,319,0,33500,Rejected,0,,36,Not Funded,N/A,0,0
LN100039,16-02-2024,49,Male,South,86400,12,OWN,High School,Personal,805,0,25200,Approved,22510,8.33,36,Current,Good Loan,11205.92,466.73
LN100040,19-07-2023,42,Female,East,39500,31,OWN,High School,Education,453,0,2600,Rejected,0,,48,Not Funded,N/A,0,0
LN100041,16-06-2024,31,Female,West,49200,11,RENT,Bachelor's,Business,814,0,24500,Approved,21580,5.53,60,Fully Paid,Good Loan,21580,596.69
LN100042,02-04-2022,40,Male,South,61400,30,MORTGAGE,High School,Medical,777,0,17600,Approved,15840,5.69,24,Fully Paid,Good Loan,15840,450.65
LN100043,13-08-2024,49,Female,East,87600,1,MORTGAGE,Master's,Medical,683,2,33800,Rejected,0,,60,Not Funded,N/A,0,0
LN100044,24-05-2023,61,Female,West,107900,7,MORTGAGE,Bachelor's,Business,497,0,36400,Rejected,0,,36,Not Funded,N/A,0,0
LN100045,15-02-2024,62,Male,West,46800,24,MORTGAGE,High School,Debt Consolidation,478,0,12200,Rejected,0,,24,Not Funded,N/A,0,0
LN100046,04-02-2022,54,Male,Central,43700,4,RENT,Master's,Medical,827,0,31600,Approved,30120,6.51,24,Current,Good Loan,9486.08,308.77
LN100047,25-07-2022,21,Male,South,42400,1,OWN,Master's,Debt Consolidation,346,0,13100,Rejected,0,,24,Not Funded,N/A,0,0
LN100048,22-10-2024,51,Male,Central,76900,2,RENT,High School,Car,482,0,12500,Rejected,0,,48,Not Funded,N/A,0,0
LN100049,18-10-2024,50,Male,East,84800,21,MORTGAGE,High School,Home Improvement,653,0,8500,Approved,7280,10.95,12,Fully Paid,Good Loan,7280,398.58
LN100050,20-07-2023,38,Female,West,81000,32,RENT,Bachelor's,Education,786,0,27500,Approved,25310,6.33,36,Charged Off,Bad Loan,9065.45,286.92
LN100051,04-12-2023,37,Female,West,61200,31,MORTGAGE,Master's,Medical,515,0,11200,Rejected,0,,36,Not Funded,N/A,0,0
LN100052,06-02-2023,58,Female,North,63900,16,MORTGAGE,High School,Debt Consolidation,722,0,19100,Approved,18460,6.04,60,Fully Paid,Good Loan,18460,557.49
LN100053,31-12-2023,34,Female,North,48800,17,MORTGAGE,Master's,Home Improvement,308,0,32700,Rejected,0,,24,Not Funded,N/A,0,0
LN100054,11-06-2022,43,Female,West,50900,2,MORTGAGE,Bachelor's,Education,512,0,31900,Rejected,0,,48,Not Funded,N/A,0,0
LN100055,21-07-2022,45,Male,East,79600,5,MORTGAGE,Bachelor's,Car,438,0,34400,Approved,29560,15.93,24,Current,Good Loan,18428.86,1467.86
LN100056,22-09-2024,35,Male,West,61000,12,RENT,Bachelor's,Medical,620,0,7300,Approved,6600,10.76,60,Current,Good Loan,4919.49,264.67
LN100057,27-09-2022,42,Female,East,43800,30,OWN,Bachelor's,Car,390,0,23900,Rejected,0,,12,Not Funded,N/A,0,0
LN100058,26-03-2024,23,Male,South,88800,16,RENT,High School,Debt Consolidation,614,0,36700,Approved,31890,8.18,36,Fully Paid,Good Loan,31890,1304.3
LN100059,01-04-2023,39,Male,South,41200,20,MORTGAGE,Bachelor's,Debt Consolidation,411,0,2600,Rejected,0,,24,Not Funded,N/A,0,0
LN100060,13-10-2024,64,Female,West,57800,15,RENT,Bachelor's,Medical,412,1,32000,Rejected,0,,36,Not Funded,N/A,0,0
LN100061,23-10-2022,54,Female,South,31000,16,RENT,Master's,Home Improvement,673,0,10600,Approved,10140,10.13,60,Charged Off,Bad Loan,3329.63,168.65
LN100062,21-12-2023,55,Male,West,35400,31,RENT,Master's,Business,562,0,27100,Approved,23190,11.96,12,Current,Good Loan,12599.94,753.48
LN100063,04-12-2022,21,Female,South,54600,0,OWN,High School,Education,667,0,29000,Approved,28450,9.01,48,Fully Paid,Good Loan,28450,1281.67
LN100064,28-05-2024,41,Male,West,39600,7,RENT,High School,Personal,677,0,37100,Approved,31900,10.11,12,Fully Paid,Good Loan,31900,1612.54
LN100065,12-12-2024,49,Female,North,48900,0,RENT,Master's,Debt Consolidation,344,0,20800,Rejected,0,,48,Not Funded,N/A,0,0
LN100066,02-03-2024,26,Male,North,93500,1,MORTGAGE,Master's,Debt Consolidation,570,0,34100,Approved,29780,13.42,24,Charged Off,Bad Loan,10004.44,671.3
LN100067,05-08-2022,57,Female,West,51200,23,RENT,High School,Car,794,0,2800,Approved,2440,8.62,12,Fully Paid,Good Loan,2440,105.16
LN100068,03-02-2024,21,Male,East,81200,26,MORTGAGE,Bachelor's,Debt Consolidation,546,1,17400,Approved,16670,14.6,24,Current,Good Loan,6506.24,474.96
LN100069,07-07-2022,21,Female,North,38100,19,OWN,Bachelor's,Business,473,0,18100,Rejected,0,,12,Not Funded,N/A,0,0
LN100070,15-01-2023,47,Male,Central,69400,20,MORTGAGE,Bachelor's,Medical,335,0,22000,Rejected,0,,24,Not Funded,N/A,0,0
LN100071,08-05-2023,41,Male,South,34500,34,RENT,Bachelor's,Debt Consolidation,601,0,19800,Rejected,0,,60,Not Funded,N/A,0,0
LN100072,30-11-2024,36,Male,South,48400,14,RENT,Master's,Debt Consolidation,457,0,38800,Rejected,0,,60,Not Funded,N/A,0,0
LN100073,15-01-2022,64,Male,North,70600,29,RENT,High School,Home Improvement,332,2,4100,Rejected,0,,48,Not Funded,N/A,0,0
LN100074,06-03-2022,60,Male,South,54500,3,RENT,Bachelor's,Debt Consolidation,681,0,11300,Approved,10020,8.89,12,Fully Paid,Good Loan,10020,445.39
LN100075,05-06-2023,46,Male,East,82800,14,RENT,Bachelor's,Education,723,0,38800,Approved,38780,10.39,12,Fully Paid,Good Loan,38780,2014.62
LN100076,10-10-2023,36,Female,South,73200,22,OWN,Bachelor's,Debt Consolidation,594,0,18400,Approved,18340,13.69,48,Fully Paid,Good Loan,18340,1255.37
LN100077,22-12-2024,48,Female,West,47200,14,MORTGAGE,Bachelor's,Debt Consolidation,714,0,23300,Approved,21870,8.81,24,Current,Good Loan,16697.17,735.51
LN100078,16-08-2023,21,Male,South,97100,25,RENT,High School,Business,618,0,4200,Approved,3700,10.7,12,Fully Paid,Good Loan,3700,197.95
LN100079,27-01-2023,56,Female,West,65900,11,RENT,High School,Personal,324,0,12100,Rejected,0,,48,Not Funded,N/A,0,0
LN100080,23-02-2023,30,Male,North,48500,17,MORTGAGE,Bachelor's,Personal,733,0,2500,Approved,2320,10.08,48,Fully Paid,Good Loan,2320,116.93
LN100081,16-10-2022,63,Male,South,57800,5,RENT,Bachelor's,Car,358,0,6400,Rejected,0,,12,Not Funded,N/A,0,0
LN100082,14-01-2023,37,Male,North,56400,17,OWN,High School,Business,476,0,25700,Rejected,0,,36,Not Funded,N/A,0,0
LN100083,19-08-2022,43,Female,West,59300,23,RENT,Bachelor's,Debt Consolidation,841,0,30800,Approved,29360,5.09,24,Current,Good Loan,15530.63,395.25
LN100084,14-10-2024,27,Male,East,50800,27,OWN,Master's,Medical,344,0,34900,Rejected,0,,36,Not Funded,N/A,0,0
LN100085,10-02-2022,64,Female,West,64100,14,MORTGAGE,Bachelor's,Home Improvement,751,0,10800,Approved,10550,9.82,36,Current,Good Loan,6661.86,327.1
LN100086,17-11-2024,27,Male,South,77300,18,OWN,Bachelor's,Medical,608,0,14000,Approved,13020,11.81,24,Charged Off,Bad Loan,3407.11,201.19
LN100087,15-05-2022,64,Male,West,65600,4,RENT,Bachelor's,Debt Consolidation,453,0,23200,Approved,23160,15.85,60,Fully Paid,Good Loan,23160,1835.43
LN100088,20-07-2022,35,Male,East,64600,3,RENT,High School,Business,439,0,4300,Approved,4140,14.57,12,Charged Off,Bad Loan,24.32,1.77
LN100089,19-02-2024,54,Female,North,51800,16,MORTGAGE,Bachelor's,Home Improvement,684,0,32500,Rejected,0,,48,Not Funded,N/A,0,0
LN100090,18-07-2024,24,Female,South,36400,9,OWN,High School,Debt Consolidation,332,0,19800,Rejected,0,,12,Not Funded,N/A,0,0
LN100091,22-11-2024,34,Female,East,32600,11,MORTGAGE,Bachelor's,Education,670,2,38700,Rejected,0,,36,Not Funded,N/A,0,0
LN100092,07-12-2024,34,Female,East,39400,4,MORTGAGE,Bachelor's,Education,477,0,5600,Rejected,0,,60,Not Funded,N/A,0,0
LN100093,18-05-2023,36,Female,North,44900,6,RENT,High School,Debt Consolidation,659,0,6200,Approved,6110,9.79,60,Fully Paid,Good Loan,6110,299.08
LN100094,11-02-2023,27,Female,West,115000,22,RENT,High School,Personal,735,0,14600,Approved,12910,8.2,12,Charged Off,Bad Loan,2718.95,111.48
LN100095,15-03-2024,52,Male,East,95200,1,RENT,High School,Home Improvement,305,0,9100,Rejected,0,,36,Not Funded,N/A,0,0
LN100096,09-04-2022,39,Female,East,41500,29,MORTGAGE,Bachelor's,Personal,530,0,28200,Approved,25260,13.91,24,Fully Paid,Good Loan,25260,1756.83
LN100097,15-11-2023,22,Male,South,66300,4,RENT,High School,Business,700,2,37900,Rejected,0,,48,Not Funded,N/A,0,0
LN100098,27-12-2023,30,Female,East,52600,19,RENT,High School,Education,322,1,4500,Rejected,0,,60,Not Funded,N/A,0,0
LN100099,18-08-2024,37,Female,North,60200,25,MORTGAGE,Bachelor's,Personal,460,0,10400,Rejected,0,,48,Not Funded,N/A,0,0
LN100100,05-09-2023,57,Female,North,42300,5,OWN,High School,Car,493,0,10300,Rejected,0,,36,Not Funded,N/A,0,0
LN100101,05-10-2023,32,Male,West,148600,28,MORTGAGE,Bachelor's,Debt Consolidation,565,0,20900,Approved,18100,13.48,12,Current,Good Loan,7658,516.15
LN100102,25-10-2024,26,Female,South,125400,9,MORTGAGE,Master's,Debt Consolidation,382,0,18600,Approved,16190,18.21,36,Current,Good Loan,10468.98,953.2
LN100103,18-05-2023,42,Female,South,47500,15,OWN,Master's,Home Improvement,467,0,29300,Approved,26570,15.44,60,Fully Paid,Good Loan,26570,2051.2
LN100104,06-02-2024,52,Male,North,41400,33,RENT,High School,Business,643,1,29600,Rejected,0,,12,Not Funded,N/A,0,0
LN100105,02-02-2023,61,Male,South,82200,30,RENT,Bachelor's,Medical,311,0,23300,Rejected,0,,48,Not Funded,N/A,0,0
LN100106,20-05-2024,40,Female,North,31400,4,MORTGAGE,Bachelor's,Education,833,0,24000,Approved,22460,4.38,60,Current,Good Loan,9662.01,211.6
LN100107,05-03-2024,21,Female,South,79300,32,RENT,Master's,Home Improvement,829,0,33900,Approved,29760,5.38,12,Charged Off,Bad Loan,1177.75,31.68
LN100108,28-01-2023,26,Male,East,57300,18,RENT,Bachelor's,Business,749,0,16500,Approved,14100,8.16,12,Current,Good Loan,6751.76,275.47
LN100109,26-07-2022,39,Male,South,28400,31,RENT,Bachelor's,Education,789,0,1500,Approved,1300,4.6,48,Fully Paid,Good Loan,1300,29.9
LN100110,04-11-2024,38,Male,Central,50600,22,MORTGAGE,Master's,Business,466,0,9300,Rejected,0,,36,Not Funded,N/A,0,0
LN100111,10-06-2024,26,Male,South,40300,2,RENT,High School,Education,764,0,2400,Approved,2340,6.07,36,Current,Good Loan,577.32,17.52
LN100112,13-05-2024,53,Female,South,58300,0,RENT,Bachelor's,Business,306,0,16300,Rejected,0,,36,Not Funded,N/A,0,0
LN100113,13-01-2024,43,Female,East,55600,27,RENT,Bachelor's,Business,462,0,15000,Rejected,0,,60,Not Funded,N/A,0,0
LN100114,18-07-2023,43,Female,North,29500,4,RENT,Master's,Personal,494,0,4800,Approved,4270,15.17,12,Fully Paid,Good Loan,4270,323.88
LN100115,17-10-2024,46,Male,Central,46600,12,OWN,PhD,Home Improvement,618,0,30400,Rejected,0,,24,Not Funded,N/A,0,0
LN100116,06-04-2022,33,Female,East,70200,10,OWN,High School,Medical,429,0,22600,Rejected,0,,24,Not Funded,N/A,0,0
LN100117,30-04-2023,27,Male,North,75800,21,MORTGAGE,High School,Home Improvement,408,0,9800,Rejected,0,,48,Not Funded,N/A,0,0
LN100118,19-08-2022,35,Male,West,46000,22,OWN,High School,Home Improvement,518,0,30600,Rejected,0,,12,Not Funded,N/A,0,0
LN100119,19-01-2024,64,Male,North,66600,11,RENT,High School,Personal,805,1,27000,Approved,24030,7.82,60,Fully Paid,Good Loan,24030,939.57
LN100120,25-06-2023,47,Male,Central,61100,20,MORTGAGE,Bachelor's,Education,728,0,8500,Approved,7860,8.24,12,Fully Paid,Good Loan,7860,323.83
LN100121,25-11-2024,46,Male,Central,52900,18,RENT,Bachelor's,Personal,543,0,39300,Rejected,0,,48,Not Funded,N/A,0,0
LN100122,09-06-2023,53,Male,East,66800,4,MORTGAGE,Bachelor's,Personal,737,0,7900,Approved,7180,7.23,24,Charged Off,Bad Loan,786.85,28.44
LN100123,01-08-2023,35,Male,North,35700,23,RENT,Bachelor's,Debt Consolidation,606,0,31100,Rejected,0,,60,Not Funded,N/A,0,0
LN100124,13-11-2023,56,Male,North,54200,29,MORTGAGE,High School,Personal,554,0,38800,Rejected,0,,24,Not Funded,N/A,0,0
LN100125,11-07-2023,47,Female,South,26300,7,RENT,Bachelor's,Debt Consolidation,626,1,29300,Approved,28060,9.89,36,Current,Good Loan,8004.39,395.82
LN100126,09-10-2024,25,Male,South,52900,1,RENT,Master's,Debt Consolidation,708,0,27000,Approved,23320,7.29,48,Current,Good Loan,6971.47,254.11
LN100127,08-10-2023,22,Female,East,102900,33,MORTGAGE,Bachelor's,Medical,300,0,36200,Rejected,0,,24,Not Funded,N/A,0,0
LN100128,06-03-2024,53,Male,Central,46900,22,MORTGAGE,High School,Home Improvement,493,0,11500,Rejected,0,,60,Not Funded,N/A,0,0
LN100129,17-11-2024,36,Female,South,98300,2,MORTGAGE,High School,Personal,663,0,11800,Approved,10960,10.71,12,Charged Off,Bad Loan,3797.13,203.34
LN100130,09-07-2022,43,Female,West,47300,23,MORTGAGE,High School,Business,421,0,26000,Rejected,0,,48,Not Funded,N/A,0,0
LN100131,25-09-2023,58,Female,West,33300,17,RENT,Master's,Home Improvement,663,0,35400,Rejected,0,,24,Not Funded,N/A,0,0
LN100132,20-09-2023,36,Female,Central,73100,30,MORTGAGE,High School,Debt Consolidation,303,0,25100,Rejected,0,,36,Not Funded,N/A,0,0
LN100133,30-08-2024,34,Male,North,66800,13,RENT,Master's,Business,448,1,39100,Rejected,0,,24,Not Funded,N/A,0,0
LN100134,11-12-2023,49,Male,South,153800,0,MORTGAGE,Master's,Debt Consolidation,360,0,9700,Approved,9240,17.85,60,Charged Off,Bad Loan,791.64,70.65
LN100135,11-10-2023,46,Male,West,34900,13,MORTGAGE,Bachelor's,Debt Consolidation,416,0,33200,Rejected,0,,36,Not Funded,N/A,0,0
LN100136,14-11-2022,55,Male,West,63600,4,OWN,Bachelor's,Education,537,0,37200,Rejected,0,,36,Not Funded,N/A,0,0
LN100137,15-11-2023,35,Male,Central,64600,30,MORTGAGE,Bachelor's,Personal,437,0,17700,Approved,16880,17.45,48,Current,Good Loan,13297.61,1160.22
LN100138,26-10-2023,23,Female,West,87200,30,RENT,Master's,Home Improvement,757,1,38500,Approved,35690,7.71,60,Fully Paid,Good Loan,35690,1375.85
LN100139,18-03-2023,43,Male,South,68800,29,MORTGAGE,High School,Debt Consolidation,784,1,8900,Approved,8110,5.63,60,Fully Paid,Good Loan,8110,228.3
LN100140,18-07-2023,49,Female,East,47600,0,RENT,PhD,Debt Consolidation,381,0,38200,Rejected,0,,36,Not Funded,N/A,0,0
LN100141,09-08-2024,54,Female,North,33500,2,RENT,Bachelor's,Debt Consolidation,346,1,36200,Rejected,0,,12,Not Funded,N/A,0,0
LN100142,30-11-2023,53,Female,East,63300,19,MORTGAGE,Bachelor's,Debt Consolidation,643,0,3600,Approved,3320,10.16,12,Current,Good Loan,1064.82,54.09
LN100143,23-04-2022,61,Female,East,64100,20,RENT,Bachelor's,Home Improvement,638,0,21300,Approved,19370,10.48,48,Current,Good Loan,13305.37,697.2
LN100144,02-01-2022,61,Female,West,72000,29,MORTGAGE,Bachelor's,Education,535,0,21600,Approved,21090,13.83,48,Fully Paid,Good Loan,21090,1458.37
LN100145,04-10-2023,43,Male,Central,47600,29,RENT,Bachelor's,Debt Consolidation,763,0,3200,Approved,2770,6.67,48,Fully Paid,Good Loan,2770,92.38
LN100146,08-08-2022,27,Male,West,61400,4,RENT,Bachelor's,Debt Consolidation,675,1,2500,Approved,2140,9.97,48,Charged Off,Bad Loan,448.85,22.38
LN100147,04-05-2024,23,Female,South,27000,9,MORTGAGE,High School,Personal,422,0,1200,Rejected,0,,36,Not Funded,N/A,0,0
LN100148,20-01-2023,52,Female,North,34100,23,OWN,High School,Medical,545,0,21500,Approved,20460,12,48,Current,Good Loan,10233.7,614.02
LN100149,12-12-2024,51,Female,Central,82500,5,MORTGAGE,High School,Debt Consolidation,553,1,19100,Rejected,0,,12,Not Funded,N/A,0,0
LN100150,31-12-2023,38,Male,North,58700,9,RENT,Bachelor's,Education,580,0,37700,Approved,35620,13.68,24,Fully Paid,Good Loan,35620,2436.41
LN100151,04-09-2022,63,Female,North,67100,9,RENT,Bachelor's,Business,366,0,14300,Rejected,0,,12,Not Funded,N/A,0,0
LN100152,15-04-2024,27,Male,North,41400,24,OWN,Bachelor's,Medical,832,0,26700,Approved,24760,5.31,48,Fully Paid,Good Loan,24760,657.38
LN100153,22-07-2022,61,Male,East,39100,13,MORTGAGE,High School,Car,833,1,1300,Approved,1250,4,36,Charged Off,Bad Loan,257.12,5.14
LN100154,03-05-2022,21,Male,North,44800,12,OWN,High School,Home Improvement,474,2,26900,Rejected,0,,60,Not Funded,N/A,0,0
LN100155,05-02-2023,34,Male,Central,60300,10,RENT,High School,Education,490,0,36600,Rejected,0,,24,Not Funded,N/A,0,0
LN100156,06-02-2024,52,Male,Central,73800,10,OWN,High School,Car,584,1,14800,Rejected,0,,24,Not Funded,N/A,0,0
LN100157,21-10-2022,26,Male,Central,48400,15,MORTGAGE,High School,Education,604,1,13200,Rejected,0,,48,Not Funded,N/A,0,0
LN100158,07-10-2022,59,Male,North,25700,32,OWN,Master's,Personal,706,0,25400,Rejected,0,,48,Not Funded,N/A,0,0
LN100159,02-06-2024,30,Male,Central,64900,31,RENT,Bachelor's,Business,631,0,13800,Approved,13570,10.23,24,Charged Off,Bad Loan,5328.48,272.55
LN100160,17-07-2022,27,Female,Central,61100,9,MORTGAGE,PhD,Car,604,0,16700,Approved,15290,13.6,36,Current,Good Loan,10740.16,730.33
LN100161,08-09-2024,46,Female,Central,67200,14,MORTGAGE,High School,Personal,850,0,11700,Approved,10360,6.19,24,Current,Good Loan,3483.62,107.82
LN100162,22-01-2024,54,Male,West,79700,15,MORTGAGE,Master's,Business,636,1,14500,Approved,12990,11.1,36,Fully Paid,Good Loan,12990,720.94
LN100163,24-05-2022,50,Male,West,76900,26,MORTGAGE,Bachelor's,Debt Consolidation,329,0,27500,Rejected,0,,12,Not Funded,N/A,0,0
LN100164,01-09-2023,56,Female,North,99900,31,MORTGAGE,Bachelor's,Car,739,0,37000,Approved,34860,8.43,48,Fully Paid,Good Loan,34860,1469.35
LN100165,06-07-2022,41,Male,Central,54900,5,OWN,Bachelor's,Car,557,1,23700,Rejected,0,,36,Not Funded,N/A,0,0
LN100166,09-04-2023,37,Male,North,44600,7,MORTGAGE,Bachelor's,Home Improvement,533,0,1400,Rejected,0,,24,Not Funded,N/A,0,0
LN100167,22-10-2023,53,Female,South,86500,24,MORTGAGE,Master's,Debt Consolidation,325,0,11300,Approved,9920,20.16,12,Current,Good Loan,4660.26,469.75
LN100168,03-02-2024,30,Female,Central,81500,6,MORTGAGE,Bachelor's,Personal,822,0,38100,Approved,33540,4.45,24,Fully Paid,Good Loan,33540,746.27
LN100169,12-08-2024,62,Male,South,48800,16,MORTGAGE,Bachelor's,Business,683,0,36500,Approved,36140,10.26,12,Current,Good Loan,30240.44,1551.33
LN100170,07-02-2023,32,Male,North,89100,29,RENT,High School,Business,835,1,5500,Approved,4810,4.4,60,Fully Paid,Good Loan,4810,105.82
LN100171,27-05-2022,36,Male,Central,56000,1,RENT,High School,Personal,692,0,36400,Approved,32830,8.8,12,Charged Off,Bad Loan,1081.66,47.59
LN100172,13-05-2024,61,Male,Central,96200,16,MORTGAGE,PhD,Home Improvement,761,2,38600,Approved,35620,7.61,36,Charged Off,Bad Loan,3257.04,123.93
LN100173,04-05-2023,52,Male,North,118000,3,RENT,Bachelor's,Car,437,0,13700,Rejected,0,,60,Not Funded,N/A,0,0
LN100174,17-07-2024,35,Male,Central,177800,25,MORTGAGE,Master's,Medical,409,0,28300,Approved,27700,16.93,12,Fully Paid,Good Loan,27700,2344.81
LN100175,05-07-2023,47,Male,South,55700,13,MORTGAGE,Bachelor's,Personal,774,0,22800,Approved,19770,5.13,12,Current,Good Loan,14257.01,365.69
LN100176,04-12-2022,48,Female,South,102400,7,MORTGAGE,Master's,Home Improvement,627,1,14100,Approved,12210,11.14,36,Fully Paid,Good Loan,12210,680.1
LN100177,21-05-2024,37,Female,South,79600,4,OWN,High School,Personal,505,0,7000,Rejected,0,,48,Not Funded,N/A,0,0
LN100178,03-10-2023,22,Female,North,83000,4,MORTGAGE,High School,Business,370,0,15300,Rejected,0,,48,Not Funded,N/A,0,0
LN100179,18-04-2023,56,Female,South,65600,4,RENT,Bachelor's,Business,509,0,37200,Rejected,0,,48,Not Funded,N/A,0,0
LN100180,31-05-2022,27,Male,North,83100,26,RENT,Bachelor's,Home Improvement,484,1,32600,Rejected,0,,60,Not Funded,N/A,0,0
LN100181,20-09-2022,33,Female,Central,29200,4,OWN,Bachelor's,Business,682,1,13900,Approved,13590,9.76,48,Fully Paid,Good Loan,13590,663.19
LN100182,24-05-2022,35,Female,West,53500,2,OWN,Bachelor's,Business,698,0,22400,Approved,21850,8.64,60,Charged Off,Bad Loan,1061.04,45.84
LN100183,12-12-2022,45,Male,Central,40400,29,RENT,Bachelor's,Car,844,1,16800,Approved,16310,6.26,48,Current,Good Loan,9616.26,300.99
LN100184,16-09-2023,43,Female,West,38900,0,RENT,Master's,Medical,613,0,19200,Approved,18500,11.78,36,Fully Paid,Good Loan,18500,1089.65
LN100185,13-10-2024,42,Female,North,28400,7,RENT,High School,Car,527,0,30700,Rejected,0,,60,Not Funded,N/A,0,0
LN100186,30-05-2024,46,Female,Central,42700,12,MORTGAGE,High School,Medical,445,1,22200,Rejected,0,,48,Not Funded,N/A,0,0
LN100187,02-01-2022,53,Male,Central,50100,19,MORTGAGE,Master's,Debt Consolidation,321,0,8100,Rejected,0,,24,Not Funded,N/A,0,0
LN100188,15-06-2024,31,Female,South,58900,5,MORTGAGE,Bachelor's,Debt Consolidation,599,0,11500,Approved,10800,12.8,48,Charged Off,Bad Loan,3083.86,197.37
LN100189,11-09-2022,30,Female,North,53900,7,MORTGAGE,Bachelor's,Debt Consolidation,564,0,23100,Approved,21970,12.19,24,Fully Paid,Good Loan,21970,1339.07
LN100190,29-03-2023,45,Male,West,87000,29,MORTGAGE,High School,Debt Consolidation,349,0,28000,Rejected,0,,24,Not Funded,N/A,0,0
LN100191,26-11-2024,57,Male,West,36200,14,RENT,Master's,Home Improvement,674,0,20800,Approved,20520,9.09,12,Current,Good Loan,15224.73,691.96
LN100192,11-10-2024,63,Male,Central,22600,9,RENT,Master's,Education,360,0,25200,Rejected,0,,48,Not Funded,N/A,0,0
LN100193,09-01-2022,58,Female,North,68800,32,MORTGAGE,Master's,Business,318,0,31800,Rejected,0,,12,Not Funded,N/A,0,0
LN100194,26-03-2024,61,Male,North,53000,8,MORTGAGE,Master's,Education,607,0,22300,Rejected,0,,12,Not Funded,N/A,0,0
LN100195,27-07-2022,44,Male,East,52600,32,RENT,Bachelor's,Home Improvement,836,0,39100,Approved,35770,6.1,60,Current,Good Loan,23171.22,706.72
LN100196,08-02-2023,60,Male,East,39300,8,RENT,Bachelor's,Debt Consolidation,506,0,10200,Rejected,0,,24,Not Funded,N/A,0,0
LN100197,01-06-2022,53,Male,North,81600,13,MORTGAGE,Bachelor's,Debt Consolidation,624,2,36900,Approved,32930,11.65,12,Current,Good Loan,13931.55,811.51
LN100198,23-02-2022,37,Female,South,44900,31,RENT,Master's,Education,374,0,10700,Rejected,0,,48,Not Funded,N/A,0,0
LN100199,20-09-2023,44,Male,East,36400,5,MORTGAGE,Master's,Debt Consolidation,717,0,21700,Approved,21700,7.97,36,Fully Paid,Good Loan,21700,864.74
LN100200,10-08-2023,57,Female,West,115100,4,MORTGAGE,Bachelor's,Home Improvement,627,1,18800,Rejected,0,,48,Not Funded,N/A,0,0
LN100201,14-04-2022,22,Female,South,74000,3,RENT,High School,Debt Consolidation,580,0,15500,Approved,13680,10.52,24,Charged Off,Bad Loan,2411.7,126.86
LN100202,11-09-2022,52,Female,East,53200,15,MORTGAGE,Master's,Education,374,0,38500,Rejected,0,,60,Not Funded,N/A,0,0
LN100203,25-05-2023,44,Male,West,18100,9,RENT,Bachelor's,Education,540,0,11600,Approved,11360,12.88,48,Fully Paid,Good Loan,11360,731.58
LN100204,09-04-2022,29,Male,Central,48700,30,RENT,High School,Home Improvement,304,0,27300,Rejected,0,,48,Not Funded,N/A,0,0
LN100205,02-06-2022,24,Male,South,53700,30,RENT,Bachelor's,Debt Consolidation,514,0,32400,Approved,30520,13.86,12,Current,Good Loan,26327.04,1824.46
LN100206,02-07-2024,37,Male,South,104700,13,MORTGAGE,PhD,Debt Consolidation,786,0,8700,Approved,8110,6.18,48,Fully Paid,Good Loan,8110,250.6
LN100207,27-05-2024,37,Male,Central,24600,12,MORTGAGE,Bachelor's,Business,656,0,39000,Rejected,0,,24,Not Funded,N/A,0,0
LN100208,04-12-2022,50,Female,South,109300,3,RENT,High School,Personal,693,0,22300,Approved,19720,7.71,36,Current,Good Loan,8843.75,340.93
LN100209,01-04-2024,60,Male,West,65900,25,MORTGAGE,High School,Debt Consolidation,454,0,36700,Rejected,0,,12,Not Funded,N/A,0,0
LN100210,14-08-2024,31,Male,East,31500,23,RENT,High School,Debt Consolidation,690,0,26900,Approved,22960,10.18,48,Fully Paid,Good Loan,22960,1168.66
LN100211,10-06-2022,41,Male,South,82000,8,MORTGAGE,High School,Debt Consolidation,668,0,26300,Approved,24010,8.86,36,Fully Paid,Good Loan,24010,1063.64
LN100212,11-03-2024,41,Male,West,48500,34,MORTGAGE,Master's,Medical,328,0,14500,Rejected,0,,48,Not Funded,N/A,0,0
LN100213,02-02-2023,38,Female,West,25600,14,MORTGAGE,High School,Personal,722,0,31100,Approved,30860,9.16,60,Fully Paid,Good Loan,30860,1413.39
LN100214,26-03-2024,49,Male,East,44400,23,RENT,Master's,Debt Consolidation,308,0,2200,Rejected,0,,24,Not Funded,N/A,0,0
LN100215,05-02-2023,44,Male,North,60800,30,RENT,High School,Medical,499,1,22700,Rejected,0,,60,Not Funded,N/A,0,0
LN100216,02-10-2023,30,Female,Central,55700,18,MORTGAGE,Master's,Business,744,0,2300,Approved,2220,6.3,12,Charged Off,Bad Loan,35.66,1.12
LN100217,22-11-2024,37,Male,South,72400,1,RENT,High School,Car,633,0,13000,Approved,11340,10.44,36,Fully Paid,Good Loan,11340,591.95
LN100218,19-11-2023,38,Male,East,88800,1,OWN,Bachelor's,Home Improvement,529,0,4800,Rejected,0,,60,Not Funded,N/A,0,0
LN100219,05-04-2023,62,Male,Central,33000,33,RENT,High School,Debt Consolidation,692,1,36600,Rejected,0,,48,Not Funded,N/A,0,0
LN100220,12-08-2024,40,Male,South,53700,18,RENT,Bachelor's,Education,607,0,25500,Approved,23960,10.87,60,Fully Paid,Good Loan,23960,1302.23
LN100221,15-04-2023,57,Male,West,41200,22,RENT,High School,Car,630,0,27100,Approved,23080,11.24,36,Current,Good Loan,11560.99,649.73
LN100222,11-11-2024,38,Male,Central,30900,15,MORTGAGE,Bachelor's,Personal,659,0,34200,Approved,32660,12.36,48,Fully Paid,Good Loan,32660,2018.39
LN100223,20-01-2024,37,Female,South,52900,5,MORTGAGE,Bachelor's,Business,482,0,29600,Rejected,0,,12,Not Funded,N/A,0,0
LN100224,07-02-2022,29,Male,South,65800,25,MORTGAGE,Master's,Debt Consolidation,686,0,5800,Approved,5090,10.29,60,Current,Good Loan,2292.1,117.93
LN100225,18-08-2022,34,Female,Central,67600,21,RENT,High School,Home Improvement,408,0,25100,Approved,21710,16.75,24,Charged Off,Bad Loan,3043.44,254.89
LN100226,17-07-2023,49,Female,North,45300,23,MORTGAGE,High School,Medical,638,0,39100,Approved,35450,10.25,36,Charged Off,Bad Loan,4455.18,228.33
LN100227,14-03-2023,51,Male,North,34400,20,RENT,High School,Business,499,0,9400,Rejected,0,,24,Not Funded,N/A,0,0
LN100228,27-01-2022,24,Male,Central,40500,29,MORTGAGE,Bachelor's,Education,480,0,25200,Rejected,0,,48,Not Funded,N/A,0,0
LN100229,14-08-2022,38,Male,West,23300,10,MORTGAGE,High School,Debt Consolidation,839,0,23000,Approved,19920,5.96,24,Fully Paid,Good Loan,19920,593.62
LN100230,08-03-2024,40,Female,Central,31700,8,RENT,High School,Debt Consolidation,736,0,16300,Approved,15810,8.49,36,Fully Paid,Good Loan,15810,671.13
LN100231,11-10-2022,63,Female,North,33000,11,RENT,Bachelor's,Education,339,0,38200,Rejected,0,,36,Not Funded,N/A,0,0
LN100232,28-05-2024,64,Female,North,79300,25,RENT,High School,Debt Consolidation,521,0,14900,Approved,12740,14.72,24,Current,Good Loan,6058.02,445.87
LN100233,17-08-2024,29,Male,North,79200,2,MORTGAGE,Bachelor's,Home Improvement,596,0,4700,Approved,4150,12.55,24,Fully Paid,Good Loan,4150,260.41
LN100234,29-03-2023,33,Female,West,141200,32,MORTGAGE,High School,Education,328,0,38500,Approved,37260,18.56,48,Current,Good Loan,23183.59,2151.44
LN100235,16-10-2024,35,Male,East,60400,14,RENT,Bachelor's,Debt Consolidation,501,0,29400,Rejected,0,,24,Not Funded,N/A,0,0
LN100236,26-03-2024,47,Male,South,43600,4,RENT,PhD,Car,784,0,14400,Approved,12650,7.13,36,Current,Good Loan,7555.86,269.37
LN100237,21-10-2023,35,Male,North,54500,23,MORTGAGE,High School,Debt Consolidation,429,0,11900,Rejected,0,,24,Not Funded,N/A,0,0
LN100238,01-07-2023,48,Male,East,50200,10,RENT,High School,Medical,347,1,37200,Rejected,0,,12,Not Funded,N/A,0,0
LN100239,08-12-2024,57,Male,East,40800,32,RENT,Master's,Debt Consolidation,715,1,11700,Rejected,0,,36,Not Funded,N/A,0,0
LN100240,17-01-2022,39,Female,North,62600,22,MORTGAGE,Bachelor's,Debt Consolidation,756,0,21900,Approved,21700,8.82,36,Fully Paid,Good Loan,21700,956.97
LN100241,07-06-2022,46,Female,Central,59100,9,MORTGAGE,Bachelor's,Car,348,0,9400,Rejected,0,,48,Not Funded,N/A,0,0
LN100242,22-04-2023,46,Female,North,52200,27,RENT,Bachelor's,Business,375,0,39800,Rejected,0,,48,Not Funded,N/A,0,0
LN100243,05-12-2024,45,Male,West,47500,16,RENT,High School,Debt Consolidation,845,0,31000,Approved,28680,5.46,60,Fully Paid,Good Loan,28680,782.96
LN100244,02-06-2023,46,Female,Central,72000,25,MORTGAGE,Master's,Debt Consolidation,547,1,23100,Rejected,0,,48,Not Funded,N/A,0,0
LN100245,09-04-2022,46,Male,East,42200,24,RENT,Bachelor's,Personal,589,0,30100,Approved,29820,13.7,12,Fully Paid,Good Loan,29820,2042.67
LN100246,26-11-2024,48,Male,South,45200,11,MORTGAGE,Bachelor's,Home Improvement,834,0,36700,Approved,36660,5.45,48,Current,Good Loan,26641.64,725.98
LN100247,07-10-2022,38,Male,South,67100,2,MORTGAGE,Master's,Home Improvement,830,0,38600,Approved,36860,5.85,60,Charged Off,Bad Loan,1455.6,42.58
LN100248,12-05-2023,52,Male,Central,85400,28,RENT,Bachelor's,Debt Consolidation,735,0,31700,Approved,28970,6.67,36,Current,Good Loan,5834.83,194.59
LN100249,29-10-2022,23,Male,South,82000,23,MORTGAGE,Bachelor's,Car,682,0,34100,Approved,33550,9.74,48,Current,Good Loan,30124.61,1467.07
LN100250,30-06-2022,22,Male,West,48200,18,MORTGAGE,PhD,Debt Consolidation,395,0,16500,Approved,16240,17.1,60,Charged Off,Bad Loan,5129.96,438.61
LN100251,30-08-2023,53,Male,Central,30700,12,MORTGAGE,High School,Home Improvement,550,0,16300,Rejected,0,,48,Not Funded,N/A,0,0
LN100252,01-12-2023,62,Female,Central,47600,15,MORTGAGE,High School,Home Improvement,540,0,32500,Rejected,0,,48,Not Funded,N/A,0,0
LN100253,19-09-2024,39,Male,East,56000,26,MORTGAGE,High School,Car,604,1,30600,Rejected,0,,36,Not Funded,N/A,0,0
LN100254,10-07-2022,37,Female,West,32800,5,MORTGAGE,PhD,Home Improvement,739,0,36100,Approved,35550,6.88,60,Current,Good Loan,27864.34,958.53
LN100255,10-09-2022,64,Female,Central,47200,9,RENT,Bachelor's,Business,787,1,6200,Approved,5930,6.37,48,Current,Good Loan,4019.29,128.01
LN100256,07-09-2024,53,Male,South,93300,7,RENT,Bachelor's,Home Improvement,797,0,27900,Approved,25960,4.66,36,Fully Paid,Good Loan,25960,604.87
LN100257,16-07-2024,32,Female,South,57900,17,RENT,High School,Home Improvement,431,0,26300,Rejected,0,,60,Not Funded,N/A,0,0
LN100258,08-05-2022,23,Male,North,42500,31,OWN,High School,Personal,701,0,32100,Approved,29770,7.35,24,Fully Paid,Good Loan,29770,1094.05
LN100259,18-01-2022,63,Female,North,54900,16,OWN,High School,Medical,675,0,2000,Approved,1800,11.63,60,Current,Good Loan,1365.13,79.38
LN100260,20-07-2023,46,Female,Central,56300,1,RENT,Master's,Debt Consolidation,842,0,33200,Approved,29510,4,48,Current,Good Loan,12848.87,256.98
LN100261,24-07-2023,55,Female,East,45800,19,MORTGAGE,Bachelor's,Business,670,1,13700,Approved,12760,9.22,48,Charged Off,Bad Loan,3184.26,146.79
LN100262,17-11-2023,28,Female,Central,76700,9,RENT,Master's,Medical,711,1,27800,Approved,25530,8.31,60,Fully Paid,Good Loan,25530,1060.77
LN100263,18-09-2023,56,Female,West,23800,8,OWN,Bachelor's,Business,454,0,25000,Rejected,0,,36,Not Funded,N/A,0,0
LN100264,03-05-2024,27,Female,West,67000,24,RENT,Bachelor's,Business,544,0,18200,Rejected,0,,60,Not Funded,N/A,0,0
LN100265,19-08-2024,56,Male,East,41900,24,MORTGAGE,Bachelor's,Debt Consolidation,841,1,30100,Approved,28250,4.73,48,Current,Good Loan,17876.86,422.79
LN100266,04-06-2022,36,Male,North,86700,23,RENT,Master's,Debt Consolidation,374,0,38500,Rejected,0,,48,Not Funded,N/A,0,0
LN100267,05-05-2023,44,Male,Central,30500,5,RENT,PhD,Debt Consolidation,505,1,13600,Rejected,0,,12,Not Funded,N/A,0,0
LN100268,24-02-2024,21,Male,South,82600,29,RENT,Master's,Business,727,0,30200,Approved,28340,10.22,36,Fully Paid,Good Loan,28340,1448.17
LN100269,03-09-2022,45,Male,East,38000,9,MORTGAGE,Bachelor's,Personal,720,1,13300,Rejected,0,,12,Not Funded,N/A,0,0
LN100270,28-11-2024,30,Female,North,62600,30,RENT,High School,Car,448,0,34000,Rejected,0,,48,Not Funded,N/A,0,0
LN100271,29-01-2024,36,Male,Central,43900,17,RENT,Bachelor's,Debt Consolidation,387,0,18100,Rejected,0,,36,Not Funded,N/A,0,0
LN100272,22-06-2023,36,Female,Central,90000,32,RENT,High School,Medical,805,0,18500,Approved,16220,4.34,36,Fully Paid,Good Loan,16220,351.97
LN100273,09-07-2024,28,Female,East,49700,18,MORTGAGE,High School,Car,467,0,31100,Approved,30380,16.09,36,Fully Paid,Good Loan,30380,2444.07
LN100274,12-02-2023,49,Male,East,39100,22,OWN,High School,Home Improvement,488,0,20400,Rejected,0,,60,Not Funded,N/A,0,0
LN100275,09-06-2023,59,Female,West,101700,4,MORTGAGE,Bachelor's,Home Improvement,413,0,11400,Approved,10470,19.79,60,Current,Good Loan,9096.03,900.05
LN100276,07-04-2024,48,Male,South,47800,25,MORTGAGE,Bachelor's,Business,312,0,39800,Rejected,0,,48,Not Funded,N/A,0,0
LN100277,21-06-2024,26,Female,South,68500,28,RENT,Bachelor's,Business,456,0,25200,Rejected,0,,36,Not Funded,N/A,0,0
LN100278,05-02-2022,36,Male,West,82700,23,MORTGAGE,Bachelor's,Debt Consolidation,480,0,26200,Rejected,0,,36,Not Funded,N/A,0,0
LN100279,16-11-2023,40,Male,North,36500,5,MORTGAGE,High School,Home Improvement,619,0,26200,Approved,23490,10.1,36,Fully Paid,Good Loan,23490,1186.24
LN100280,20-01-2022,36,Male,South,65500,3,RENT,Bachelor's,Business,591,0,35500,Approved,31500,11.06,60,Current,Good Loan,6915.12,382.41
LN100281,17-11-2022,27,Male,East,69600,25,RENT,Bachelor's,Business,776,0,8200,Approved,7350,8.87,48,Fully Paid,Good Loan,7350,325.97
LN100282,27-05-2023,61,Male,South,27000,14,RENT,High School,Business,732,0,3300,Approved,3290,6.17,36,Current,Good Loan,2242.24,69.17
LN100283,04-02-2023,34,Male,North,62700,12,RENT,Master's,Car,468,0,16100,Approved,15060,15.23,36,Charged Off,Bad Loan,4251.63,323.76
LN100284,16-10-2023,63,Male,South,46200,21,RENT,Bachelor's,Debt Consolidation,701,0,23000,Approved,21580,9.9,24,Fully Paid,Good Loan,21580,1068.21
LN100285,29-08-2024,46,Female,South,112300,12,RENT,Bachelor's,Home Improvement,457,0,12100,Rejected,0,,12,Not Funded,N/A,0,0
LN100286,16-04-2023,46,Female,East,80000,16,RENT,Bachelor's,Medical,683,0,27900,Approved,25380,9.08,60,Fully Paid,Good Loan,25380,1152.25
LN100287,13-04-2024,34,Male,West,66000,24,MORTGAGE,Bachelor's,Education,697,0,3900,Approved,3890,8.65,24,Fully Paid,Good Loan,3890,168.24
LN100288,28-12-2023,27,Female,Central,21600,33,MORTGAGE,High School,Personal,355,2,31800,Rejected,0,,48,Not Funded,N/A,0,0
LN100289,03-05-2024,53,Female,North,66200,20,OWN,Bachelor's,Business,372,0,29000,Rejected,0,,12,Not Funded,N/A,0,0
LN100290,20-02-2022,46,Female,Central,38500,24,RENT,Bachelor's,Education,772,1,9300,Approved,8200,9.08,48,Current,Good Loan,3713.74,168.6
LN100291,29-07-2023,40,Male,South,80300,24,RENT,High School,Medical,479,0,12600,Approved,12370,15.36,60,Fully Paid,Good Loan,12370,950.02
LN100292,30-05-2022,23,Male,East,50400,21,OWN,Bachelor's,Debt Consolidation,493,0,32500,Rejected,0,,48,Not Funded,N/A,0,0
LN100293,10-11-2022,24,Male,East,42900,22,RENT,Bachelor's,Medical,683,0,31200,Approved,29470,10.3,36,Current,Good Loan,15339.38,789.98
LN100294,24-07-2023,46,Male,East,44500,24,MORTGAGE,High School,Debt Consolidation,528,0,32700,Rejected,0,,36,Not Funded,N/A,0,0
LN100295,01-11-2022,31,Female,West,45900,13,MORTGAGE,Master's,Home Improvement,565,0,13600,Approved,11640,11.46,48,Current,Good Loan,2430.43,139.26
LN100296,13-11-2023,22,Male,South,29500,13,MORTGAGE,Bachelor's,Debt Consolidation,370,0,38800,Rejected,0,,48,Not Funded,N/A,0,0
LN100297,17-04-2024,34,Female,South,31300,25,RENT,High School,Car,390,1,28900,Rejected,0,,48,Not Funded,N/A,0,0
LN100298,13-12-2024,64,Male,Central,46600,29,OWN,Bachelor's,Personal,375,2,3500,Rejected,0,,48,Not Funded,N/A,0,0
LN100299,29-09-2024,50,Female,South,109100,25,RENT,Bachelor's,Debt Consolidation,744,0,19600,Approved,17230,8.64,36,Fully Paid,Good Loan,17230,744.34
LN100300,20-03-2023,32,Male,North,74700,21,RENT,High School,Education,496,0,26900,Approved,24210,15.4,24,Fully Paid,Good Loan,24210,1864.17
LN100301,05-09-2023,46,Female,North,77800,33,MORTGAGE,Master's,Personal,483,0,7600,Approved,7550,14.36,24,Fully Paid,Good Loan,7550,542.09
LN100302,19-09-2024,64,Female,North,92900,24,MORTGAGE,Master's,Education,376,1,36200,Rejected,0,,48,Not Funded,N/A,0,0
LN100303,21-09-2022,53,Female,East,61500,12,OWN,Master's,Medical,747,0,30400,Approved,28500,7.21,48,Fully Paid,Good Loan,28500,1027.42
LN100304,12-12-2024,33,Male,East,44100,28,RENT,Bachelor's,Debt Consolidation,596,0,4200,Approved,3880,10.23,12,Charged Off,Bad Loan,1018.75,52.11
LN100305,30-09-2024,34,Male,South,45000,8,MORTGAGE,Master's,Debt Consolidation,687,0,36600,Approved,31940,10.53,48,Charged Off,Bad Loan,1408.72,74.17
LN100306,05-01-2022,44,Female,North,37400,14,MORTGAGE,Master's,Home Improvement,621,0,16800,Approved,16510,12.2,24,Current,Good Loan,11508.44,702.01
LN100307,13-02-2024,54,Male,West,78000,30,RENT,PhD,Personal,720,0,18600,Approved,16180,9.02,60,Fully Paid,Good Loan,16180,729.72
LN100308,26-05-2024,64,Male,West,35500,26,MORTGAGE,PhD,Medical,845,1,31500,Rejected,0,,60,Not Funded,N/A,0,0
LN100309,18-09-2024,46,Male,Central,138800,30,RENT,Bachelor's,Car,605,0,26100,Approved,23430,10.62,48,Fully Paid,Good Loan,23430,1244.13
LN100310,02-06-2024,41,Male,Central,36100,9,MORTGAGE,High School,Business,645,1,18100,Rejected,0,,48,Not Funded,N/A,0,0
LN100311,16-02-2022,48,Male,Central,93900,6,OWN,High School,Medical,560,1,11100,Approved,9790,11.74,60,Charged Off,Bad Loan,3614.21,212.15
LN100312,16-05-2024,56,Male,West,94200,31,MORTGAGE,Bachelor's,Medical,645,0,21200,Approved,20010,9.59,12,Fully Paid,Good Loan,20010,959.48
LN100313,02-04-2024,60,Male,East,71800,10,MORTGAGE,Master's,Business,448,0,23600,Rejected,0,,24,Not Funded,N/A,0,0
LN100314,24-07-2024,22,Male,North,112300,27,MORTGAGE,Bachelor's,Car,717,0,25600,Approved,24960,7.84,48,Fully Paid,Good Loan,24960,978.43
LN100315,18-10-2023,62,Female,East,49600,3,MORTGAGE,Master's,Debt Consolidation,328,1,24600,Rejected,0,,48,Not Funded,N/A,0,0
LN100316,26-09-2022,29,Male,North,57400,30,OWN,Bachelor's,Debt Consolidation,762,0,25100,Approved,24180,8.28,12,Fully Paid,Good Loan,24180,1001.05
LN100317,05-01-2023,43,Male,Central,59900,28,RENT,High School,Home Improvement,488,0,19600,Approved,19130,13.66,24,Charged Off,Bad Loan,1464.44,100.02
LN100318,28-09-2023,35,Female,East,70700,32,MORTGAGE,High School,Debt Consolidation,364,0,22900,Rejected,0,,48,Not Funded,N/A,0,0
LN100319,19-10-2023,33,Female,West,23900,3,RENT,Bachelor's,Debt Consolidation,758,0,12300,Approved,11500,8.24,24,Fully Paid,Good Loan,11500,473.8
LN100320,30-04-2022,43,Female,North,51600,25,MORTGAGE,Master's,Home Improvement,523,0,7200,Approved,7090,15.37,24,Fully Paid,Good Loan,7090,544.87
LN100321,10-04-2024,37,Female,East,79700,30,MORTGAGE,Master's,Debt Consolidation,775,0,24700,Approved,23570,7.5,60,Fully Paid,Good Loan,23570,883.88
LN100322,17-12-2024,22,Male,South,45800,30,OWN,Bachelor's,Medical,625,0,2800,Rejected,0,,48,Not Funded,N/A,0,0
LN100323,11-01-2024,40,Female,South,130900,26,OWN,Master's,Business,818,0,3500,Approved,3380,5.6,60,Current,Good Loan,1563.25,43.77
LN100324,27-04-2022,40,Male,South,57400,24,MORTGAGE,High School,Home Improvement,491,0,10600,Rejected,0,,24,Not Funded,N/A,0,0
LN100325,01-03-2024,23,Female,North,68300,30,MORTGAGE,Bachelor's,Debt Consolidation,387,1,8600,Rejected,0,,48,Not Funded,N/A,0,0
LN100326,09-10-2024,32,Male,South,108900,22,MORTGAGE,High School,Business,757,0,15600,Approved,15100,9.13,36,Current,Good Loan,3786.76,172.87
LN100327,17-12-2024,60,Female,East,57400,34,RENT,High School,Home Improvement,457,0,15500,Approved,15110,17.29,36,Charged Off,Bad Loan,4992.22,431.58
LN100328,26-09-2023,22,Male,Central,108100,3,RENT,PhD,Debt Consolidation,572,1,5600,Rejected,0,,12,Not Funded,N/A,0,0
LN100329,28-05-2023,56,Male,South,70400,27,RENT,Master's,Education,631,0,10600,Approved,10560,12.12,60,Current,Good Loan,2400.35,145.46
LN100330,12-03-2024,34,Female,South,70500,12,MORTGAGE,High School,Business,581,0,1200,Approved,1130,13.79,24,Current,Good Loan,644.59,44.44
LN100331,14-07-2023,36,Male,Central,36300,0,RENT,High School,Debt Consolidation,462,1,14700,Rejected,0,,36,Not Funded,N/A,0,0
LN100332,03-05-2023,39,Male,East,89100,11,RENT,High School,Debt Consolidation,473,0,32100,Approved,30010,16.34,48,Current,Good Loan,18813.39,1537.05
LN100333,15-06-2024,54,Male,East,41200,25,RENT,High School,Business,407,0,11400,Rejected,0,,24,Not Funded,N/A,0,0
LN100334,05-12-2023,64,Male,East,49800,22,RENT,Bachelor's,Car,600,0,26100,Rejected,0,,12,Not Funded,N/A,0,0
LN100335,04-08-2023,26,Male,West,95500,21,RENT,Bachelor's,Home Improvement,630,0,4800,Approved,4130,11.47,24,Charged Off,Bad Loan,1114.1,63.89
LN100336,29-02-2024,33,Female,South,45900,27,RENT,Bachelor's,Car,443,0,1500,Rejected,0,,12,Not Funded,N/A,0,0
LN100337,10-05-2024,56,Male,South,63400,16,RENT,High School,Home Improvement,357,0,20400,Rejected,0,,24,Not Funded,N/A,0,0
LN100338,04-09-2022,42,Male,West,52900,5,MORTGAGE,High School,Car,597,0,19000,Approved,17770,13.43,48,Fully Paid,Good Loan,17770,1193.26
LN100339,03-06-2022,38,Male,North,53700,13,RENT,Bachelor's,Personal,487,0,8500,Rejected,0,,60,Not Funded,N/A,0,0
LN100340,23-09-2024,32,Female,Central,50700,16,OWN,Master's,Debt Consolidation,739,0,12200,Approved,11180,7.9,36,Fully Paid,Good Loan,11180,441.61
LN100341,28-11-2023,50,Female,South,34000,4,MORTGAGE,PhD,Debt Consolidation,787,0,2200,Approved,1920,4.54,24,Fully Paid,Good Loan,1920,43.58
LN100342,28-12-2024,60,Female,East,69200,12,RENT,High School,Debt Consolidation,689,0,32100,Approved,29370,8.91,24,Current,Good Loan,11682.36,520.45
LN100343,06-12-2024,27,Female,West,72100,8,RENT,Bachelor's,Debt Consolidation,319,0,12800,Rejected,0,,48,Not Funded,N/A,0,0
LN100344,05-10-2024,52,Female,South,41700,25,MORTGAGE,High School,Business,511,0,9600,Rejected,0,,48,Not Funded,N/A,0,0
LN100345,04-04-2022,39,Female,Central,44400,12,RENT,High School,Medical,835,0,32400,Approved,29210,5.74,36,Current,Good Loan,8680.06,249.12
LN100346,15-08-2024,26,Female,Central,81700,18,OWN,High School,Personal,519,0,2500,Approved,2360,14.07,24,Fully Paid,Good Loan,2360,166.03
LN100347,08-10-2024,40,Male,East,48100,16,RENT,Master's,Home Improvement,472,1,12100,Approved,11410,16.3,48,Charged Off,Bad Loan,643.83,52.47
LN100348,29-03-2023,47,Female,Central,56500,15,MORTGAGE,Master's,Education,300,0,11200,Rejected,0,,60,Not Funded,N/A,0,0
LN100349,30-06-2024,63,Male,North,36400,29,OWN,High School,Education,767,0,11300,Approved,10010,8.43,12,Fully Paid,Good Loan,10010,421.92
LN100350,06-08-2022,57,Female,Central,52700,31,MORTGAGE,Bachelor's,Home Improvement,324,0,1400,Approved,1290,18.32,12,Charged Off,Bad Loan,70.55,6.46
LN100351,19-04-2023,27,Female,South,36500,13,OWN,Bachelor's,Medical,503,0,37500,Rejected,0,,48,Not Funded,N/A,0,0
LN100352,08-03-2023,25,Female,South,41300,14,OWN,High School,Business,500,0,34700,Rejected,0,,36,Not Funded,N/A,0,0
LN100353,07-12-2022,31,Female,South,38400,11,OWN,Bachelor's,Medical,490,0,17200,Rejected,0,,48,Not Funded,N/A,0,0
LN100354,05-07-2023,35,Male,South,79900,10,MORTGAGE,Bachelor's,Debt Consolidation,708,0,18400,Approved,16440,9.47,48,Fully Paid,Good Loan,16440,778.43
LN100355,23-12-2022,23,Male,North,29800,4,RENT,Bachelor's,Home Improvement,777,0,21400,Approved,19310,8.3,12,Fully Paid,Good Loan,19310,801.36
LN100356,23-01-2022,25,Male,Central,61100,10,RENT,Master's,Education,603,0,19700,Approved,19030,12.29,48,Fully Paid,Good Loan,19030,1169.39
LN100357,06-06-2023,43,Female,Central,49000,33,RENT,Bachelor's,Debt Consolidation,835,0,31400,Approved,29090,6.17,36,Fully Paid,Good Loan,29090,897.43
LN100358,12-03-2024,57,Female,North,101600,18,OWN,High School,Medical,381,0,20000,Rejected,0,,12,Not Funded,N/A,0,0
LN100359,01-02-2024,29,Female,North,76900,25,RENT,Bachelor's,Debt Consolidation,846,0,8400,Approved,8340,4,12,Current,Good Loan,5077.06,101.54
LN100360,18-03-2023,35,Female,Central,31000,25,RENT,High School,Home Improvement,845,0,5600,Approved,5530,5.49,12,Current,Good Loan,4149.88,113.91
LN100361,08-02-2024,23,Female,South,42100,16,MORTGAGE,Bachelor's,Debt Consolidation,561,0,36800,Approved,32680,13.27,60,Fully Paid,Good Loan,32680,2168.32
LN100362,12-10-2024,49,Female,North,53800,30,RENT,Bachelor's,Debt Consolidation,476,0,2900,Rejected,0,,24,Not Funded,N/A,0,0
LN100363,31-05-2023,26,Female,East,42100,18,MORTGAGE,Master's,Debt Consolidation,514,0,36000,Rejected,0,,48,Not Funded,N/A,0,0
LN100364,05-11-2024,37,Female,South,81500,19,OWN,Master's,Personal,440,0,27900,Rejected,0,,60,Not Funded,N/A,0,0
LN100365,02-03-2024,46,Female,North,58500,22,MORTGAGE,Master's,Debt Consolidation,567,0,16800,Approved,15690,13.1,48,Fully Paid,Good Loan,15690,1027.7
LN100366,02-12-2022,41,Male,West,49700,24,MORTGAGE,Bachelor's,Debt Consolidation,438,0,8300,Rejected,0,,36,Not Funded,N/A,0,0
LN100367,15-09-2022,28,Female,East,84200,27,MORTGAGE,Bachelor's,Medical,346,0,13100,Rejected,0,,24,Not Funded,N/A,0,0
LN100368,12-05-2023,41,Male,North,31900,11,MORTGAGE,Master's,Home Improvement,359,0,21700,Rejected,0,,48,Not Funded,N/A,0,0
LN100369,14-06-2024,31,Male,Central,48100,0,RENT,High School,Debt Consolidation,360,0,26600,Rejected,0,,48,Not Funded,N/A,0,0
LN100370,09-06-2022,58,Female,East,60600,1,MORTGAGE,Bachelor's,Business,394,1,28000,Rejected,0,,24,Not Funded,N/A,0,0
LN100371,01-05-2024,28,Male,South,50800,9,RENT,High School,Debt Consolidation,774,0,18400,Approved,17440,5.56,36,Current,Good Loan,11157.79,310.19
LN100372,21-11-2023,62,Female,North,15000,33,MORTGAGE,Bachelor's,Home Improvement,339,0,15600,Rejected,0,,36,Not Funded,N/A,0,0
LN100373,15-01-2023,44,Male,North,63100,31,MORTGAGE,Master's,Medical,645,1,31000,Rejected,0,,48,Not Funded,N/A,0,0
LN100374,14-08-2024,55,Male,South,67900,24,RENT,High School,Debt Consolidation,626,0,37100,Approved,34490,11.27,24,Current,Good Loan,29337.16,1653.15
LN100375,22-11-2023,34,Male,North,34300,9,MORTGAGE,Bachelor's,Personal,736,0,36700,Approved,34610,6.89,12,Current,Good Loan,26114.58,899.65
LN100376,02-12-2024,34,Male,South,20300,0,MORTGAGE,Bachelor's,Debt Consolidation,705,0,22500,Approved,21990,8.46,12,Fully Paid,Good Loan,21990,930.18
LN100377,12-10-2022,30,Male,North,39900,31,RENT,Master's,Car,510,1,4100,Rejected,0,,60,Not Funded,N/A,0,0
LN100378,01-02-2023,32,Male,West,49400,11,RENT,Bachelor's,Medical,337,0,3900,Rejected,0,,24,Not Funded,N/A,0,0
LN100379,12-01-2022,58,Male,West,51500,17,MORTGAGE,PhD,Debt Consolidation,767,0,16700,Approved,16430,9.12,36,Fully Paid,Good Loan,16430,749.21
LN100380,14-05-2023,64,Male,East,22400,29,MORTGAGE,High School,Debt Consolidation,616,0,29600,Rejected,0,,60,Not Funded,N/A,0,0
LN100381,24-01-2024,54,Male,West,59400,12,MORTGAGE,Master's,Car,510,0,20400,Rejected,0,,36,Not Funded,N/A,0,0
LN100382,04-02-2022,61,Female,Central,86100,2,MORTGAGE,Bachelor's,Education,382,0,25500,Rejected,0,,60,Not Funded,N/A,0,0
LN100383,28-12-2023,30,Male,East,83300,20,MORTGAGE,Bachelor's,Debt Consolidation,655,1,33900,Rejected,0,,36,Not Funded,N/A,0,0
LN100384,28-04-2024,37,Female,South,93900,13,OWN,High School,Debt Consolidation,838,0,2600,Approved,2350,7.87,48,Current,Good Loan,1708.57,67.23
LN100385,31-03-2022,37,Female,South,31400,9,RENT,Master's,Personal,508,1,37000,Rejected,0,,36,Not Funded,N/A,0,0
LN100386,15-02-2024,23,Male,Central,80500,1,OWN,PhD,Home Improvement,575,0,13900,Rejected,0,,24,Not Funded,N/A,0,0
LN100387,28-08-2023,51,Female,North,35600,10,MORTGAGE,Master's,Debt Consolidation,791,0,2800,Approved,2460,9.14,60,Current,Good Loan,1588.12,72.58
LN100388,27-08-2024,21,Female,South,77300,0,MORTGAGE,Bachelor's,Personal,597,0,33600,Rejected,0,,12,Not Funded,N/A,0,0
LN100389,18-10-2024,32,Female,East,38900,25,MORTGAGE,Bachelor's,Home Improvement,357,0,37400,Rejected,0,,48,Not Funded,N/A,0,0
LN100390,22-02-2023,59,Male,West,63500,12,RENT,Bachelor's,Business,595,1,31000,Rejected,0,,36,Not Funded,N/A,0,0
LN100391,25-04-2022,24,Female,West,108100,27,MORTGAGE,Bachelor's,Education,758,0,32400,Approved,28210,7.01,12,Fully Paid,Good Loan,28210,988.76
LN100392,09-09-2023,62,Female,South,82400,20,RENT,Bachelor's,Car,695,0,35000,Approved,34880,11.67,60,Current,Good Loan,19374.72,1130.51
LN100393,05-04-2024,33,Male,North,35800,9,RENT,Master's,Debt Consolidation,673,0,21400,Approved,20620,9.94,48,Charged Off,Bad Loan,5796.9,288.11
LN100394,17-02-2023,54,Male,Central,32500,11,MORTGAGE,Master's,Car,361,0,27500,Rejected,0,,48,Not Funded,N/A,0,0
LN100395,30-12-2023,62,Male,North,76800,26,RENT,Master's,Personal,745,0,12200,Approved,11460,8.15,48,Fully Paid,Good Loan,11460,467
LN100396,17-10-2024,41,Female,North,98100,2,RENT,Bachelor's,Debt Consolidation,386,0,10700,Approved,9110,18.04,12,Fully Paid,Good Loan,9110,821.72
LN100397,31-01-2024,42,Male,East,65700,27,OWN,Bachelor's,Business,698,1,24700,Approved,24120,9.86,60,Charged Off,Bad Loan,5658.15,278.95
LN100398,07-11-2023,24,Female,West,43000,1,OWN,Bachelor's,Car,423,0,29600,Rejected,0,,36,Not Funded,N/A,0,0
LN100399,02-04-2023,38,Male,West,55200,27,MORTGAGE,Bachelor's,Business,818,1,16500,Approved,14200,5.57,60,Fully Paid,Good Loan,14200,395.47
LN100400,08-07-2024,25,Female,Central,65800,30,MORTGAGE,High School,Business,582,0,16600,Approved,16000,14.21,48,Charged Off,Bad Loan,4374.86,310.83
LN100401,11-07-2022,39,Male,North,52000,20,OWN,Master's,Education,813,0,38200,Approved,34360,5.75,60,Fully Paid,Good Loan,34360,987.85
LN100402,09-01-2024,22,Male,South,35800,6,MORTGAGE,High School,Medical,456,1,21200,Rejected,0,,36,Not Funded,N/A,0,0
LN100403,04-09-2024,32,Female,South,87400,30,OWN,Bachelor's,Education,525,0,39500,Approved,38580,15.16,60,Charged Off,Bad Loan,4514.59,342.21
LN100404,05-10-2024,37,Male,Central,126200,13,RENT,Master's,Education,693,0,34700,Approved,33530,9.97,48,Charged Off,Bad Loan,3483.44,173.65
LN100405,06-04-2022,30,Male,East,102900,8,MORTGAGE,PhD,Home Improvement,565,0,25900,Approved,23320,13.69,48,Fully Paid,Good Loan,23320,1596.25
LN100406,25-10-2023,54,Male,North,20400,22,RENT,Master's,Education,565,0,1400,Rejected,0,,36,Not Funded,N/A,0,0
LN100407,06-02-2022,26,Male,West,91100,11,MORTGAGE,High School,Debt Consolidation,848,0,12500,Approved,11350,5.34,24,Fully Paid,Good Loan,11350,303.04
LN100408,06-10-2022,28,Female,South,70300,28,MORTGAGE,Bachelor's,Home Improvement,587,0,17300,Approved,16000,13.72,60,Current,Good Loan,6697.25,459.43
LN100409,05-08-2022,31,Female,East,40300,21,RENT,High School,Debt Consolidation,591,1,26500,Rejected,0,,48,Not Funded,N/A,0,0
LN100410,16-05-2024,32,Male,Central,22400,3,MORTGAGE,PhD,Business,619,0,16400,Rejected,0,,60,Not Funded,N/A,0,0
LN100411,22-05-2024,29,Male,South,51500,6,OWN,High School,Debt Consolidation,772,0,33300,Approved,31290,7.44,36,Current,Good Loan,16476.85,612.94
LN100412,03-03-2022,22,Male,South,63800,7,OWN,Master's,Business,698,0,26900,Approved,25190,9.85,12,Fully Paid,Good Loan,25190,1240.61
LN100413,19-08-2023,28,Female,South,32900,34,RENT,Master's,Medical,372,1,14500,Rejected,0,,12,Not Funded,N/A,0,0
LN100414,30-12-2023,31,Male,South,94300,8,MORTGAGE,Master's,Home Improvement,827,0,31600,Approved,28540,4,48,Current,Good Loan,20082.95,401.66
LN100415,01-02-2023,56,Male,North,93300,12,RENT,High School,Debt Consolidation,382,0,12800,Rejected,0,,36,Not Funded,N/A,0,0
LN100416,30-11-2023,30,Male,West,66900,19,MORTGAGE,High School,Debt Consolidation,473,0,3400,Rejected,0,,36,Not Funded,N/A,0,0
LN100417,08-11-2024,41,Female,North,29200,20,RENT,Master's,Personal,727,0,7700,Approved,7340,8.26,60,Fully Paid,Good Loan,7340,303.14
LN100418,26-06-2022,40,Male,Central,48100,18,RENT,Master's,Medical,590,0,1100,Approved,1030,11.64,48,Current,Good Loan,918.87,53.48
LN100419,31-01-2023,28,Female,North,75000,1,RENT,PhD,Debt Consolidation,680,0,33500,Approved,29170,10.1,12,Charged Off,Bad Loan,10872.57,549.06
LN100420,21-03-2023,56,Male,South,72800,29,RENT,High School,Personal,662,0,25500,Approved,23010,10.73,36,Fully Paid,Good Loan,23010,1234.49
LN100421,17-03-2022,49,Male,South,39600,22,MORTGAGE,Bachelor's,Debt Consolidation,485,0,23300,Rejected,0,,36,Not Funded,N/A,0,0
LN100422,22-09-2022,62,Male,West,42300,12,RENT,Bachelor's,Education,304,0,26800,Rejected,0,,12,Not Funded,N/A,0,0
LN100423,31-03-2023,32,Male,South,39100,32,MORTGAGE,Bachelor's,Business,561,0,26500,Approved,26030,12.38,60,Current,Good Loan,21442.72,1327.3
LN100424,19-12-2023,34,Male,West,47700,31,OWN,Bachelor's,Debt Consolidation,478,0,23100,Approved,19790,15.82,60,Charged Off,Bad Loan,4491.37,355.27
LN100425,05-01-2024,41,Male,West,43500,27,MORTGAGE,Bachelor's,Debt Consolidation,441,0,33900,Rejected,0,,60,Not Funded,N/A,0,0
LN100426,30-04-2024,42,Male,Central,40100,23,MORTGAGE,High School,Medical,567,0,18200,Approved,17020,12.07,60,Fully Paid,Good Loan,17020,1027.16
LN100427,24-05-2022,41,Male,West,50900,27,MORTGAGE,High School,Home Improvement,769,1,32400,Approved,29670,8.92,48,Fully Paid,Good Loan,29670,1323.28
LN100428,03-06-2024,64,Male,North,55200,29,RENT,Bachelor's,Business,367,0,31700,Rejected,0,,60,Not Funded,N/A,0,0
LN100429,28-12-2024,50,Female,West,88400,28,RENT,Bachelor's,Education,406,0,8800,Rejected,0,,60,Not Funded,N/A,0,0
LN100430,31-01-2023,59,Male,Central,24300,33,OWN,Bachelor's,Debt Consolidation,736,0,18700,Approved,17250,10.28,48,Fully Paid,Good Loan,17250,886.65
LN100431,14-11-2024,40,Female,Central,93800,21,RENT,High School,Car,330,0,33600,Rejected,0,,36,Not Funded,N/A,0,0
LN100432,05-08-2024,44,Male,North,38700,24,OWN,PhD,Debt Consolidation,846,0,33400,Approved,31100,6.26,24,Fully Paid,Good Loan,31100,973.43
LN100433,09-06-2024,43,Male,East,125100,13,RENT,Master's,Debt Consolidation,820,0,1900,Approved,1640,4.66,60,Fully Paid,Good Loan,1640,38.21
LN100434,23-07-2023,27,Male,North,73300,9,RENT,Master's,Medical,341,0,9700,Rejected,0,,24,Not Funded,N/A,0,0
LN100435,28-11-2024,29,Male,South,69300,9,RENT,High School,Personal,486,0,17500,Rejected,0,,12,Not Funded,N/A,0,0
LN100436,19-04-2022,21,Male,West,51700,7,MORTGAGE,High School,Medical,600,0,2800,Rejected,0,,24,Not Funded,N/A,0,0
LN100437,01-12-2024,46,Male,Central,137100,13,MORTGAGE,Master's,Debt Consolidation,560,0,11200,Approved,10410,12.76,12,Fully Paid,Good Loan,10410,664.16
LN100438,23-07-2024,58,Female,East,53400,31,RENT,High School,Personal,789,0,11100,Approved,10670,6.46,24,Fully Paid,Good Loan,10670,344.64
LN100439,02-02-2023,58,Male,Central,107000,31,MORTGAGE,Bachelor's,Home Improvement,556,2,9400,Rejected,0,,60,Not Funded,N/A,0,0
LN100440,26-09-2023,64,Male,North,41800,2,OWN,High School,Home Improvement,366,0,16500,Rejected,0,,24,Not Funded,N/A,0,0
LN100441,03-01-2024,42,Male,North,74800,19,MORTGAGE,Bachelor's,Car,519,0,32700,Rejected,0,,36,Not Funded,N/A,0,0
LN100442,23-08-2022,64,Male,East,127300,12,RENT,Master's,Debt Consolidation,622,0,10500,Approved,9900,10.55,24,Fully Paid,Good Loan,9900,522.22
LN100443,20-10-2023,30,Female,South,37000,22,RENT,Master's,Business,358,0,23700,Rejected,0,,12,Not Funded,N/A,0,0
LN100444,21-01-2024,26,Male,Central,67600,18,MORTGAGE,PhD,Personal,477,0,22700,Approved,22610,17.14,36,Fully Paid,Good Loan,22610,1937.68
LN100445,11-08-2023,37,Male,South,39400,15,MORTGAGE,Master's,Debt Consolidation,760,0,32900,Approved,30960,6.89,24,Fully Paid,Good Loan,30960,1066.57
LN100446,29-10-2024,58,Male,South,65700,34,OWN,Bachelor's,Business,589,0,16400,Approved,14640,13.56,12,Current,Good Loan,11844.74,803.07
LN100447,11-08-2024,44,Male,East,127000,6,MORTGAGE,Bachelor's,Debt Consolidation,411,0,9700,Rejected,0,,12,Not Funded,N/A,0,0
LN100448,07-05-2023,30,Female,South,35600,7,RENT,High School,Car,623,0,35800,Rejected,0,,60,Not Funded,N/A,0,0
LN100449,01-07-2024,28,Female,Central,58100,24,RENT,Bachelor's,Business,481,0,33500,Rejected,0,,12,Not Funded,N/A,0,0
LN100450,19-06-2022,41,Male,South,37200,22,MORTGAGE,High School,Debt Consolidation,765,0,25200,Approved,23740,8.36,36,Fully Paid,Good Loan,23740,992.33
LN100451,03-08-2024,26,Male,South,51100,9,RENT,Master's,Home Improvement,523,0,4600,Rejected,0,,48,Not Funded,N/A,0,0
LN100452,05-03-2024,41,Female,West,71700,29,OWN,Bachelor's,Business,697,0,1600,Approved,1570,8.37,12,Fully Paid,Good Loan,1570,65.7
LN100453,26-09-2023,59,Male,South,47400,32,RENT,Bachelor's,Medical,459,0,8100,Rejected,0,,36,Not Funded,N/A,0,0
LN100454,29-01-2022,44,Male,West,110000,10,MORTGAGE,Bachelor's,Business,753,0,8700,Approved,7920,6.75,48,Fully Paid,Good Loan,7920,267.3
LN100455,05-12-2022,53,Female,North,67300,34,RENT,Bachelor's,Debt Consolidation,662,0,6300,Approved,5830,9.18,24,Fully Paid,Good Loan,5830,267.6
LN100456,15-05-2023,38,Male,North,29900,26,RENT,Master's,Medical,302,1,11200,Rejected,0,,12,Not Funded,N/A,0,0
LN100457,26-05-2023,48,Male,Central,62600,2,MORTGAGE,Master's,Debt Consolidation,659,0,14200,Approved,13540,9.67,60,Fully Paid,Good Loan,13540,654.66
LN100458,05-08-2022,52,Male,West,104600,7,MORTGAGE,Bachelor's,Car,614,0,30400,Approved,26700,11.63,24,Charged Off,Bad Loan,328.82,19.12
LN100459,29-12-2024,32,Female,South,69200,12,RENT,Master's,Home Improvement,321,0,28700,Rejected,0,,60,Not Funded,N/A,0,0
LN100460,21-03-2023,62,Male,East,60900,2,RENT,Bachelor's,Education,720,0,5100,Approved,4650,9.01,36,Fully Paid,Good Loan,4650,209.48
LN100461,25-05-2024,47,Female,Central,47400,19,MORTGAGE,Master's,Home Improvement,425,0,39100,Rejected,0,,36,Not Funded,N/A,0,0
LN100462,16-06-2022,30,Female,North,51900,34,MORTGAGE,Bachelor's,Education,704,0,30300,Rejected,0,,48,Not Funded,N/A,0,0
LN100463,01-04-2022,62,Male,North,54400,12,RENT,Master's,Car,567,0,7400,Approved,6670,11.01,60,Fully Paid,Good Loan,6670,367.18
LN100464,15-12-2023,52,Male,East,18000,19,MORTGAGE,Master's,Medical,405,0,5900,Rejected,0,,36,Not Funded,N/A,0,0
LN100465,08-02-2022,62,Male,North,66700,23,RENT,High School,Education,844,0,4400,Approved,3740,4.88,60,Current,Good Loan,2203.11,53.76
LN100466,22-06-2022,46,Male,North,84800,8,MORTGAGE,PhD,Medical,470,0,29500,Rejected,0,,36,Not Funded,N/A,0,0
LN100467,15-10-2023,45,Female,Central,38700,29,MORTGAGE,PhD,Business,604,1,10200,Rejected,0,,60,Not Funded,N/A,0,0
LN100468,24-01-2024,31,Female,North,60200,24,RENT,Bachelor's,Debt Consolidation,633,0,3800,Rejected,0,,48,Not Funded,N/A,0,0
LN100469,17-12-2024,43,Male,West,63500,15,MORTGAGE,Master's,Car,317,0,17500,Rejected,0,,24,Not Funded,N/A,0,0
LN100470,21-04-2023,54,Female,East,78000,7,RENT,Master's,Education,699,0,28600,Approved,24480,11.86,12,Fully Paid,Good Loan,24480,1451.66
LN100471,01-04-2023,60,Male,East,54500,27,RENT,High School,Home Improvement,467,0,12900,Rejected,0,,36,Not Funded,N/A,0,0
LN100472,08-04-2024,43,Female,West,69100,11,MORTGAGE,Master's,Debt Consolidation,634,2,19800,Rejected,0,,60,Not Funded,N/A,0,0
LN100473,13-06-2024,49,Female,South,32100,23,MORTGAGE,Bachelor's,Business,454,0,8500,Rejected,0,,36,Not Funded,N/A,0,0
LN100474,21-10-2024,51,Male,North,34300,28,MORTGAGE,Master's,Debt Consolidation,675,0,17700,Rejected,0,,36,Not Funded,N/A,0,0
LN100475,22-01-2023,27,Male,North,65800,14,RENT,Bachelor's,Car,380,0,15000,Rejected,0,,12,Not Funded,N/A,0,0
LN100476,14-12-2022,60,Female,West,48900,17,MORTGAGE,Bachelor's,Medical,749,1,17900,Approved,16880,4.78,48,Fully Paid,Good Loan,16880,403.43
LN100477,09-07-2022,53,Female,South,26600,6,RENT,Master's,Home Improvement,609,0,19200,Rejected,0,,12,Not Funded,N/A,0,0
LN100478,20-05-2023,41,Male,North,63300,12,RENT,Bachelor's,Debt Consolidation,654,0,4600,Approved,4360,10.87,24,Current,Good Loan,2512.62,136.56
LN100479,03-04-2024,22,Male,Central,30500,18,MORTGAGE,Bachelor's,Debt Consolidation,623,1,4600,Rejected,0,,24,Not Funded,N/A,0,0
LN100480,17-07-2024,38,Male,Central,182800,4,MORTGAGE,Bachelor's,Debt Consolidation,527,1,11200,Rejected,0,,24,Not Funded,N/A,0,0
LN100481,22-07-2024,53,Male,South,20300,25,OWN,Bachelor's,Debt Consolidation,490,0,5500,Rejected,0,,24,Not Funded,N/A,0,0
LN100482,14-05-2022,57,Male,North,55500,1,MORTGAGE,Bachelor's,Car,596,0,10900,Rejected,0,,24,Not Funded,N/A,0,0
LN100483,27-02-2022,54,Male,West,32800,32,RENT,High School,Home Improvement,488,0,2000,Rejected,0,,60,Not Funded,N/A,0,0
LN100484,16-11-2023,40,Male,West,81800,24,OWN,Bachelor's,Home Improvement,492,1,14700,Rejected,0,,36,Not Funded,N/A,0,0
LN100485,03-11-2023,55,Male,North,45200,24,RENT,High School,Debt Consolidation,812,0,9300,Approved,8610,7.51,60,Current,Good Loan,5577.09,209.42
LN100486,22-06-2022,38,Female,North,85500,29,RENT,Bachelor's,Car,308,0,35800,Rejected,0,,60,Not Funded,N/A,0,0
LN100487,25-03-2024,44,Female,West,76500,3,MORTGAGE,Bachelor's,Medical,442,0,34500,Approved,30660,16.3,12,Current,Good Loan,22890.18,1865.55
LN100488,21-03-2022,28,Male,Central,33500,18,OWN,Bachelor's,Home Improvement,786,0,12700,Approved,11540,7.29,12,Fully Paid,Good Loan,11540,420.63
LN100489,04-06-2024,50,Male,West,39100,26,MORTGAGE,High School,Debt Consolidation,493,0,19500,Rejected,0,,60,Not Funded,N/A,0,0
LN100490,22-07-2022,64,Male,North,46400,23,MORTGAGE,High School,Personal,821,0,38300,Approved,32740,4,24,Current,Good Loan,22907.82,458.16
LN100491,03-02-2024,30,Male,South,52600,24,MORTGAGE,Bachelor's,Home Improvement,732,0,21400,Approved,19830,8.56,48,Fully Paid,Good Loan,19830,848.72
LN100492,16-02-2022,43,Female,East,49600,28,MORTGAGE,Bachelor's,Medical,438,1,34100,Rejected,0,,36,Not Funded,N/A,0,0
LN100493,18-10-2023,31,Male,North,75200,30,MORTGAGE,Bachelor's,Business,329,0,33200,Approved,28860,15.7,24,Current,Good Loan,18454.29,1448.66
LN100494,16-04-2023,22,Female,North,60200,34,RENT,High School,Medical,578,0,37700,Approved,36060,11.48,12,Charged Off,Bad Loan,5192.98,298.08
LN100495,28-08-2024,46,Male,South,41100,27,RENT,Bachelor's,Business,341,0,12900,Rejected,0,,60,Not Funded,N/A,0,0
LN100496,01-11-2024,56,Female,East,35900,3,RENT,Master's,Personal,527,0,2700,Rejected,0,,12,Not Funded,N/A,0,0
LN100497,06-01-2024,53,Male,East,37500,27,OWN,Bachelor's,Car,779,0,5100,Approved,5050,6.75,36,Fully Paid,Good Loan,5050,170.44
LN100498,23-02-2024,33,Male,West,62800,30,MORTGAGE,High School,Debt Consolidation,716,0,23300,Approved,22840,7.76,60,Charged Off,Bad Loan,6990.2,271.22
LN100499,25-08-2024,60,Male,West,49700,22,MORTGAGE,Bachelor's,Home Improvement,500,0,21700,Rejected,0,,48,Not Funded,N/A,0,0
LN100500,24-12-2022,45,Female,Central,138200,13,RENT,PhD,Debt Consolidation,620,1,12600,Rejected,0,,60,Not Funded,N/A,0,0
LN100501,29-08-2024,24,Female,West,54200,27,RENT,Bachelor's,Personal,667,0,10700,Approved,9290,10.16,12,Fully Paid,Good Loan,9290,471.93
LN100502,30-10-2023,62,Female,South,59000,13,MORTGAGE,High School,Debt Consolidation,625,2,28700,Rejected,0,,24,Not Funded,N/A,0,0
LN100503,08-01-2023,39,Female,South,24100,0,RENT,Master's,Debt Consolidation,609,0,14300,Approved,12420,12.55,12,Fully Paid,Good Loan,12420,779.36
LN100504,28-10-2024,38,Female,East,29700,31,MORTGAGE,Bachelor's,Business,660,0,24600,Approved,23320,8.46,36,Fully Paid,Good Loan,23320,986.44
LN100505,07-11-2023,57,Male,North,32700,17,RENT,Bachelor's,Education,827,0,28800,Approved,27580,5.92,48,Current,Good Loan,9292.04,275.04
LN100506,31-03-2022,50,Male,Central,42600,4,MORTGAGE,High School,Debt Consolidation,602,0,17800,Approved,15560,11.56,36,Charged Off,Bad Loan,2671.77,154.43
LN100507,29-11-2023,39,Female,North,27800,14,MORTGAGE,High School,Business,578,0,8500,Approved,8020,12.1,36,Charged Off,Bad Loan,223,13.49
LN100508,24-06-2023,43,Female,South,32200,15,MORTGAGE,Bachelor's,Car,620,0,34600,Approved,29530,11.51,24,Fully Paid,Good Loan,29530,1699.45
LN100509,02-01-2024,36,Female,East,73100,29,RENT,High School,Education,776,0,4600,Approved,4210,9.06,12,Fully Paid,Good Loan,4210,190.71
LN100510,18-05-2024,21,Male,East,36800,22,MORTGAGE,High School,Business,603,0,33300,Rejected,0,,24,Not Funded,N/A,0,0
LN100511,10-02-2022,32,Male,West,53200,10,MORTGAGE,Master's,Debt Consolidation,818,0,33600,Approved,33590,5.99,24,Fully Paid,Good Loan,33590,1006.02
LN100512,10-01-2024,44,Female,East,70700,24,OWN,High School,Debt Consolidation,355,0,23300,Rejected,0,,60,Not Funded,N/A,0,0
LN100513,17-05-2023,54,Male,South,82900,1,MORTGAGE,Bachelor's,Business,491,0,25500,Rejected,0,,12,Not Funded,N/A,0,0
LN100514,16-08-2024,28,Male,North,61800,34,RENT,Bachelor's,Business,321,0,15000,Rejected,0,,60,Not Funded,N/A,0,0
LN100515,17-07-2024,38,Female,Central,63500,23,MORTGAGE,Master's,Business,379,0,33800,Rejected,0,,12,Not Funded,N/A,0,0
LN100516,06-04-2023,25,Female,South,84100,12,MORTGAGE,PhD,Business,583,0,11300,Approved,10580,11.47,24,Fully Paid,Good Loan,10580,606.76
LN100517,02-01-2024,46,Male,South,65300,29,MORTGAGE,Bachelor's,Home Improvement,727,0,22800,Approved,21210,10.47,48,Fully Paid,Good Loan,21210,1110.34
LN100518,22-01-2024,50,Female,South,86300,10,RENT,Bachelor's,Education,402,0,1100,Rejected,0,,60,Not Funded,N/A,0,0
LN100519,13-07-2024,33,Female,North,20700,22,RENT,Master's,Debt Consolidation,441,0,37700,Rejected,0,,12,Not Funded,N/A,0,0
LN100520,27-06-2024,39,Female,East,52200,27,OWN,High School,Car,702,0,38000,Approved,32700,7.33,60,Fully Paid,Good Loan,32700,1198.46
LN100521,25-01-2023,49,Female,West,55600,28,OWN,Bachelor's,Debt Consolidation,461,0,28700,Rejected,0,,12,Not Funded,N/A,0,0
LN100522,01-06-2024,23,Male,West,51400,14,RENT,Master's,Home Improvement,515,0,17500,Rejected,0,,60,Not Funded,N/A,0,0
LN100523,13-09-2022,46,Male,West,57300,2,RENT,High School,Debt Consolidation,777,0,8000,Approved,7470,6.58,48,Current,Good Loan,5512.97,181.38
LN100524,10-12-2023,60,Male,North,45100,8,RENT,Master's,Education,550,0,20200,Approved,19570,12.76,12,Fully Paid,Good Loan,19570,1248.57
LN100525,26-03-2023,32,Male,South,77300,7,RENT,High School,Business,709,0,31900,Approved,27330,8.7,48,Current,Good Loan,11819.62,514.15
LN100526,10-01-2022,22,Male,North,42600,32,RENT,Bachelor's,Home Improvement,618,1,24600,Rejected,0,,48,Not Funded,N/A,0,0
LN100527,03-04-2024,31,Male,North,49100,33,RENT,Bachelor's,Business,687,0,21600,Approved,21570,11.59,48,Fully Paid,Good Loan,21570,1249.98
LN100528,08-03-2024,64,Male,South,103800,8,MORTGAGE,Bachelor's,Home Improvement,384,2,34100,Rejected,0,,60,Not Funded,N/A,0,0
LN100529,26-05-2024,48,Male,South,97400,16,RENT,Bachelor's,Car,814,1,13200,Approved,11900,6.11,36,Fully Paid,Good Loan,11900,363.54
LN100530,25-10-2024,38,Male,West,58200,0,MORTGAGE,High School,Debt Consolidation,304,2,34500,Rejected,0,,24,Not Funded,N/A,0,0
LN100531,12-10-2024,33,Female,West,40700,4,MORTGAGE,Bachelor's,Medical,534,0,18100,Rejected,0,,36,Not Funded,N/A,0,0
LN100532,09-01-2023,57,Male,Central,26000,29,MORTGAGE,High School,Education,712,0,1100,Approved,1020,9.69,36,Fully Paid,Good Loan,1020,49.42
LN100533,24-12-2024,42,Female,West,51100,10,MORTGAGE,Bachelor's,Home Improvement,674,0,29500,Approved,26520,8.97,60,Current,Good Loan,9938.21,445.73
LN100534,26-05-2022,32,Male,North,68100,27,MORTGAGE,High School,Personal,574,0,35200,Rejected,0,,36,Not Funded,N/A,0,0
LN100535,12-08-2022,22,Male,South,39200,16,MORTGAGE,High School,Debt Consolidation,670,0,19900,Approved,18000,7.5,36,Charged Off,Bad Loan,2787.06,104.51
LN100536,26-06-2022,57,Female,South,54300,22,MORTGAGE,Bachelor's,Home Improvement,831,0,18700,Approved,17100,6.59,60,Fully Paid,Good Loan,17100,563.45
LN100537,02-05-2024,27,Male,South,46300,17,RENT,High School,Home Improvement,693,0,32400,Approved,30340,9.55,24,Fully Paid,Good Loan,30340,1448.74
LN100538,04-03-2022,46,Male,North,25000,26,RENT,Master's,Education,303,2,35500,Rejected,0,,24,Not Funded,N/A,0,0
LN100539,06-04-2024,46,Male,North,57100,24,MORTGAGE,Bachelor's,Personal,833,0,39000,Approved,36900,7.39,36,Current,Good Loan,27267.13,1007.52
LN100540,05-03-2024,44,Male,East,65900,4,MORTGAGE,Master's,Business,823,0,14500,Approved,12540,4.94,24,Current,Good Loan,9974.61,246.37
LN100541,20-11-2023,32,Male,West,58200,18,OWN,High School,Car,705,1,24200,Approved,21730,10.76,60,Fully Paid,Good Loan,21730,1169.07
LN100542,15-04-2022,36,Male,West,111900,26,RENT,Bachelor's,Personal,712,0,33100,Approved,30220,7.72,48,Fully Paid,Good Loan,30220,1166.49
LN100543,26-05-2023,43,Male,South,46900,12,RENT,Bachelor's,Business,488,1,21700,Rejected,0,,12,Not Funded,N/A,0,0
LN100544,20-01-2023,60,Female,East,45200,6,MORTGAGE,High School,Business,616,1,19000,Rejected,0,,60,Not Funded,N/A,0,0
LN100545,09-02-2023,29,Female,East,143600,25,RENT,Master's,Debt Consolidation,838,0,23300,Approved,22110,4.69,24,Fully Paid,Good Loan,22110,518.48
LN100546,02-04-2024,52,Male,West,30900,13,MORTGAGE,Master's,Education,730,0,14900,Approved,14540,6.72,36,Charged Off,Bad Loan,3491.71,117.32
LN100547,02-06-2023,35,Male,North,41000,26,MORTGAGE,High School,Debt Consolidation,639,0,8500,Approved,7360,10.79,24,Fully Paid,Good Loan,7360,397.07
LN100548,21-04-2023,57,Male,West,63700,7,MORTGAGE,Master's,Education,818,0,3600,Approved,3470,4.94,36,Current,Good Loan,2651.24,65.49
LN100549,10-12-2023,33,Male,East,89900,30,RENT,Master's,Car,729,0,24800,Approved,23850,6.4,12,Charged Off,Bad Loan,7651.04,244.83
LN100550,10-02-2024,25,Male,North,82500,34,MORTGAGE,Bachelor's,Medical,726,0,15800,Approved,15370,6.2,48,Current,Good Loan,6134.47,190.17
LN100551,12-11-2024,31,Female,North,33900,26,MORTGAGE,High School,Education,821,0,35400,Approved,35170,6.01,48,Charged Off,Bad Loan,10989.76,330.24
LN100552,23-09-2024,30,Male,North,112700,3,MORTGAGE,Bachelor's,Car,814,0,9700,Approved,8700,4,60,Fully Paid,Good Loan,8700,174
LN100553,08-11-2023,33,Female,East,66800,3,MORTGAGE,High School,Medical,599,0,13100,Approved,11980,11.49,12,Current,Good Loan,7636.84,438.74
LN100554,15-12-2023,61,Male,West,37500,17,MORTGAGE,High School,Business,353,0,38800,Rejected,0,,60,Not Funded,N/A,0,0
LN100555,24-03-2022,35,Female,South,38900,22,MORTGAGE,Bachelor's,Business,461,1,22700,Rejected,0,,12,Not Funded,N/A,0,0
LN100556,02-04-2023,62,Female,South,55900,31,MORTGAGE,High School,Debt Consolidation,748,0,14500,Approved,13040,6.16,12,Charged Off,Bad Loan,4791.85,147.59
LN100557,01-01-2022,27,Female,Central,142700,11,MORTGAGE,Bachelor's,Home Improvement,510,0,34600,Approved,33920,14.65,48,Charged Off,Bad Loan,5263.34,385.54
LN100558,20-02-2022,60,Male,North,59600,19,RENT,High School,Business,746,0,30000,Approved,25780,4.65,12,Charged Off,Bad Loan,8356,194.28
LN100559,16-11-2023,48,Female,North,142100,11,MORTGAGE,High School,Business,369,0,23400,Approved,20600,18.03,12,Fully Paid,Good Loan,20600,1857.09
LN100560,18-12-2023,52,Female,South,80400,7,MORTGAGE,High School,Medical,600,0,35700,Approved,33610,11.23,24,Charged Off,Bad Loan,7629.9,428.42
LN100561,25-03-2023,55,Female,West,30700,21,RENT,Bachelor's,Debt Consolidation,367,0,4700,Rejected,0,,12,Not Funded,N/A,0,0
LN100562,30-05-2024,35,Male,East,102100,26,MORTGAGE,Bachelor's,Medical,581,0,16400,Approved,15660,14.25,48,Fully Paid,Good Loan,15660,1115.77
LN100563,03-05-2023,56,Female,South,35400,16,RENT,Master's,Medical,453,0,32600,Rejected,0,,48,Not Funded,N/A,0,0
LN100564,03-02-2022,41,Male,Central,41100,31,RENT,PhD,Personal,761,0,16100,Approved,14780,6.58,48,Charged Off,Bad Loan,2686.14,88.37
LN100565,05-04-2022,26,Female,West,61300,32,MORTGAGE,High School,Home Improvement,523,0,37100,Approved,32560,14.01,36,Fully Paid,Good Loan,32560,2280.83
LN100566,03-06-2022,21,Female,North,53500,30,RENT,High School,Debt Consolidation,667,0,6900,Approved,6890,11.04,60,Fully Paid,Good Loan,6890,380.33
LN100567,07-09-2022,24,Male,West,81000,5,MORTGAGE,Bachelor's,Medical,488,0,14100,Rejected,0,,12,Not Funded,N/A,0,0
LN100568,05-11-2023,31,Male,North,67900,8,MORTGAGE,High School,Business,685,1,17600,Rejected,0,,36,Not Funded,N/A,0,0
LN100569,14-03-2023,64,Male,West,51400,31,RENT,High School,Medical,340,0,27800,Rejected,0,,48,Not Funded,N/A,0,0
LN100570,28-04-2022,46,Female,North,116400,15,OWN,High School,Personal,816,0,8600,Approved,8360,6.83,48,Fully Paid,Good Loan,8360,285.49
LN100571,10-02-2024,57,Male,West,43800,11,RENT,Bachelor's,Debt Consolidation,429,1,1400,Rejected,0,,48,Not Funded,N/A,0,0
LN100572,25-09-2022,43,Male,South,34500,2,MORTGAGE,Bachelor's,Home Improvement,321,0,39100,Rejected,0,,12,Not Funded,N/A,0,0
LN100573,13-12-2024,49,Male,Central,66700,26,MORTGAGE,PhD,Debt Consolidation,340,0,36100,Rejected,0,,36,Not Funded,N/A,0,0
LN100574,24-08-2022,41,Female,South,53700,26,MORTGAGE,Bachelor's,Car,452,0,12700,Approved,11040,16.56,36,Current,Good Loan,9431.6,780.94
LN100575,24-01-2023,47,Male,East,60500,8,OWN,Bachelor's,Debt Consolidation,649,0,19900,Approved,19680,11.05,24,Current,Good Loan,13680.14,755.83
LN100576,16-09-2024,59,Female,South,75500,16,MORTGAGE,Bachelor's,Debt Consolidation,308,0,20100,Rejected,0,,60,Not Funded,N/A,0,0
LN100577,02-02-2024,60,Male,Central,49800,4,OWN,High School,Debt Consolidation,346,0,34900,Rejected,0,,48,Not Funded,N/A,0,0
LN100578,05-02-2023,33,Female,West,125000,25,RENT,High School,Medical,629,0,24300,Approved,22600,13.18,24,Charged Off,Bad Loan,1786.5,117.73
LN100579,16-09-2023,43,Female,South,61000,20,MORTGAGE,Master's,Education,302,0,33200,Rejected,0,,12,Not Funded,N/A,0,0
LN100580,06-02-2024,36,Male,Central,44200,0,MORTGAGE,High School,Home Improvement,708,0,36600,Rejected,0,,24,Not Funded,N/A,0,0
LN100581,07-07-2024,50,Male,South,70600,0,OWN,High School,Debt Consolidation,335,0,23100,Rejected,0,,48,Not Funded,N/A,0,0
LN100582,02-05-2024,24,Female,West,52100,34,OWN,High School,Home Improvement,542,0,12100,Rejected,0,,24,Not Funded,N/A,0,0
LN100583,01-08-2023,60,Male,West,57000,8,OWN,High School,Medical,733,0,20400,Approved,17970,8.22,48,Fully Paid,Good Loan,17970,738.57
LN100584,16-03-2022,36,Male,North,32900,22,MORTGAGE,High School,Home Improvement,717,0,34200,Approved,30370,7.57,24,Fully Paid,Good Loan,30370,1149.5
LN100585,11-03-2023,51,Female,Central,34700,3,RENT,Bachelor's,Business,518,0,23800,Approved,21170,13.48,48,Fully Paid,Good Loan,21170,1426.86
LN100586,13-04-2022,62,Female,South,87400,18,RENT,High School,Education,500,0,35900,Rejected,0,,36,Not Funded,N/A,0,0
LN100587,03-02-2024,45,Male,North,31100,4,RENT,Bachelor's,Personal,693,0,35900,Approved,35080,10.56,24,Fully Paid,Good Loan,35080,1852.22
LN100588,08-01-2024,64,Male,Central,51300,27,RENT,Master's,Debt Consolidation,838,0,15600,Approved,13630,6.1,36,Charged Off,Bad Loan,3699.76,112.84
LN100589,16-03-2024,32,Male,West,62700,22,RENT,Master's,Home Improvement,568,0,18500,Approved,18030,12.81,60,Fully Paid,Good Loan,18030,1154.82
LN100590,08-04-2022,46,Male,North,102300,22,RENT,Bachelor's,Home Improvement,423,1,27400,Rejected,0,,60,Not Funded,N/A,0,0
LN100591,08-03-2024,57,Female,North,43600,17,RENT,Bachelor's,Business,699,1,5300,Rejected,0,,60,Not Funded,N/A,0,0
LN100592,08-05-2024,53,Female,West,76200,28,OWN,High School,Education,580,0,19200,Approved,17650,12.91,24,Fully Paid,Good Loan,17650,1139.31
LN100593,11-03-2023,48,Female,North,51300,27,RENT,Master's,Business,732,0,6800,Rejected,0,,60,Not Funded,N/A,0,0
LN100594,23-03-2023,29,Male,Central,20300,8,RENT,Bachelor's,Car,699,0,34100,Approved,32730,7.33,36,Fully Paid,Good Loan,32730,1199.55
LN100595,06-09-2022,32,Male,West,55300,9,MORTGAGE,Bachelor's,Business,301,0,37800,Rejected,0,,36,Not Funded,N/A,0,0
LN100596,15-06-2022,25,Male,South,52600,1,MORTGAGE,Bachelor's,Home Improvement,628,0,6500,Approved,6280,10.8,60,Fully Paid,Good Loan,6280,339.12
LN100597,10-09-2024,48,Male,South,65600,12,RENT,Bachelor's,Medical,682,0,27000,Approved,22980,9.85,60,Fully Paid,Good Loan,22980,1131.76
LN100598,16-10-2024,55,Female,East,40600,26,RENT,Bachelor's,Home Improvement,377,1,25800,Rejected,0,,12,Not Funded,N/A,0,0
LN100599,26-06-2023,25,Male,South,42600,19,RENT,Bachelor's,Business,631,0,30600,Approved,28420,11.61,12,Charged Off,Bad Loan,3258.93,189.18
LN100600,29-01-2024,54,Female,West,93000,9,RENT,Bachelor's,Personal,462,0,28100,Approved,24890,14.93,24,Current,Good Loan,11849.4,884.56
LN100601,22-03-2022,54,Female,Central,46600,15,RENT,Master's,Medical,449,0,9500,Rejected,0,,12,Not Funded,N/A,0,0
LN100602,13-05-2022,33,Female,East,22900,14,MORTGAGE,Bachelor's,Car,804,0,12400,Approved,11410,8.06,36,Current,Good Loan,2357.31,95
LN100603,07-03-2024,59,Female,South,67600,12,MORTGAGE,High School,Business,449,0,7400,Rejected,0,,36,Not Funded,N/A,0,0
LN100604,18-06-2024,62,Female,South,79900,19,MORTGAGE,Bachelor's,Home Improvement,346,0,36900,Rejected,0,,24,Not Funded,N/A,0,0
LN100605,18-05-2022,34,Male,West,79600,23,RENT,PhD,Personal,661,0,21400,Approved,19590,6.8,24,Current,Good Loan,4257.81,144.77
LN100606,03-07-2022,31,Male,West,41100,6,RENT,High School,Debt Consolidation,673,0,39100,Approved,37730,9.02,48,Fully Paid,Good Loan,37730,1701.62
LN100607,24-02-2024,62,Male,West,54200,22,RENT,Master's,Car,394,0,18500,Rejected,0,,12,Not Funded,N/A,0,0
LN100608,10-09-2024,58,Male,North,68800,23,RENT,Bachelor's,Personal,400,2,22600,Rejected,0,,48,Not Funded,N/A,0,0
LN100609,10-03-2022,24,Female,Central,83600,28,MORTGAGE,Bachelor's,Car,689,0,31800,Approved,31650,8.96,60,Fully Paid,Good Loan,31650,1417.92
LN100610,30-06-2023,53,Female,South,67900,4,OWN,Master's,Debt Consolidation,381,0,32100,Approved,31480,17.65,36,Current,Good Loan,7585.65,669.43
LN100611,22-02-2022,27,Male,West,76800,34,RENT,Master's,Car,712,0,10000,Approved,9890,10.78,24,Charged Off,Bad Loan,3796.9,204.65
LN100612,24-07-2022,61,Male,West,39000,0,OWN,Master's,Education,302,0,12200,Rejected,0,,60,Not Funded,N/A,0,0
LN100613,06-05-2022,28,Male,West,19300,17,OWN,High School,Education,312,1,4800,Rejected,0,,48,Not Funded,N/A,0,0
LN100614,12-02-2022,57,Female,South,87000,5,RENT,High School,Medical,463,0,32400,Rejected,0,,60,Not Funded,N/A,0,0
LN100615,21-04-2022,30,Female,East,35400,22,RENT,Bachelor's,Business,644,2,32000,Rejected,0,,60,Not Funded,N/A,0,0
LN100616,31-01-2024,63,Female,North,50200,9,RENT,Master's,Debt Consolidation,465,0,4200,Approved,4000,13.88,24,Charged Off,Bad Loan,269.41,18.7
LN100617,27-04-2024,35,Male,West,77900,6,MORTGAGE,Master's,Business,374,0,11000,Rejected,0,,12,Not Funded,N/A,0,0
LN100618,05-04-2022,58,Male,North,54800,7,RENT,High School,Debt Consolidation,359,0,18500,Rejected,0,,24,Not Funded,N/A,0,0
LN100619,18-06-2024,35,Female,South,74300,12,RENT,High School,Education,681,0,22100,Approved,21480,11.45,24,Fully Paid,Good Loan,21480,1229.73
LN100620,26-12-2022,25,Female,North,163500,29,OWN,Master's,Business,372,0,21400,Rejected,0,,12,Not Funded,N/A,0,0
LN100621,18-06-2024,49,Male,West,69400,17,RENT,Bachelor's,Business,422,2,39300,Rejected,0,,12,Not Funded,N/A,0,0
LN100622,08-10-2022,39,Female,East,39000,13,RENT,Bachelor's,Debt Consolidation,766,0,30800,Approved,30490,7.7,24,Fully Paid,Good Loan,30490,1173.86
LN100623,29-10-2023,30,Male,West,28200,10,MORTGAGE,Master's,Debt Consolidation,588,0,5400,Approved,5170,10.86,12,Fully Paid,Good Loan,5170,280.73
LN100624,03-04-2022,32,Female,West,73500,12,OWN,High School,Education,815,0,12400,Approved,11280,5.86,36,Current,Good Loan,4547.64,133.25
LN100625,03-11-2023,24,Female,West,56200,32,RENT,High School,Education,780,0,14500,Approved,12790,5.22,60,Fully Paid,Good Loan,12790,333.82
LN100626,02-03-2022,51,Female,North,29100,12,RENT,Master's,Business,536,0,13300,Approved,11850,12.55,60,Current,Good Loan,8011.46,502.72
LN100627,26-09-2023,38,Male,West,92100,24,MORTGAGE,High School,Medical,471,0,31700,Approved,28830,18.03,48,Charged Off,Bad Loan,1933.88,174.34
LN100628,10-12-2024,36,Male,East,75000,23,MORTGAGE,High School,Business,684,0,15100,Approved,14510,10.81,24,Fully Paid,Good Loan,14510,784.27
LN100629,25-10-2024,60,Female,North,53900,28,OWN,High School,Car,745,0,20200,Approved,17290,7.05,60,Fully Paid,Good Loan,17290,609.47
LN100630,27-08-2023,56,Female,North,144900,5,RENT,Bachelor's,Debt Consolidation,506,0,21800,Rejected,0,,60,Not Funded,N/A,0,0
LN100631,13-11-2023,45,Male,South,85900,17,MORTGAGE,High School,Debt Consolidation,449,0,11500,Approved,11080,16.8,60,Current,Good Loan,3634.01,305.26
LN100632,18-06-2023,43,Female,North,34700,27,RENT,Bachelor's,Debt Consolidation,450,0,13600,Rejected,0,,12,Not Funded,N/A,0,0
LN100633,17-04-2024,32,Male,South,91800,4,OWN,PhD,Debt Consolidation,412,1,31400,Rejected,0,,12,Not Funded,N/A,0,0
LN100634,07-10-2023,54,Female,North,60800,17,RENT,High School,Personal,531,0,34800,Rejected,0,,60,Not Funded,N/A,0,0
LN100635,21-08-2022,56,Female,East,127000,6,RENT,Master's,Personal,787,0,2400,Approved,2140,6.63,36,Charged Off,Bad Loan,698.89,23.17
LN100636,08-06-2023,57,Male,North,82800,8,RENT,High School,Car,682,0,24600,Approved,21310,8.62,12,Fully Paid,Good Loan,21310,918.46
LN100637,12-12-2022,23,Male,South,67400,34,RENT,High School,Home Improvement,673,0,25700,Approved,25000,10.13,60,Fully Paid,Good Loan,25000,1266.25
LN100638,05-12-2024,29,Male,Central,65700,11,RENT,Bachelor's,Home Improvement,546,0,29800,Approved,27610,13.43,48,Fully Paid,Good Loan,27610,1854.01
LN100639,30-06-2023,38,Male,East,31700,23,RENT,PhD,Medical,439,1,28100,Rejected,0,,60,Not Funded,N/A,0,0
LN100640,04-03-2024,63,Male,South,43000,8,RENT,Master's,Business,701,0,35200,Approved,30020,9.57,24,Fully Paid,Good Loan,30020,1436.46
LN100641,06-09-2022,55,Female,East,59500,11,RENT,High School,Personal,424,0,4100,Rejected,0,,60,Not Funded,N/A,0,0
LN100642,16-02-2022,54,Female,North,29200,8,MORTGAGE,High School,Debt Consolidation,655,0,16100,Approved,15500,8.95,24,Fully Paid,Good Loan,15500,693.62
LN100643,02-08-2022,61,Male,North,66900,21,RENT,Master's,Home Improvement,538,0,31500,Approved,30400,13.37,48,Fully Paid,Good Loan,30400,2032.24
LN100644,27-08-2022,34,Male,North,38800,16,MORTGAGE,High School,Personal,812,0,34000,Approved,29990,5.9,48,Current,Good Loan,11073.86,326.68
LN100645,15-12-2024,24,Male,Central,45400,32,MORTGAGE,Bachelor's,Personal,831,1,11300,Approved,11290,5.46,36,Fully Paid,Good Loan,11290,308.22
LN100646,16-12-2022,49,Male,West,74600,23,RENT,High School,Car,572,0,23800,Approved,22260,15.22,60,Current,Good Loan,14679.85,1117.14
LN100647,17-04-2022,61,Male,West,42200,14,RENT,Bachelor's,Home Improvement,476,0,8000,Rejected,0,,12,Not Funded,N/A,0,0
LN100648,10-04-2024,35,Female,Central,66900,28,MORTGAGE,Bachelor's,Car,705,0,34200,Approved,31090,10.92,36,Current,Good Loan,12008.28,655.65
LN100649,17-02-2022,48,Female,Central,57800,31,RENT,Bachelor's,Debt Consolidation,413,0,29500,Rejected,0,,36,Not Funded,N/A,0,0
LN100650,03-12-2022,62,Male,West,33600,32,RENT,Master's,Debt Consolidation,326,0,9700,Rejected,0,,24,Not Funded,N/A,0,0
LN100651,15-11-2024,36,Female,West,80500,28,RENT,High School,Business,717,0,25300,Approved,24360,8.32,36,Current,Good Loan,10771.9,448.11
LN100652,14-03-2024,32,Female,South,82400,14,RENT,Bachelor's,Car,761,1,20900,Approved,19050,9.28,36,Current,Good Loan,5638.53,261.63
LN100653,08-01-2022,25,Male,North,84500,26,RENT,Bachelor's,Debt Consolidation,479,0,11100,Rejected,0,,36,Not Funded,N/A,0,0
LN100654,17-09-2023,54,Female,East,127800,33,OWN,High School,Business,546,0,35800,Approved,32990,14.45,24,Fully Paid,Good Loan,32990,2383.53
LN100655,20-12-2023,62,Female,East,45000,3,OWN,High School,Education,799,0,6800,Approved,6700,7.03,48,Fully Paid,Good Loan,6700,235.5
LN100656,30-10-2022,21,Female,Central,22500,17,OWN,High School,Business,616,0,19200,Rejected,0,,36,Not Funded,N/A,0,0
LN100657,01-10-2023,59,Male,South,40300,20,RENT,High School,Debt Consolidation,733,0,23700,Approved,20340,7.94,48,Fully Paid,Good Loan,20340,807.5
LN100658,25-02-2022,52,Female,West,83400,7,OWN,PhD,Debt Consolidation,532,1,33100,Rejected,0,,48,Not Funded,N/A,0,0
LN100659,27-12-2023,46,Female,East,52200,5,MORTGAGE,Bachelor's,Car,668,0,6900,Approved,6690,9.9,24,Fully Paid,Good Loan,6690,331.16
LN100660,10-06-2023,37,Male,North,28800,19,MORTGAGE,Bachelor's,Business,467,0,24800,Rejected,0,,48,Not Funded,N/A,0,0
LN100661,19-04-2023,47,Male,East,25400,1,MORTGAGE,Bachelor's,Medical,367,0,1300,Rejected,0,,24,Not Funded,N/A,0,0
LN100662,28-01-2022,44,Male,East,102700,21,RENT,Bachelor's,Home Improvement,850,0,33100,Approved,32430,5.1,36,Fully Paid,Good Loan,32430,826.96
LN100663,19-03-2022,55,Female,East,71200,20,OWN,Bachelor's,Debt Consolidation,644,0,10200,Approved,10170,9.67,12,Current,Good Loan,6298.81,304.55
LN100664,31-12-2022,62,Male,East,43300,5,MORTGAGE,Bachelor's,Debt Consolidation,829,0,29100,Approved,28270,6.06,24,Fully Paid,Good Loan,28270,856.58
LN100665,28-10-2023,59,Female,North,126400,31,OWN,Bachelor's,Debt Consolidation,351,0,24500,Rejected,0,,12,Not Funded,N/A,0,0
LN100666,10-06-2023,46,Male,South,178400,5,RENT,High School,Debt Consolidation,744,2,3000,Rejected,0,,36,Not Funded,N/A,0,0
LN100667,30-11-2023,58,Male,East,86300,12,OWN,Master's,Debt Consolidation,439,0,8100,Approved,7010,14.17,12,Current,Good Loan,5899.56,417.98
LN100668,01-06-2024,43,Male,East,76100,0,RENT,Master's,Education,708,0,11400,Approved,10840,8.24,60,Fully Paid,Good Loan,10840,446.61
LN100669,27-10-2024,42,Male,East,68700,21,RENT,Bachelor's,Car,634,1,35600,Rejected,0,,60,Not Funded,N/A,0,0
LN100670,23-10-2024,24,Male,North,79600,23,MORTGAGE,Bachelor's,Car,580,0,19800,Rejected,0,,36,Not Funded,N/A,0,0
LN100671,07-07-2024,29,Male,North,130800,29,MORTGAGE,Bachelor's,Personal,704,0,36600,Approved,35180,8.52,48,Fully Paid,Good Loan,35180,1498.67
LN100672,20-01-2024,24,Male,South,35000,21,MORTGAGE,Bachelor's,Education,421,0,2900,Rejected,0,,48,Not Funded,N/A,0,0
LN100673,29-12-2022,27,Male,South,46500,11,MORTGAGE,High School,Debt Consolidation,759,0,1300,Approved,1230,5.64,24,Current,Good Loan,844.54,23.82
LN100674,16-03-2024,43,Male,East,53000,25,RENT,High School,Home Improvement,338,0,38000,Rejected,0,,60,Not Funded,N/A,0,0
LN100675,09-01-2024,22,Male,Central,70200,3,MORTGAGE,Master's,Debt Consolidation,374,1,29200,Rejected,0,,24,Not Funded,N/A,0,0
LN100676,04-11-2024,44,Female,North,109600,18,RENT,Bachelor's,Medical,516,0,31500,Approved,29780,14.55,36,Charged Off,Bad Loan,2010.92,146.29
LN100677,30-04-2023,60,Female,North,65200,15,MORTGAGE,High School,Debt Consolidation,545,0,36700,Rejected,0,,12,Not Funded,N/A,0,0
LN100678,28-01-2022,51,Female,South,71800,11,RENT,Bachelor's,Debt Consolidation,717,0,39400,Approved,34410,7.89,60,Fully Paid,Good Loan,34410,1357.47
LN100679,15-12-2023,51,Male,South,73500,32,RENT,Bachelor's,Debt Consolidation,502,1,4800,Rejected,0,,48,Not Funded,N/A,0,0
LN100680,28-11-2024,60,Male,East,54700,20,OWN,Bachelor's,Personal,818,0,7200,Approved,6320,6.39,24,Current,Good Loan,1286.07,41.09
LN100681,27-03-2022,63,Male,West,44900,8,RENT,Bachelor's,Medical,595,0,8400,Approved,7670,15.24,12,Fully Paid,Good Loan,7670,584.45
LN100682,06-05-2022,54,Male,West,56000,7,MORTGAGE,Bachelor's,Home Improvement,749,0,32900,Approved,30570,6.48,48,Current,Good Loan,6536.22,211.77
LN100683,22-03-2024,44,Female,North,40400,19,RENT,PhD,Home Improvement,527,0,14900,Approved,13370,14.5,48,Fully Paid,Good Loan,13370,969.32
LN100684,21-06-2023,46,Male,Central,40700,9,RENT,Master's,Debt Consolidation,402,1,24100,Rejected,0,,36,Not Funded,N/A,0,0
LN100685,25-05-2022,36,Male,North,63900,31,MORTGAGE,Master's,Debt Consolidation,391,0,34400,Rejected,0,,48,Not Funded,N/A,0,0
LN100686,25-01-2022,33,Male,East,43700,27,RENT,Bachelor's,Home Improvement,656,0,27600,Approved,26420,10.7,48,Current,Good Loan,11096.19,593.65
LN100687,08-03-2022,35,Female,West,124400,9,MORTGAGE,Bachelor's,Home Improvement,445,0,3600,Approved,3560,15.95,48,Fully Paid,Good Loan,3560,283.91
LN100688,21-08-2022,47,Female,West,57900,7,OWN,Bachelor's,Education,566,0,18400,Rejected,0,,12,Not Funded,N/A,0,0
LN100689,19-04-2022,24,Male,South,99900,32,MORTGAGE,Bachelor's,Home Improvement,418,0,3600,Approved,3590,17.74,12,Current,Good Loan,1574.85,139.69
LN100690,21-04-2022,36,Male,South,30900,12,OWN,Master's,Personal,802,1,19700,Rejected,0,,48,Not Funded,N/A,0,0
LN100691,16-08-2022,50,Female,East,31400,34,MORTGAGE,High School,Home Improvement,563,0,9600,Rejected,0,,36,Not Funded,N/A,0,0
LN100692,21-04-2022,64,Female,North,51500,28,MORTGAGE,Master's,Personal,575,0,1100,Rejected,0,,48,Not Funded,N/A,0,0
LN100693,03-02-2022,50,Male,North,82600,4,MORTGAGE,Bachelor's,Medical,358,0,32700,Rejected,0,,60,Not Funded,N/A,0,0
LN100694,15-09-2023,56,Male,East,43500,2,MORTGAGE,High School,Car,646,0,38800,Approved,33860,11.49,60,Current,Good Loan,8101.14,465.41
LN100695,18-01-2024,23,Female,South,51800,5,MORTGAGE,Bachelor's,Medical,485,0,38600,Rejected,0,,24,Not Funded,N/A,0,0
LN100696,18-08-2023,42,Female,West,85000,15,RENT,High School,Business,414,0,12700,Approved,12040,18.29,60,Charged Off,Bad Loan,1951.67,178.48
LN100697,01-03-2023,42,Male,North,45500,34,RENT,High School,Business,661,0,33300,Approved,29770,10.81,24,Current,Good Loan,9991.35,540.03
LN100698,05-09-2023,32,Female,West,38500,17,RENT,Master's,Debt Consolidation,535,0,27500,Rejected,0,,24,Not Funded,N/A,0,0
LN100699,23-11-2023,41,Female,North,74500,10,RENT,Bachelor's,Debt Consolidation,741,0,32200,Approved,30040,9.02,24,Fully Paid,Good Loan,30040,1354.8
LN100700,11-11-2022,24,Female,Central,30100,22,RENT,High School,Debt Consolidation,562,0,34000,Rejected,0,,24,Not Funded,N/A,0,0
LN100701,26-05-2024,51,Female,South,45800,10,MORTGAGE,Master's,Home Improvement,350,0,39200,Rejected,0,,48,Not Funded,N/A,0,0
LN100702,24-10-2023,64,Female,East,57000,28,RENT,High School,Debt Consolidation,650,0,6900,Approved,6010,10.12,12,Current,Good Loan,4277.38,216.44
LN100703,04-10-2022,51,Male,Central,68700,26,MORTGAGE,Bachelor's,Home Improvement,716,0,31000,Approved,27330,8.33,60,Current,Good Loan,6029.7,251.14
LN100704,16-09-2023,43,Female,South,78400,8,MORTGAGE,High School,Car,312,0,29600,Rejected,0,,60,Not Funded,N/A,0,0
LN100705,31-05-2023,40,Male,North,84200,34,RENT,High School,Car,693,0,12200,Approved,11790,9.88,60,Fully Paid,Good Loan,11790,582.43
LN100706,22-04-2024,35,Female,South,47300,8,RENT,High School,Education,831,0,16300,Approved,14350,6.02,24,Fully Paid,Good Loan,14350,431.94
LN100707,16-12-2022,43,Male,South,83400,17,RENT,Master's,Debt Consolidation,512,0,7900,Approved,7010,14.2,36,Fully Paid,Good Loan,7010,497.71
LN100708,02-04-2024,48,Female,East,68000,20,MORTGAGE,PhD,Debt Consolidation,569,0,36600,Approved,34610,13.64,12,Fully Paid,Good Loan,34610,2360.4
LN100709,29-01-2024,36,Male,South,74900,0,MORTGAGE,Master's,Debt Consolidation,339,0,35300,Rejected,0,,36,Not Funded,N/A,0,0
LN100710,17-06-2024,57,Male,Central,40700,26,MORTGAGE,Bachelor's,Business,480,0,24900,Approved,22350,13.31,36,Current,Good Loan,8992.9,598.48
LN100711,31-08-2022,41,Male,East,73100,28,RENT,Bachelor's,Personal,564,0,21000,Approved,19510,12.02,60,Charged Off,Bad Loan,2576.17,154.83
LN100712,27-06-2023,35,Female,North,50600,18,MORTGAGE,Bachelor's,Debt Consolidation,405,0,10100,Rejected,0,,36,Not Funded,N/A,0,0
LN100713,29-11-2024,37,Female,West,55400,23,MORTGAGE,Bachelor's,Business,786,0,31800,Approved,30710,6.31,48,Current,Good Loan,9531.04,300.7
LN100714,17-08-2022,57,Female,South,58400,0,RENT,Bachelor's,Education,703,1,1300,Rejected,0,,36,Not Funded,N/A,0,0
LN100715,02-07-2023,33,Male,South,140200,22,MORTGAGE,PhD,Debt Consolidation,689,1,19000,Rejected,0,,36,Not Funded,N/A,0,0
LN100716,08-07-2024,39,Male,South,35900,12,MORTGAGE,High School,Personal,422,0,34600,Rejected,0,,60,Not Funded,N/A,0,0
LN100717,06-01-2022,50,Female,East,92500,29,RENT,Bachelor's,Home Improvement,336,0,25100,Rejected,0,,36,Not Funded,N/A,0,0
LN100718,13-04-2023,38,Female,South,103100,10,MORTGAGE,Bachelor's,Personal,802,0,25800,Approved,24310,5.11,24,Charged Off,Bad Loan,7593.11,194
LN100719,16-03-2022,34,Female,East,78600,6,RENT,Bachelor's,Business,826,0,3800,Approved,3400,6.21,12,Fully Paid,Good Loan,3400,105.57
LN100720,04-01-2022,56,Female,North,42600,34,RENT,Bachelor's,Debt Consolidation,391,0,12200,Approved,11650,16.75,48,Charged Off,Bad Loan,2518.62,210.93
LN100721,08-10-2023,56,Female,Central,116200,10,RENT,Bachelor's,Home Improvement,399,1,27300,Rejected,0,,12,Not Funded,N/A,0,0
LN100722,28-04-2022,40,Male,West,46700,20,RENT,High School,Debt Consolidation,754,0,2900,Approved,2750,9.58,24,Fully Paid,Good Loan,2750,131.72
LN100723,30-05-2024,39,Female,South,73800,2,RENT,Bachelor's,Home Improvement,693,0,13900,Approved,13290,7.5,36,Fully Paid,Good Loan,13290,498.38
LN100724,19-05-2023,64,Female,West,57200,29,MORTGAGE,Bachelor's,Personal,804,0,14800,Approved,14480,6.63,60,Fully Paid,Good Loan,14480,480.01
LN100725,04-08-2024,27,Female,East,45900,23,OWN,Bachelor's,Medical,416,1,20500,Rejected,0,,12,Not Funded,N/A,0,0
LN100726,28-07-2023,64,Female,North,69300,2,MORTGAGE,Master's,Education,790,0,15100,Approved,14020,7.86,36,Fully Paid,Good Loan,14020,550.99
LN100727,13-07-2022,24,Male,North,126200,32,RENT,Bachelor's,Business,641,0,18700,Approved,18090,10.79,12,Charged Off,Bad Loan,3941.44,212.64
LN100728,26-04-2024,54,Male,North,60800,21,OWN,High School,Home Improvement,725,2,22300,Rejected,0,,36,Not Funded,N/A,0,0
LN100729,16-12-2023,22,Male,West,132000,30,RENT,High School,Debt Consolidation,769,0,6000,Approved,5710,8.63,60,Fully Paid,Good Loan,5710,246.39
LN100730,15-11-2024,25,Male,East,49900,11,RENT,High School,Debt Consolidation,433,0,8000,Rejected,0,,24,Not Funded,N/A,0,0
LN100731,22-06-2022,30,Female,South,56100,13,MORTGAGE,High School,Debt Consolidation,479,0,33500,Rejected,0,,12,Not Funded,N/A,0,0
LN100732,22-11-2022,52,Female,North,31200,11,MORTGAGE,Bachelor's,Home Improvement,511,0,18900,Rejected,0,,48,Not Funded,N/A,0,0
LN100733,15-04-2024,62,Male,East,42100,26,RENT,Bachelor's,Business,817,0,14900,Approved,13460,6.06,24,Current,Good Loan,5365.52,162.58
LN100734,25-12-2023,61,Male,East,49100,12,MORTGAGE,Bachelor's,Debt Consolidation,712,0,17900,Approved,15440,8.94,60,Fully Paid,Good Loan,15440,690.17
LN100735,13-08-2022,33,Female,West,46700,23,RENT,Master's,Personal,656,0,7800,Approved,6990,8.47,48,Current,Good Loan,1790.8,75.84
LN100736,16-06-2023,59,Female,Central,35200,8,MORTGAGE,High School,Debt Consolidation,752,0,10400,Approved,9000,8.38,36,Current,Good Loan,4304.52,180.36
LN100737,23-04-2022,25,Male,South,38500,7,MORTGAGE,High School,Debt Consolidation,734,0,21100,Approved,19010,8.85,12,Fully Paid,Good Loan,19010,841.19
LN100738,20-05-2022,30,Female,South,47600,14,MORTGAGE,High School,Education,376,1,15000,Rejected,0,,48,Not Funded,N/A,0,0
LN100739,13-07-2023,30,Male,South,92400,6,OWN,Master's,Medical,582,0,19500,Approved,17860,12.76,24,Current,Good Loan,4198.61,267.87
LN100740,01-01-2022,58,Male,West,27600,23,MORTGAGE,Bachelor's,Personal,836,0,6800,Approved,6570,6.29,48,Fully Paid,Good Loan,6570,206.63
LN100741,31-03-2022,47,Male,North,21200,15,RENT,Bachelor's,Business,720,0,7100,Approved,6110,9.1,60,Current,Good Loan,3276.06,149.06
LN100742,16-10-2023,41,Male,South,24500,23,MORTGAGE,High School,Debt Consolidation,450,0,16000,Rejected,0,,48,Not Funded,N/A,0,0
LN100743,16-11-2022,28,Male,West,37000,6,RENT,Bachelor's,Personal,802,0,15800,Approved,13530,6.71,12,Current,Good Loan,7498.03,251.56
LN100744,19-05-2022,21,Female,North,72200,27,OWN,Bachelor's,Personal,814,0,35400,Approved,34790,7.46,12,Fully Paid,Good Loan,34790,1297.67
LN100745,24-04-2024,48,Female,South,46200,1,MORTGAGE,Bachelor's,Personal,634,1,2300,Approved,2270,12.65,36,Fully Paid,Good Loan,2270,143.58
LN100746,16-09-2022,59,Male,East,45900,33,RENT,Bachelor's,Car,711,1,39700,Approved,36680,7.61,48,Current,Good Loan,11648.87,443.24
LN100747,20-06-2024,34,Male,North,45400,2,MORTGAGE,Bachelor's,Debt Consolidation,554,0,38300,Rejected,0,,48,Not Funded,N/A,0,0
LN100748,21-11-2023,41,Male,South,23300,0,RENT,High School,Car,517,2,22100,Rejected,0,,60,Not Funded,N/A,0,0
LN100749,10-01-2022,50,Female,East,79800,30,RENT,Bachelor's,Personal,507,0,29000,Approved,26130,15.03,12,Current,Good Loan,7367.31,553.65
LN100750,18-09-2022,41,Female,South,97700,22,MORTGAGE,PhD,Business,589,0,37500,Approved,33250,11.35,24,Fully Paid,Good Loan,33250,1886.94
LN100751,21-06-2022,29,Male,North,46600,19,RENT,Bachelor's,Medical,584,0,10800,Approved,10410,12.33,36,Charged Off,Bad Loan,1232.11,75.96
LN100752,16-06-2024,37,Male,Central,56300,15,OWN,High School,Education,815,0,13300,Approved,12160,6.9,48,Fully Paid,Good Loan,12160,419.52
LN100753,13-01-2022,25,Female,North,57100,31,RENT,High School,Debt Consolidation,531,0,5300,Approved,5240,16,36,Current,Good Loan,4393.12,351.45
LN100754,17-11-2022,51,Male,West,33500,16,MORTGAGE,Master's,Business,631,0,23000,Approved,22920,13.8,48,Current,Good Loan,18220.73,1257.23
LN100755,25-11-2022,60,Male,North,44400,17,MORTGAGE,Bachelor's,Car,506,0,7200,Rejected,0,,48,Not Funded,N/A,0,0
LN100756,24-02-2024,58,Female,South,121000,3,OWN,Master's,Business,660,0,37300,Approved,34840,11.2,60,Current,Good Loan,8294.03,464.47
LN100757,16-02-2024,63,Male,North,54100,34,RENT,Bachelor's,Business,650,0,17800,Approved,16560,9.7,48,Charged Off,Bad Loan,5811.06,281.84
LN100758,29-06-2024,39,Male,North,59900,22,MORTGAGE,Bachelor's,Business,672,1,36900,Approved,36170,11.24,36,Charged Off,Bad Loan,13886.41,780.42
LN100759,14-11-2022,56,Male,North,39700,14,MORTGAGE,High School,Debt Consolidation,400,0,9000,Rejected,0,,36,Not Funded,N/A,0,0
LN100760,24-08-2022,53,Male,South,44600,12,MORTGAGE,High School,Education,843,0,28100,Approved,26450,4.37,60,Current,Good Loan,10234.08,223.61
LN100761,30-11-2022,33,Female,East,72500,13,RENT,Bachelor's,Business,769,0,26300,Approved,25030,7,60,Fully Paid,Good Loan,25030,876.05
LN100762,11-01-2023,34,Female,North,37100,13,MORTGAGE,PhD,Debt Consolidation,430,0,16600,Rejected,0,,36,Not Funded,N/A,0,0
LN100763,11-08-2023,53,Female,Central,112300,4,OWN,High School,Car,828,0,36000,Approved,35790,5.16,36,Current,Good Loan,20357.19,525.22
LN100764,28-05-2023,49,Female,South,26200,21,MORTGAGE,Bachelor's,Personal,776,2,18000,Rejected,0,,48,Not Funded,N/A,0,0
LN100765,06-07-2024,63,Female,South,40700,27,MORTGAGE,Bachelor's,Debt Consolidation,547,1,8700,Rejected,0,,12,Not Funded,N/A,0,0
LN100766,22-05-2024,56,Female,North,27800,3,MORTGAGE,Bachelor's,Education,674,0,39100,Approved,35670,9,36,Charged Off,Bad Loan,12525.19,563.63
LN100767,27-09-2022,64,Female,East,98300,28,RENT,Bachelor's,Home Improvement,695,1,18200,Approved,15890,10.04,24,Fully Paid,Good Loan,15890,797.68
LN100768,08-03-2024,30,Male,West,53300,34,OWN,Bachelor's,Business,377,1,9100,Rejected,0,,12,Not Funded,N/A,0,0
LN100769,26-12-2023,51,Male,East,47600,19,MORTGAGE,Master's,Home Improvement,340,0,15200,Rejected,0,,24,Not Funded,N/A,0,0
LN100770,05-01-2022,26,Female,South,64800,34,RENT,Bachelor's,Business,557,0,24900,Approved,22880,11.85,12,Current,Good Loan,13693.04,811.31
LN100771,30-04-2024,21,Female,South,101700,34,RENT,Master's,Home Improvement,480,0,21000,Rejected,0,,36,Not Funded,N/A,0,0
LN100772,19-03-2022,27,Male,West,59700,19,RENT,Bachelor's,Debt Consolidation,589,0,25800,Approved,22710,11.98,60,Fully Paid,Good Loan,22710,1360.33
LN100773,28-07-2023,47,Female,North,90600,1,MORTGAGE,Bachelor's,Home Improvement,424,0,26800,Rejected,0,,60,Not Funded,N/A,0,0
LN100774,12-05-2022,41,Female,South,47500,17,MORTGAGE,High School,Education,767,1,5800,Approved,5670,6.9,36,Current,Good Loan,3210.04,110.75
LN100775,24-08-2023,48,Male,North,35200,29,OWN,Bachelor's,Debt Consolidation,534,0,13300,Rejected,0,,12,Not Funded,N/A,0,0
LN100776,01-12-2024,36,Female,South,60100,28,OWN,High School,Home Improvement,799,0,30200,Approved,26390,4,36,Fully Paid,Good Loan,26390,527.8
LN100777,30-03-2022,43,Male,North,39600,21,RENT,Bachelor's,Debt Consolidation,373,0,26400,Rejected,0,,12,Not Funded,N/A,0,0
LN100778,06-02-2023,40,Female,Central,73900,28,MORTGAGE,High School,Home Improvement,304,0,4400,Rejected,0,,36,Not Funded,N/A,0,0
LN100779,23-10-2022,58,Male,West,45100,9,MORTGAGE,Master's,Debt Consolidation,417,0,13300,Rejected,0,,24,Not Funded,N/A,0,0
LN100780,08-09-2023,45,Female,East,52200,19,RENT,Bachelor's,Home Improvement,613,0,37300,Rejected,0,,36,Not Funded,N/A,0,0
LN100781,10-03-2024,48,Male,South,19800,15,MORTGAGE,Master's,Car,500,0,34600,Rejected,0,,12,Not Funded,N/A,0,0
LN100782,26-02-2023,25,Male,East,51200,5,RENT,Bachelor's,Education,842,0,27200,Approved,23670,5.34,48,Current,Good Loan,7156.08,191.07
LN100783,12-11-2024,41,Female,East,48600,16,RENT,Master's,Education,729,0,3800,Approved,3650,9.97,60,Fully Paid,Good Loan,3650,181.95
LN100784,29-07-2023,38,Male,East,91400,5,RENT,Master's,Business,458,0,24700,Approved,22100,15.33,48,Current,Good Loan,10845.11,831.28
LN100785,23-05-2022,26,Male,North,80100,21,MORTGAGE,Bachelor's,Personal,600,0,1500,Approved,1470,10.29,36,Fully Paid,Good Loan,1470,75.63
LN100786,19-09-2024,49,Male,Central,54800,17,MORTGAGE,Bachelor's,Business,719,1,26800,Approved,23000,5.33,12,Fully Paid,Good Loan,23000,612.95
LN100787,27-10-2023,39,Female,South,26000,31,MORTGAGE,Bachelor's,Debt Consolidation,557,0,29500,Rejected,0,,60,Not Funded,N/A,0,0
LN100788,25-05-2022,53,Female,Central,44400,27,MORTGAGE,High School,Personal,361,0,20400,Rejected,0,,36,Not Funded,N/A,0,0
LN100789,03-10-2024,21,Male,North,91500,9,RENT,PhD,Debt Consolidation,461,0,1100,Rejected,0,,48,Not Funded,N/A,0,0
LN100790,18-05-2023,23,Female,South,49500,21,RENT,Bachelor's,Personal,385,0,27000,Rejected,0,,60,Not Funded,N/A,0,0
LN100791,31-03-2024,62,Female,North,33500,27,RENT,Bachelor's,Home Improvement,312,0,33000,Rejected,0,,36,Not Funded,N/A,0,0
LN100792,14-04-2022,41,Female,West,91000,14,RENT,Master's,Debt Consolidation,574,0,23800,Rejected,0,,60,Not Funded,N/A,0,0
LN100793,28-11-2024,55,Male,South,26100,28,OWN,High School,Car,716,0,28700,Approved,28330,7.5,24,Current,Good Loan,6357.46,238.4
LN100794,17-07-2022,61,Female,West,51500,6,MORTGAGE,High School,Debt Consolidation,423,0,4500,Rejected,0,,60,Not Funded,N/A,0,0
LN100795,02-08-2023,60,Male,West,69600,33,RENT,High School,Debt Consolidation,348,0,28900,Rejected,0,,24,Not Funded,N/A,0,0
LN100796,26-01-2023,23,Male,West,57300,31,RENT,Bachelor's,Home Improvement,302,0,25000,Rejected,0,,60,Not Funded,N/A,0,0
LN100797,08-07-2023,45,Male,West,31000,1,MORTGAGE,High School,Education,570,0,13900,Rejected,0,,60,Not Funded,N/A,0,0
LN100798,04-11-2024,58,Male,West,35700,25,MORTGAGE,Bachelor's,Debt Consolidation,849,0,27700,Approved,27630,4,60,Current,Good Loan,16063.76,321.28
LN100799,23-04-2023,40,Male,West,39600,10,MORTGAGE,Bachelor's,Education,452,0,26200,Rejected,0,,24,Not Funded,N/A,0,0
LN100800,11-07-2024,64,Female,South,77100,24,RENT,Bachelor's,Medical,616,1,24400,Rejected,0,,36,Not Funded,N/A,0,0
LN100801,24-02-2023,54,Male,West,58500,18,MORTGAGE,High School,Debt Consolidation,733,0,8100,Approved,8050,10.07,48,Current,Good Loan,2205.99,111.07
LN100802,06-06-2022,41,Male,Central,45500,19,RENT,High School,Education,821,0,12600,Approved,11480,7.15,60,Fully Paid,Good Loan,11480,410.41
LN100803,04-07-2023,43,Male,South,65100,32,MORTGAGE,Bachelor's,Personal,789,0,39700,Approved,34420,6.8,48,Fully Paid,Good Loan,34420,1170.28
LN100804,17-10-2024,26,Male,Central,38700,16,RENT,High School,Personal,498,0,17900,Rejected,0,,48,Not Funded,N/A,0,0
LN100805,23-09-2024,33,Male,North,75500,29,RENT,Master's,Debt Consolidation,735,0,3300,Approved,3300,5.34,60,Charged Off,Bad Loan,1156.73,30.88
LN100806,08-08-2024,43,Male,South,66400,17,MORTGAGE,High School,Medical,516,1,36100,Rejected,0,,24,Not Funded,N/A,0,0
LN100807,16-10-2022,29,Male,North,49000,31,RENT,Bachelor's,Car,809,1,7700,Rejected,0,,12,Not Funded,N/A,0,0
LN100808,15-07-2022,37,Male,North,50400,3,MORTGAGE,Bachelor's,Car,339,0,16700,Rejected,0,,12,Not Funded,N/A,0,0
LN100809,21-08-2023,22,Male,West,46500,31,RENT,Bachelor's,Home Improvement,788,1,11800,Approved,10790,5.59,12,Charged Off,Bad Loan,856.31,23.93
LN100810,01-06-2023,39,Male,Central,84800,18,RENT,PhD,Debt Consolidation,548,0,38600,Approved,33100,13.39,60,Current,Good Loan,12699.39,850.22
LN100811,14-05-2024,39,Female,West,59700,2,OWN,Bachelor's,Debt Consolidation,384,0,15700,Rejected,0,,48,Not Funded,N/A,0,0
LN100812,16-03-2024,27,Female,Central,49100,27,RENT,Master's,Home Improvement,703,0,28600,Approved,24390,7.47,12,Current,Good Loan,18412.24,687.7
LN100813,25-03-2024,62,Female,North,35000,5,RENT,High School,Debt Consolidation,328,1,24300,Rejected,0,,60,Not Funded,N/A,0,0
LN100814,16-08-2022,62,Male,North,70600,16,RENT,Bachelor's,Medical,336,0,2700,Rejected,0,,60,Not Funded,N/A,0,0
LN100815,04-08-2022,40,Female,East,69200,4,OWN,High School,Debt Consolidation,806,1,16000,Approved,14060,4.74,60,Fully Paid,Good Loan,14060,333.22
LN100816,05-08-2024,29,Female,West,42800,18,MORTGAGE,Bachelor's,Car,831,0,16200,Approved,15050,4.8,24,Charged Off,Bad Loan,288.59,6.93
LN100817,15-01-2022,37,Male,North,44800,34,OWN,Bachelor's,Debt Consolidation,559,0,39600,Rejected,0,,36,Not Funded,N/A,0,0
LN100818,16-02-2022,47,Male,Central,51400,21,MORTGAGE,Bachelor's,Business,554,0,32700,Approved,30490,11.55,24,Fully Paid,Good Loan,30490,1760.8
LN100819,20-11-2022,22,Male,East,32200,23,MORTGAGE,Bachelor's,Home Improvement,385,0,34400,Rejected,0,,48,Not Funded,N/A,0,0
LN100820,23-04-2024,56,Male,Central,56000,9,MORTGAGE,Master's,Education,711,2,13200,Rejected,0,,60,Not Funded,N/A,0,0
LN100821,10-05-2022,39,Male,South,25800,1,MORTGAGE,Master's,Business,687,0,13800,Rejected,0,,24,Not Funded,N/A,0,0
LN100822,05-04-2022,37,Female,South,30500,27,RENT,High School,Business,699,0,21100,Approved,19020,10.05,12,Current,Good Loan,14914.08,749.43
LN100823,19-09-2023,25,Male,West,43100,16,MORTGAGE,Bachelor's,Debt Consolidation,721,1,25600,Approved,23860,6.69,36,Current,Good Loan,15299.84,511.78
LN100824,25-01-2024,59,Female,West,40800,5,MORTGAGE,Bachelor's,Debt Consolidation,632,1,29400,Rejected,0,,60,Not Funded,N/A,0,0
LN100825,04-03-2024,38,Male,South,66400,4,MORTGAGE,High School,Business,752,0,33000,Approved,28980,8.68,24,Fully Paid,Good Loan,28980,1257.73
LN100826,10-03-2022,27,Male,Central,61500,6,RENT,Bachelor's,Debt Consolidation,448,0,35100,Rejected,0,,12,Not Funded,N/A,0,0
LN100827,11-01-2022,37,Female,Central,100700,31,MORTGAGE,High School,Debt Consolidation,469,0,2000,Rejected,0,,12,Not Funded,N/A,0,0
LN100828,21-05-2024,59,Female,North,56500,3,MORTGAGE,PhD,Debt Consolidation,624,0,32000,Approved,29400,12.6,24,Current,Good Loan,17302.52,1090.06
LN100829,04-07-2023,56,Male,North,59400,20,MORTGAGE,Master's,Medical,527,0,24800,Approved,23890,12.93,24,Fully Paid,Good Loan,23890,1544.49
LN100830,13-12-2023,60,Male,East,32100,31,OWN,Master's,Business,625,0,21800,Rejected,0,,48,Not Funded,N/A,0,0
LN100831,23-01-2022,24,Female,South,32100,17,MORTGAGE,Master's,Debt Consolidation,304,0,25500,Rejected,0,,60,Not Funded,N/A,0,0
LN100832,25-03-2024,58,Male,West,55800,32,RENT,Bachelor's,Debt Consolidation,451,0,35400,Rejected,0,,12,Not Funded,N/A,0,0
LN100833,12-12-2022,45,Male,North,56200,13,MORTGAGE,High School,Home Improvement,520,0,22300,Approved,21340,14.73,48,Fully Paid,Good Loan,21340,1571.69
LN100834,29-10-2022,25,Female,East,61700,5,MORTGAGE,Master's,Home Improvement,456,0,7300,Rejected,0,,12,Not Funded,N/A,0,0
LN100835,29-12-2022,50,Male,East,95900,10,OWN,High School,Medical,557,0,18000,Approved,17720,13.81,24,Fully Paid,Good Loan,17720,1223.57
LN100836,31-01-2023,32,Male,South,32800,19,MORTGAGE,High School,Personal,305,0,37100,Rejected,0,,12,Not Funded,N/A,0,0
LN100837,06-08-2022,24,Male,East,115900,28,RENT,High School,Home Improvement,589,0,32800,Approved,29640,13.22,12,Fully Paid,Good Loan,29640,1959.2
LN100838,21-05-2022,44,Male,South,27700,34,RENT,High School,Education,503,0,8900,Rejected,0,,60,Not Funded,N/A,0,0
LN100839,15-08-2024,49,Female,North,64100,15,RENT,Master's,Education,577,1,28900,Rejected,0,,24,Not Funded,N/A,0,0
LN100840,11-09-2024,29,Male,East,30900,6,RENT,Master's,Home Improvement,433,0,11000,Rejected,0,,12,Not Funded,N/A,0,0
LN100841,19-09-2024,24,Female,Central,75000,30,MORTGAGE,High School,Debt Consolidation,746,0,14600,Approved,13640,9.83,36,Fully Paid,Good Loan,13640,670.41
LN100842,07-04-2024,44,Male,South,27800,5,RENT,High School,Business,645,0,19300,Rejected,0,,48,Not Funded,N/A,0,0
LN100843,14-11-2023,34,Male,South,15800,28,RENT,High School,Home Improvement,415,1,18200,Rejected,0,,12,Not Funded,N/A,0,0
LN100844,30-09-2024,25,Male,South,57900,26,MORTGAGE,Bachelor's,Business,612,0,2100,Approved,1890,10.39,12,Fully Paid,Good Loan,1890,98.19
LN100845,22-12-2022,38,Female,South,51200,1,RENT,Bachelor's,Debt Consolidation,720,0,31200,Approved,30460,7.51,48,Current,Good Loan,21076.51,791.42
LN100846,04-10-2024,62,Female,South,89100,21,RENT,PhD,Medical,472,0,34000,Rejected,0,,12,Not Funded,N/A,0,0
LN100847,06-06-2024,39,Male,West,56100,8,MORTGAGE,High School,Medical,468,0,21700,Rejected,0,,24,Not Funded,N/A,0,0
LN100848,07-05-2022,32,Male,North,38700,10,RENT,PhD,Home Improvement,402,2,7700,Rejected,0,,12,Not Funded,N/A,0,0
LN100849,05-10-2024,38,Male,Central,42500,15,MORTGAGE,High School,Debt Consolidation,527,0,10700,Approved,9750,13.75,24,Fully Paid,Good Loan,9750,670.31
LN100850,27-08-2023,37,Female,North,230300,12,MORTGAGE,Bachelor's,Education,432,0,5900,Approved,5160,16.75,24,Charged Off,Bad Loan,1930.03,161.64
LN100851,10-10-2024,50,Male,Central,36600,17,OWN,High School,Personal,510,0,7600,Rejected,0,,24,Not Funded,N/A,0,0
LN100852,20-02-2022,44,Female,Central,68600,24,RENT,Bachelor's,Medical,408,0,35200,Rejected,0,,48,Not Funded,N/A,0,0
LN100853,18-11-2024,31,Female,East,64900,32,RENT,High School,Debt Consolidation,492,0,19700,Approved,18260,14.54,24,Charged Off,Bad Loan,4684.19,340.54
LN100854,18-02-2024,55,Male,North,69300,9,MORTGAGE,Master's,Home Improvement,656,0,5300,Approved,4570,9.77,12,Fully Paid,Good Loan,4570,223.24
LN100855,24-03-2024,43,Male,East,66800,29,RENT,High School,Personal,820,0,10900,Approved,9350,6.32,60,Charged Off,Bad Loan,3276.9,103.55
LN100856,24-02-2023,37,Male,East,48000,0,MORTGAGE,Bachelor's,Education,725,0,38000,Approved,32540,6.03,24,Fully Paid,Good Loan,32540,981.08
LN100857,09-09-2024,21,Female,Central,24500,32,RENT,High School,Debt Consolidation,373,0,20900,Rejected,0,,12,Not Funded,N/A,0,0
LN100858,04-04-2024,35,Female,East,58100,14,MORTGAGE,Bachelor's,Medical,395,0,21100,Rejected,0,,12,Not Funded,N/A,0,0
LN100859,21-10-2024,52,Male,South,53900,28,OWN,High School,Home Improvement,428,0,21500,Rejected,0,,36,Not Funded,N/A,0,0
LN100860,21-07-2023,29,Male,West,57300,1,OWN,PhD,Business,642,0,5400,Approved,4890,11.1,12,Current,Good Loan,1278.95,70.98
LN100861,06-01-2023,35,Male,Central,69900,10,MORTGAGE,High School,Home Improvement,670,0,38800,Rejected,0,,36,Not Funded,N/A,0,0
LN100862,24-07-2024,48,Female,East,45000,33,RENT,Bachelor's,Medical,700,0,4300,Approved,4140,7.61,12,Current,Good Loan,1917.61,72.97
LN100863,23-10-2023,44,Male,Central,41000,18,MORTGAGE,Bachelor's,Debt Consolidation,521,0,28300,Rejected,0,,24,Not Funded,N/A,0,0
LN100864,26-08-2024,55,Male,East,81300,1,MORTGAGE,Bachelor's,Home Improvement,811,0,3300,Approved,3010,7.63,36,Fully Paid,Good Loan,3010,114.83
LN100865,21-07-2022,42,Male,West,46700,19,OWN,High School,Medical,804,0,18300,Approved,16050,5.66,36,Fully Paid,Good Loan,16050,454.22
LN100866,09-11-2022,47,Male,West,43400,30,OWN,Master's,Medical,634,0,36100,Approved,32190,11.82,36,Fully Paid,Good Loan,32190,1902.43
LN100867,27-04-2022,39,Male,West,41700,3,OWN,Bachelor's,Debt Consolidation,673,0,31000,Approved,27920,8.66,24,Current,Good Loan,10010.57,433.46
LN100868,25-07-2024,32,Male,South,70800,28,OWN,Bachelor's,Home Improvement,785,0,14100,Approved,13700,6.49,60,Fully Paid,Good Loan,13700,444.56
LN100869,29-07-2023,40,Male,East,49300,29,MORTGAGE,High School,Debt Consolidation,306,0,22500,Rejected,0,,24,Not Funded,N/A,0,0
LN100870,01-09-2022,21,Female,East,146600,12,MORTGAGE,Bachelor's,Business,688,0,7400,Approved,6510,9.31,60,Charged Off,Bad Loan,2453.38,114.2
LN100871,21-06-2023,41,Male,South,55600,14,OWN,Bachelor's,Debt Consolidation,735,0,38300,Approved,33110,7.12,24,Fully Paid,Good Loan,33110,1178.72
LN100872,16-03-2022,21,Male,South,31500,19,MORTGAGE,High School,Debt Consolidation,415,1,28600,Rejected,0,,12,Not Funded,N/A,0,0
LN100873,21-01-2023,30,Female,West,44500,33,MORTGAGE,High School,Home Improvement,402,0,15600,Rejected,0,,24,Not Funded,N/A,0,0
LN100874,20-04-2023,52,Male,East,72800,27,OWN,Bachelor's,Personal,302,0,13400,Rejected,0,,60,Not Funded,N/A,0,0
LN100875,22-02-2023,59,Female,North,41400,19,MORTGAGE,High School,Personal,843,1,10300,Approved,9990,4,48,Fully Paid,Good Loan,9990,199.8
LN100876,13-12-2022,42,Male,West,53800,24,RENT,High School,Home Improvement,379,0,31700,Rejected,0,,12,Not Funded,N/A,0,0
LN100877,02-10-2023,38,Male,Central,84100,26,RENT,Bachelor's,Home Improvement,695,0,17900,Approved,16420,8.3,36,Fully Paid,Good Loan,16420,681.43
LN100878,27-07-2024,52,Male,South,90000,29,RENT,High School,Debt Consolidation,688,0,13900,Approved,13620,9.31,24,Current,Good Loan,6000.91,279.34
LN100879,12-08-2024,47,Male,North,42800,19,MORTGAGE,Bachelor's,Debt Consolidation,559,0,36300,Rejected,0,,12,Not Funded,N/A,0,0
LN100880,25-05-2024,48,Female,Central,48300,0,MORTGAGE,Bachelor's,Education,611,0,6900,Approved,6040,13.36,60,Fully Paid,Good Loan,6040,403.47
LN100881,02-02-2024,38,Male,Central,56600,34,MORTGAGE,High School,Car,635,0,11300,Approved,10280,9.29,36,Current,Good Loan,5847.52,271.62
LN100882,26-10-2023,59,Male,South,99100,23,MORTGAGE,Bachelor's,Car,509,1,14400,Rejected,0,,60,Not Funded,N/A,0,0
LN100883,25-01-2022,49,Male,North,33000,24,OWN,High School,Personal,810,0,11100,Approved,10090,6.89,12,Charged Off,Bad Loan,1431.49,49.31
LN100884,11-12-2023,38,Male,South,63700,11,RENT,Bachelor's,Personal,747,0,23800,Approved,22580,9.01,12,Fully Paid,Good Loan,22580,1017.23
LN100885,26-06-2022,64,Male,West,55500,10,OWN,PhD,Debt Consolidation,344,1,24400,Rejected,0,,12,Not Funded,N/A,0,0
LN100886,12-10-2022,28,Male,North,36200,29,RENT,Bachelor's,Personal,703,0,3100,Rejected,0,,12,Not Funded,N/A,0,0
LN100887,04-03-2022,51,Male,East,94500,12,MORTGAGE,Bachelor's,Home Improvement,608,1,6600,Approved,5920,9.5,60,Fully Paid,Good Loan,5920,281.2
LN100888,29-09-2024,54,Female,South,84600,24,MORTGAGE,Bachelor's,Car,526,0,8700,Rejected,0,,48,Not Funded,N/A,0,0
LN100889,24-10-2023,27,Male,Central,108300,24,MORTGAGE,Master's,Home Improvement,648,0,3700,Approved,3190,11.33,12,Fully Paid,Good Loan,3190,180.71
LN100890,28-10-2023,56,Female,South,92100,16,MORTGAGE,Bachelor's,Home Improvement,412,0,5900,Rejected,0,,36,Not Funded,N/A,0,0
LN100891,05-06-2022,38,Female,East,54400,11,RENT,High School,Debt Consolidation,329,0,10300,Rejected,0,,60,Not Funded,N/A,0,0
LN100892,08-12-2024,58,Male,Central,71600,10,RENT,Bachelor's,Debt Consolidation,575,0,14500,Rejected,0,,24,Not Funded,N/A,0,0
LN100893,24-08-2024,29,Female,South,62900,9,RENT,Master's,Education,661,0,31900,Approved,29040,10.12,24,Fully Paid,Good Loan,29040,1469.42
LN100894,28-04-2024,29,Female,South,36000,16,RENT,Bachelor's,Personal,386,0,9500,Rejected,0,,60,Not Funded,N/A,0,0
LN100895,20-11-2023,28,Male,West,30100,15,MORTGAGE,High School,Debt Consolidation,735,0,27100,Approved,25750,7.79,60,Current,Good Loan,16989.5,661.74
LN100896,28-05-2022,55,Female,South,64000,19,MORTGAGE,High School,Debt Consolidation,321,0,3300,Rejected,0,,12,Not Funded,N/A,0,0
LN100897,08-12-2022,38,Male,West,56600,4,MORTGAGE,High School,Debt Consolidation,684,0,26700,Rejected,0,,60,Not Funded,N/A,0,0
LN100898,21-04-2023,25,Male,North,46600,31,OWN,Master's,Debt Consolidation,320,0,32000,Rejected,0,,36,Not Funded,N/A,0,0
LN100899,22-12-2024,34,Female,North,52000,26,MORTGAGE,Bachelor's,Debt Consolidation,790,0,24600,Approved,22580,5.51,24,Fully Paid,Good Loan,22580,622.08
LN100900,15-07-2023,48,Male,Central,120100,3,RENT,Bachelor's,Debt Consolidation,766,0,8900,Approved,7770,6.71,36,Fully Paid,Good Loan,7770,260.68
LN100901,23-11-2022,50,Male,East,20300,6,MORTGAGE,Bachelor's,Debt Consolidation,755,0,13900,Approved,13480,5.97,36,Fully Paid,Good Loan,13480,402.38
LN100902,16-09-2024,24,Male,West,72300,13,MORTGAGE,High School,Personal,520,0,32400,Approved,28190,13.57,12,Fully Paid,Good Loan,28190,1912.69
LN100903,03-08-2022,59,Female,South,79200,23,MORTGAGE,High School,Car,797,0,17800,Approved,17710,4.44,60,Fully Paid,Good Loan,17710,393.16
LN100904,11-03-2023,40,Female,North,83700,17,MORTGAGE,Bachelor's,Home Improvement,458,0,11000,Approved,10080,15.28,24,Charged Off,Bad Loan,630.8,48.19
LN100905,09-08-2024,45,Male,West,29100,0,MORTGAGE,High School,Personal,442,1,37400,Rejected,0,,24,Not Funded,N/A,0,0
LN100906,24-12-2023,48,Female,South,47500,16,OWN,High School,Debt Consolidation,344,1,25900,Rejected,0,,24,Not Funded,N/A,0,0
LN100907,01-02-2022,32,Male,South,46400,25,OWN,High School,Medical,750,0,32400,Approved,28450,6.79,36,Fully Paid,Good Loan,28450,965.88
LN100908,01-11-2023,22,Male,North,61800,21,OWN,Bachelor's,Education,535,0,2000,Rejected,0,,24,Not Funded,N/A,0,0
LN100909,12-10-2022,63,Female,South,32600,17,MORTGAGE,High School,Debt Consolidation,524,0,14200,Rejected,0,,24,Not Funded,N/A,0,0
LN100910,05-03-2023,34,Female,West,64200,27,OWN,Bachelor's,Home Improvement,707,1,18900,Approved,18000,6.99,36,Current,Good Loan,10817.14,378.06
LN100911,13-10-2022,42,Male,West,36400,20,RENT,Master's,Personal,593,1,23900,Rejected,0,,12,Not Funded,N/A,0,0
LN100912,08-11-2024,51,Male,West,47400,32,MORTGAGE,High School,Debt Consolidation,579,0,8400,Rejected,0,,36,Not Funded,N/A,0,0
LN100913,18-01-2022,43,Female,West,99200,29,RENT,Bachelor's,Debt Consolidation,716,2,20400,Rejected,0,,36,Not Funded,N/A,0,0
LN100914,08-02-2024,40,Female,East,79100,7,MORTGAGE,Master's,Personal,446,2,27700,Rejected,0,,12,Not Funded,N/A,0,0
LN100915,13-08-2023,58,Female,East,57300,29,RENT,Bachelor's,Debt Consolidation,770,0,14500,Approved,13660,7.29,48,Current,Good Loan,11400.46,415.55
LN100916,06-10-2024,24,Male,West,29000,8,RENT,Master's,Home Improvement,348,0,28000,Rejected,0,,48,Not Funded,N/A,0,0
LN100917,13-07-2022,35,Female,South,62900,32,RENT,High School,Personal,316,0,16200,Rejected,0,,60,Not Funded,N/A,0,0
LN100918,17-05-2023,44,Female,South,64800,28,RENT,PhD,Personal,448,0,19300,Rejected,0,,60,Not Funded,N/A,0,0
LN100919,14-09-2024,45,Male,Central,21100,30,RENT,High School,Personal,511,0,6200,Rejected,0,,36,Not Funded,N/A,0,0
LN100920,24-04-2022,21,Female,North,63400,2,RENT,PhD,Business,362,0,26400,Rejected,0,,60,Not Funded,N/A,0,0
LN100921,04-08-2024,27,Female,North,33400,10,MORTGAGE,Master's,Debt Consolidation,835,0,9700,Approved,9050,6.93,48,Current,Good Loan,3764.52,130.44
LN100922,10-04-2024,51,Female,East,27800,4,OWN,Bachelor's,Medical,844,1,33300,Rejected,0,,60,Not Funded,N/A,0,0
LN100923,13-07-2024,32,Female,West,32700,30,MORTGAGE,Bachelor's,Medical,786,1,22600,Approved,19490,5.74,48,Current,Good Loan,4597.32,131.94
LN100924,24-02-2022,62,Female,East,20500,19,MORTGAGE,Master's,Business,779,0,22900,Approved,22370,7.56,48,Fully Paid,Good Loan,22370,845.59
LN100925,10-03-2024,25,Female,South,45100,3,MORTGAGE,Bachelor's,Car,343,0,36600,Rejected,0,,36,Not Funded,N/A,0,0
LN100926,17-02-2024,64,Male,Central,34500,7,OWN,Bachelor's,Personal,755,0,7500,Approved,7130,7.95,60,Fully Paid,Good Loan,7130,283.42
LN100927,11-06-2022,62,Female,West,90500,34,MORTGAGE,Master's,Education,810,0,21700,Approved,19080,7.73,60,Charged Off,Bad Loan,1965.23,75.96
LN100928,28-03-2022,58,Female,West,46100,12,MORTGAGE,High School,Debt Consolidation,654,0,15900,Rejected,0,,12,Not Funded,N/A,0,0
LN100929,24-02-2022,32,Female,North,39200,4,OWN,Master's,Debt Consolidation,311,0,38700,Rejected,0,,12,Not Funded,N/A,0,0
LN100930,28-10-2024,59,Male,South,26500,18,RENT,Bachelor's,Home Improvement,655,0,31900,Approved,30400,10.75,48,Current,Good Loan,8329.18,447.69
LN100931,12-04-2024,38,Male,South,44700,17,RENT,Master's,Debt Consolidation,436,1,30500,Rejected,0,,36,Not Funded,N/A,0,0
LN100932,09-11-2022,22,Male,North,99600,32,MORTGAGE,High School,Debt Consolidation,773,0,9000,Approved,7860,7.33,24,Fully Paid,Good Loan,7860,288.07
LN100933,29-01-2024,30,Female,North,108700,3,RENT,High School,Education,352,0,10300,Rejected,0,,60,Not Funded,N/A,0,0
LN100934,19-03-2023,35,Female,South,46000,17,MORTGAGE,Master's,Education,412,0,2100,Rejected,0,,60,Not Funded,N/A,0,0
LN100935,24-11-2022,50,Male,East,52500,23,RENT,High School,Education,777,2,25900,Rejected,0,,48,Not Funded,N/A,0,0
LN100936,13-12-2024,64,Male,West,74300,28,MORTGAGE,Bachelor's,Debt Consolidation,634,0,15500,Rejected,0,,48,Not Funded,N/A,0,0
LN100937,31-01-2024,37,Male,West,34100,30,OWN,Master's,Home Improvement,716,0,13200,Approved,12580,8.88,60,Current,Good Loan,10292.72,457
LN100938,02-08-2023,24,Male,North,64000,27,RENT,High School,Debt Consolidation,366,1,25800,Rejected,0,,48,Not Funded,N/A,0,0
LN100939,10-12-2024,27,Female,South,157200,8,RENT,Bachelor's,Education,619,0,33300,Approved,30850,10.48,36,Current,Good Loan,8980.03,470.55
LN100940,03-10-2024,61,Male,North,76400,25,RENT,High School,Business,553,1,6200,Rejected,0,,60,Not Funded,N/A,0,0
LN100941,06-04-2022,51,Male,South,75400,1,MORTGAGE,Bachelor's,Business,700,0,36800,Approved,36060,11.05,60,Current,Good Loan,18079.97,998.92
LN100942,24-03-2024,59,Male,South,99200,5,RENT,Bachelor's,Debt Consolidation,599,1,2300,Rejected,0,,12,Not Funded,N/A,0,0
LN100943,06-05-2023,54,Male,East,81400,28,MORTGAGE,Bachelor's,Debt Consolidation,304,0,4700,Rejected,0,,48,Not Funded,N/A,0,0
LN100944,28-03-2023,26,Female,Central,48400,25,RENT,Master's,Car,745,1,33700,Approved,31820,6.39,12,Charged Off,Bad Loan,4686.72,149.74
LN100945,14-06-2022,58,Male,West,31900,27,RENT,High School,Debt Consolidation,534,0,20200,Rejected,0,,48,Not Funded,N/A,0,0
LN100946,01-07-2022,54,Female,East,51000,6,RENT,Bachelor's,Education,746,0,37600,Approved,36810,10.7,24,Fully Paid,Good Loan,36810,1969.34
LN100947,14-04-2023,64,Male,Central,35000,33,MORTGAGE,Bachelor's,Debt Consolidation,338,0,19000,Rejected,0,,60,Not Funded,N/A,0,0
LN100948,28-06-2024,35,Male,West,47700,9,RENT,Bachelor's,Debt Consolidation,499,0,37100,Rejected,0,,12,Not Funded,N/A,0,0
LN100949,05-01-2024,34,Male,West,36600,21,MORTGAGE,Bachelor's,Debt Consolidation,320,0,10300,Rejected,0,,60,Not Funded,N/A,0,0
LN100950,02-04-2024,26,Female,East,45500,26,RENT,Master's,Car,373,0,25000,Rejected,0,,12,Not Funded,N/A,0,0
LN100951,01-08-2024,57,Male,East,27800,21,RENT,PhD,Debt Consolidation,448,0,39800,Rejected,0,,12,Not Funded,N/A,0,0
LN100952,07-01-2022,52,Female,West,39700,18,RENT,High School,Personal,583,0,15700,Approved,14920,13.94,24,Charged Off,Bad Loan,3671.91,255.93
LN100953,26-11-2022,23,Female,North,65000,8,MORTGAGE,Bachelor's,Car,385,0,1100,Rejected,0,,60,Not Funded,N/A,0,0
LN100954,14-02-2024,23,Male,West,72800,18,MORTGAGE,Bachelor's,Education,401,0,3500,Rejected,0,,36,Not Funded,N/A,0,0
LN100955,31-05-2022,42,Female,Central,66100,1,OWN,PhD,Home Improvement,830,0,34500,Approved,33660,6.32,48,Current,Good Loan,12124.69,383.14
LN100956,27-05-2022,42,Female,West,45700,27,RENT,High School,Personal,362,0,20200,Rejected,0,,60,Not Funded,N/A,0,0
LN100957,03-07-2024,30,Male,North,57300,21,RENT,Master's,Business,849,0,21900,Approved,19740,4,48,Fully Paid,Good Loan,19740,394.8
LN100958,01-12-2023,23,Male,South,129900,5,RENT,Master's,Home Improvement,707,1,32200,Approved,28410,9.25,36,Fully Paid,Good Loan,28410,1313.96
LN100959,23-03-2022,32,Female,West,39200,6,RENT,Master's,Business,472,0,32700,Rejected,0,,36,Not Funded,N/A,0,0
LN100960,29-05-2023,49,Male,Central,111500,5,RENT,Bachelor's,Debt Consolidation,820,1,19600,Approved,19180,6.02,48,Current,Good Loan,4686.22,141.06
LN100961,25-03-2024,37,Female,South,28300,32,RENT,Bachelor's,Debt Consolidation,820,0,34500,Approved,33620,5.48,48,Fully Paid,Good Loan,33620,921.19
LN100962,10-12-2023,27,Male,West,25100,13,RENT,Bachelor's,Personal,832,2,19300,Rejected,0,,48,Not Funded,N/A,0,0
LN100963,16-01-2024,33,Male,Central,50700,0,MORTGAGE,Bachelor's,Medical,323,1,27300,Rejected,0,,36,Not Funded,N/A,0,0
LN100964,19-10-2024,22,Female,North,53300,24,MORTGAGE,Bachelor's,Business,394,0,2300,Rejected,0,,36,Not Funded,N/A,0,0
LN100965,08-12-2023,24,Female,West,32600,5,RENT,Bachelor's,Home Improvement,595,0,6400,Approved,6140,10.85,36,Fully Paid,Good Loan,6140,333.1
LN100966,16-04-2023,30,Male,South,46700,27,MORTGAGE,Bachelor's,Car,479,0,34200,Rejected,0,,60,Not Funded,N/A,0,0
LN100967,31-01-2023,59,Female,East,64900,17,MORTGAGE,Bachelor's,Business,430,0,13200,Rejected,0,,48,Not Funded,N/A,0,0
LN100968,18-09-2022,44,Male,East,34900,26,RENT,High School,Home Improvement,832,0,14100,Approved,13130,4,60,Fully Paid,Good Loan,13130,262.6
LN100969,15-03-2024,37,Male,West,85600,1,MORTGAGE,High School,Business,307,0,26900,Rejected,0,,24,Not Funded,N/A,0,0
LN100970,22-07-2024,26,Female,West,89900,20,OWN,Bachelor's,Debt Consolidation,500,0,24100,Approved,23860,11.9,36,Fully Paid,Good Loan,23860,1419.67
LN100971,23-06-2024,39,Male,South,94900,22,OWN,High School,Debt Consolidation,684,0,4200,Approved,3730,8.94,60,Current,Good Loan,1618.57,72.35
LN100972,12-12-2024,25,Male,Central,36000,1,MORTGAGE,Master's,Personal,825,0,30900,Approved,30410,6.53,36,Current,Good Loan,8499.24,277.5
LN100973,28-07-2024,52,Male,West,38200,15,MORTGAGE,Bachelor's,Personal,847,0,25100,Approved,23370,5.65,12,Current,Good Loan,10539.99,297.75
LN100974,03-05-2024,30,Female,West,50100,3,MORTGAGE,Master's,Home Improvement,705,0,34400,Approved,29710,8.09,48,Current,Good Loan,9540.56,385.92
LN100975,16-08-2023,29,Male,South,47900,33,RENT,High School,Business,672,0,21900,Rejected,0,,36,Not Funded,N/A,0,0
LN100976,15-12-2023,47,Female,North,46800,4,MORTGAGE,Master's,Car,463,0,17200,Rejected,0,,48,Not Funded,N/A,0,0
LN100977,24-09-2023,33,Female,East,76100,33,RENT,PhD,Medical,822,0,15500,Approved,15110,5.04,60,Fully Paid,Good Loan,15110,380.77
LN100978,28-02-2022,39,Male,Central,71300,21,MORTGAGE,Bachelor's,Debt Consolidation,653,0,1200,Rejected,0,,12,Not Funded,N/A,0,0
LN100979,08-05-2022,41,Female,North,36600,19,RENT,High School,Home Improvement,708,0,2600,Approved,2490,9.11,48,Current,Good Loan,704.95,32.11
LN100980,06-01-2024,44,Female,Central,32400,12,RENT,Bachelor's,Debt Consolidation,810,0,6100,Approved,6010,4.7,24,Charged Off,Bad Loan,2117.18,49.75
LN100981,22-12-2023,58,Male,West,31000,33,MORTGAGE,Bachelor's,Personal,511,0,37300,Rejected,0,,36,Not Funded,N/A,0,0
LN100982,10-06-2023,24,Male,West,36500,5,MORTGAGE,High School,Medical,644,1,35300,Rejected,0,,48,Not Funded,N/A,0,0
LN100983,05-06-2023,44,Male,West,79300,28,RENT,Master's,Debt Consolidation,310,0,20400,Rejected,0,,24,Not Funded,N/A,0,0
LN100984,06-07-2023,55,Female,East,57800,32,MORTGAGE,Bachelor's,Personal,635,0,8000,Approved,7840,11.59,48,Fully Paid,Good Loan,7840,454.33
LN100985,25-08-2022,23,Female,West,82200,0,RENT,Master's,Personal,639,0,6700,Approved,6260,11.07,60,Fully Paid,Good Loan,6260,346.49
LN100986,09-05-2023,24,Male,South,25200,6,MORTGAGE,Bachelor's,Home Improvement,557,1,11000,Rejected,0,,36,Not Funded,N/A,0,0
LN100987,04-01-2022,57,Male,West,61300,21,RENT,High School,Education,353,1,36400,Rejected,0,,36,Not Funded,N/A,0,0
LN100988,28-10-2023,60,Male,West,60900,31,RENT,High School,Education,595,0,21300,Approved,19530,12.05,24,Charged Off,Bad Loan,2621.97,157.97
LN100989,18-03-2023,55,Male,West,93000,13,RENT,High School,Medical,516,0,32400,Rejected,0,,12,Not Funded,N/A,0,0
LN100990,29-01-2022,51,Male,West,45100,23,RENT,PhD,Education,687,0,20800,Approved,20190,8.45,12,Current,Good Loan,7147.57,301.98
LN100991,02-09-2023,64,Female,North,43700,18,MORTGAGE,Bachelor's,Business,406,0,24800,Rejected,0,,24,Not Funded,N/A,0,0
LN100992,15-03-2024,45,Male,North,106700,26,RENT,Master's,Personal,772,0,24800,Approved,23940,8.11,48,Fully Paid,Good Loan,23940,970.77
LN100993,16-03-2022,60,Female,West,50200,22,MORTGAGE,PhD,Business,307,0,2200,Approved,1890,20.95,12,Charged Off,Bad Loan,488.59,51.18
LN100994,17-04-2024,33,Male,South,58700,20,RENT,High School,Debt Consolidation,843,0,18400,Approved,17630,6.2,36,Fully Paid,Good Loan,17630,546.53
LN100995,08-05-2022,24,Female,East,67100,28,RENT,High School,Debt Consolidation,467,0,34700,Approved,32200,16.48,24,Fully Paid,Good Loan,32200,2653.28
LN100996,11-02-2022,34,Male,South,25600,0,MORTGAGE,Master's,Debt Consolidation,630,0,20100,Approved,19280,11.11,24,Fully Paid,Good Loan,19280,1071
LN100997,10-02-2022,33,Female,North,55200,30,RENT,Bachelor's,Home Improvement,336,2,18000,Rejected,0,,36,Not Funded,N/A,0,0
LN100998,22-07-2024,47,Male,North,30900,26,RENT,Bachelor's,Debt Consolidation,530,0,21500,Rejected,0,,12,Not Funded,N/A,0,0
LN100999,03-02-2022,26,Male,West,52100,26,RENT,Bachelor's,Car,482,0,15800,Rejected,0,,60,Not Funded,N/A,0,0
LN101000,06-11-2024,37,Male,East,47500,14,RENT,Master's,Car,591,0,21100,Approved,20800,12.4,24,Current,Good Loan,11540.7,715.52
LN101001,24-09-2024,56,Female,East,43100,24,MORTGAGE,Bachelor's,Car,821,1,6300,Approved,5710,5.89,48,Current,Good Loan,3575,105.28
LN101002,11-08-2023,60,Male,Central,71800,14,MORTGAGE,Master's,Car,369,0,38700,Rejected,0,,24,Not Funded,N/A,0,0
LN101003,08-12-2022,55,Male,North,56600,18,RENT,PhD,Debt Consolidation,536,0,2300,Rejected,0,,60,Not Funded,N/A,0,0
LN101004,27-01-2022,37,Female,South,33600,10,MORTGAGE,Bachelor's,Home Improvement,763,0,19800,Approved,17930,6.1,36,Fully Paid,Good Loan,17930,546.86
LN101005,08-10-2023,61,Female,West,33100,32,OWN,Bachelor's,Home Improvement,417,0,9200,Rejected,0,,12,Not Funded,N/A,0,0
LN101006,01-01-2024,22,Male,West,79100,22,OWN,Bachelor's,Debt Consolidation,490,0,3300,Approved,2910,14.02,36,Current,Good Loan,1716.12,120.3
LN101007,17-06-2022,33,Female,South,53300,11,RENT,High School,Personal,805,0,26400,Approved,23260,6.31,36,Current,Good Loan,6691.07,211.1
LN101008,02-09-2023,22,Male,Central,28500,1,RENT,Bachelor's,Education,803,1,39400,Approved,35030,5.16,12,Fully Paid,Good Loan,35030,903.77
LN101009,25-09-2022,48,Female,Central,44900,20,MORTGAGE,High School,Debt Consolidation,700,0,30200,Approved,28270,8.85,36,Current,Good Loan,9286.97,410.95
LN101010,31-03-2024,63,Female,North,50500,13,RENT,PhD,Debt Consolidation,616,0,10900,Approved,10120,12.03,36,Charged Off,Bad Loan,699.16,42.05
LN101011,31-03-2023,46,Male,North,31100,33,RENT,Bachelor's,Business,521,0,20200,Approved,17700,14.35,24,Fully Paid,Good Loan,17700,1269.97
LN101012,24-06-2024,42,Female,West,40700,14,RENT,PhD,Debt Consolidation,488,0,2900,Rejected,0,,48,Not Funded,N/A,0,0
LN101013,10-07-2024,63,Male,South,81900,20,RENT,High School,Debt Consolidation,591,0,21700,Approved,21400,11.24,12,Charged Off,Bad Loan,5033.94,282.91
LN101014,07-09-2024,23,Male,North,166100,22,MORTGAGE,Master's,Medical,522,0,4900,Approved,4310,14.26,24,Current,Good Loan,1236.49,88.16
LN101015,03-12-2023,55,Female,West,62100,20,MORTGAGE,Bachelor's,Personal,716,0,32000,Approved,30430,9.95,60,Charged Off,Bad Loan,3513.59,174.8
LN101016,26-09-2023,32,Female,South,29400,13,RENT,Master's,Personal,706,1,3200,Rejected,0,,24,Not Funded,N/A,0,0
LN101017,10-05-2022,44,Male,East,49100,20,MORTGAGE,High School,Business,337,0,1400,Rejected,0,,24,Not Funded,N/A,0,0
LN101018,16-10-2024,25,Male,North,57200,11,MORTGAGE,Bachelor's,Home Improvement,752,0,34600,Approved,32620,6.83,36,Current,Good Loan,16419.04,560.71
LN101019,29-03-2024,40,Male,West,77200,4,MORTGAGE,Bachelor's,Personal,506,0,37800,Rejected,0,,48,Not Funded,N/A,0,0
LN101020,24-11-2023,59,Female,East,78000,1,OWN,Bachelor's,Medical,699,0,4400,Approved,4290,8.98,24,Fully Paid,Good Loan,4290,192.62
LN101021,04-03-2024,59,Female,North,100100,21,OWN,High School,Business,486,0,11900,Rejected,0,,60,Not Funded,N/A,0,0
LN101022,29-01-2022,33,Female,South,54100,5,MORTGAGE,Master's,Car,659,0,29900,Approved,27960,8.49,36,Current,Good Loan,15093.1,640.7
LN101023,29-05-2022,61,Male,East,54600,1,MORTGAGE,High School,Business,305,0,22000,Rejected,0,,24,Not Funded,N/A,0,0
LN101024,11-01-2022,32,Female,Central,23200,28,RENT,High School,Debt Consolidation,432,0,38000,Rejected,0,,60,Not Funded,N/A,0,0
LN101025,07-11-2023,33,Female,Central,34300,6,MORTGAGE,Bachelor's,Personal,772,0,16200,Approved,14980,6.35,12,Fully Paid,Good Loan,14980,475.62
LN101026,06-07-2022,30,Female,South,29300,15,MORTGAGE,Master's,Business,812,0,1100,Approved,1070,6.55,24,Current,Good Loan,315.69,10.34
LN101027,17-03-2024,53,Male,West,37100,32,MORTGAGE,Bachelor's,Education,382,0,1800,Rejected,0,,12,Not Funded,N/A,0,0
LN101028,14-01-2024,60,Male,West,32300,32,RENT,Bachelor's,Home Improvement,676,0,23000,Approved,20700,9.44,12,Current,Good Loan,11976.48,565.29
LN101029,08-04-2022,36,Female,West,33300,13,RENT,Bachelor's,Debt Consolidation,634,0,30300,Rejected,0,,60,Not Funded,N/A,0,0
LN101030,24-02-2022,55,Female,East,88400,11,RENT,Master's,Debt Consolidation,401,0,31800,Approved,30490,17.3,36,Fully Paid,Good Loan,30490,2637.38
LN101031,15-09-2023,23,Male,North,22800,5,MORTGAGE,High School,Debt Consolidation,587,1,36500,Rejected,0,,48,Not Funded,N/A,0,0
LN101032,26-10-2023,25,Female,West,49600,11,OWN,High School,Debt Consolidation,330,0,9900,Rejected,0,,48,Not Funded,N/A,0,0
LN101033,28-01-2024,46,Male,North,79900,30,RENT,High School,Debt Consolidation,613,2,29800,Rejected,0,,24,Not Funded,N/A,0,0
LN101034,10-02-2023,31,Female,North,47300,11,OWN,Bachelor's,Business,453,0,33300,Rejected,0,,60,Not Funded,N/A,0,0
LN101035,10-03-2022,27,Male,East,98400,9,RENT,Bachelor's,Personal,452,0,33600,Rejected,0,,12,Not Funded,N/A,0,0
LN101036,21-01-2024,30,Male,Central,41400,26,OWN,Bachelor's,Car,531,0,17100,Approved,16820,13.64,24,Fully Paid,Good Loan,16820,1147.12
LN101037,15-08-2024,62,Male,South,119100,6,MORTGAGE,Bachelor's,Debt Consolidation,420,0,25400,Rejected,0,,36,Not Funded,N/A,0,0
LN101038,31-12-2022,54,Male,East,26700,32,RENT,High School,Car,484,0,22500,Rejected,0,,48,Not Funded,N/A,0,0
LN101039,27-04-2023,23,Male,South,98500,26,RENT,High School,Business,755,0,24300,Approved,22020,5.4,48,Current,Good Loan,6663.58,179.92
LN101040,20-07-2022,28,Female,Central,36200,7,RENT,High School,Education,687,0,12000,Approved,11810,9.44,12,Current,Good Loan,3520.95,166.19
LN101041,03-06-2022,51,Male,East,103800,4,OWN,High School,Debt Consolidation,525,0,27600,Approved,26850,15.72,24,Current,Good Loan,8385.45,659.1
LN101042,14-03-2022,31,Male,North,43900,7,RENT,High School,Home Improvement,494,0,28700,Rejected,0,,24,Not Funded,N/A,0,0
LN101043,14-12-2023,27,Male,South,89100,20,MORTGAGE,Bachelor's,Car,325,0,8600,Rejected,0,,48,Not Funded,N/A,0,0
LN101044,23-10-2022,22,Male,South,96100,23,RENT,Bachelor's,Home Improvement,493,0,18300,Approved,17260,13.42,36,Charged Off,Bad Loan,2131.8,143.04
LN101045,06-11-2024,26,Male,North,41800,6,OWN,Master's,Debt Consolidation,318,0,17500,Rejected,0,,60,Not Funded,N/A,0,0
LN101046,02-03-2022,61,Male,North,85800,18,RENT,Bachelor's,Home Improvement,836,1,30200,Approved,26430,4,12,Current,Good Loan,14624.85,292.5
LN101047,27-07-2024,52,Female,West,53500,30,RENT,High School,Debt Consolidation,563,0,27000,Approved,26080,13.91,48,Fully Paid,Good Loan,26080,1813.86
LN101048,11-02-2022,40,Male,South,28100,26,RENT,Bachelor's,Education,814,0,19600,Approved,17580,5.44,48,Current,Good Loan,14187.21,385.89
LN101049,25-01-2022,54,Female,West,68100,28,MORTGAGE,Bachelor's,Personal,770,0,26400,Approved,24900,8.9,24,Current,Good Loan,19414.32,863.94
LN101050,28-11-2024,36,Male,North,34300,22,RENT,Master's,Medical,538,0,11300,Rejected,0,,12,Not Funded,N/A,0,0
LN101051,11-05-2022,45,Male,East,40400,19,MORTGAGE,Master's,Car,588,0,10100,Approved,8710,11.42,48,Fully Paid,Good Loan,8710,497.34
LN101052,18-04-2022,32,Male,South,36300,5,RENT,Bachelor's,Car,667,1,10400,Rejected,0,,48,Not Funded,N/A,0,0
LN101053,21-06-2022,27,Female,North,64200,11,MORTGAGE,Bachelor's,Debt Consolidation,711,1,2200,Rejected,0,,48,Not Funded,N/A,0,0
LN101054,12-04-2022,59,Female,East,34800,11,MORTGAGE,High School,Debt Consolidation,321,0,28000,Rejected,0,,12,Not Funded,N/A,0,0
LN101055,15-05-2024,37,Female,North,31200,2,RENT,Bachelor's,Home Improvement,653,0,39400,Approved,34660,10.33,48,Current,Good Loan,29593.99,1528.53
LN101056,08-06-2023,31,Male,West,33900,34,RENT,Master's,Debt Consolidation,841,0,13100,Approved,12350,4.74,48,Current,Good Loan,4064.59,96.33
LN101057,02-10-2022,26,Female,East,39400,18,MORTGAGE,Bachelor's,Medical,719,0,37300,Approved,32270,9.53,24,Charged Off,Bad Loan,12027.74,573.12
LN101058,03-12-2024,43,Male,East,67700,3,RENT,Bachelor's,Debt Consolidation,614,0,24700,Approved,21320,10.82,36,Fully Paid,Good Loan,21320,1153.41
LN101059,27-03-2024,47,Male,North,81600,30,RENT,Bachelor's,Home Improvement,628,0,9800,Approved,9720,10.37,60,Current,Good Loan,8131.06,421.6
LN101060,14-08-2024,26,Female,South,81000,32,MORTGAGE,Master's,Home Improvement,769,0,1500,Approved,1300,7.22,12,Charged Off,Bad Loan,412.4,14.89
LN101061,06-11-2024,58,Male,East,53300,5,RENT,High School,Business,762,0,29200,Approved,26470,8.49,60,Fully Paid,Good Loan,26470,1123.65
LN101062,26-11-2022,22,Female,East,52700,7,MORTGAGE,Bachelor's,Education,739,0,28200,Approved,24530,8.31,48,Current,Good Loan,11193.1,465.07
LN101063,12-01-2022,42,Male,North,49900,27,RENT,Bachelor's,Personal,547,0,9900,Approved,9810,12.83,36,Current,Good Loan,8422.33,540.29
LN101064,04-08-2022,40,Female,North,66200,14,RENT,High School,Debt Consolidation,470,0,14000,Rejected,0,,24,Not Funded,N/A,0,0
LN101065,05-12-2022,45,Female,South,89700,30,MORTGAGE,Bachelor's,Education,578,0,36000,Approved,31200,12.17,24,Current,Good Loan,13410.56,816.03
LN101066,23-10-2023,35,Male,East,50600,7,RENT,Bachelor's,Debt Consolidation,447,0,7100,Rejected,0,,12,Not Funded,N/A,0,0
LN101067,09-01-2023,49,Male,North,68900,5,RENT,High School,Debt Consolidation,442,2,33600,Rejected,0,,36,Not Funded,N/A,0,0
LN101068,02-09-2024,28,Male,East,31000,28,MORTGAGE,Bachelor's,Debt Consolidation,370,0,7600,Rejected,0,,12,Not Funded,N/A,0,0
LN101069,11-12-2023,57,Female,South,79500,33,RENT,Bachelor's,Home Improvement,610,0,19800,Approved,18930,12.49,24,Fully Paid,Good Loan,18930,1182.18
LN101070,11-04-2023,53,Male,South,59700,6,MORTGAGE,High School,Business,766,1,20500,Approved,17590,6.3,48,Current,Good Loan,8855.68,278.95
LN101071,04-05-2023,42,Female,South,34000,9,OWN,PhD,Debt Consolidation,340,0,19400,Rejected,0,,12,Not Funded,N/A,0,0
LN101072,16-02-2022,25,Female,East,87700,12,MORTGAGE,High School,Home Improvement,655,0,12200,Approved,11070,10.28,36,Fully Paid,Good Loan,11070,569
LN101073,17-02-2024,59,Male,North,31000,21,RENT,Bachelor's,Debt Consolidation,443,0,10900,Rejected,0,,12,Not Funded,N/A,0,0
LN101074,05-11-2024,38,Male,North,19500,20,MORTGAGE,High School,Education,578,0,29600,Rejected,0,,24,Not Funded,N/A,0,0
LN101075,12-12-2023,58,Female,South,79300,0,RENT,Bachelor's,Education,770,0,11800,Approved,11310,7.34,12,Current,Good Loan,4768.01,174.99
LN101076,05-02-2023,57,Male,South,64400,1,RENT,Bachelor's,Medical,357,0,24800,Rejected,0,,48,Not Funded,N/A,0,0
LN101077,07-09-2024,50,Male,South,31400,28,MORTGAGE,Bachelor's,Business,467,0,34000,Rejected,0,,24,Not Funded,N/A,0,0
LN101078,07-09-2022,51,Male,West,63600,10,RENT,Master's,Education,465,0,33600,Rejected,0,,12,Not Funded,N/A,0,0
LN101079,26-01-2023,30,Male,Central,91700,6,RENT,Master's,Debt Consolidation,672,0,7500,Approved,7480,11.22,60,Current,Good Loan,2844.68,159.59
LN101080,01-12-2022,35,Female,South,60900,34,RENT,Bachelor's,Debt Consolidation,381,0,26500,Rejected,0,,60,Not Funded,N/A,0,0
LN101081,21-09-2023,62,Male,West,162300,29,OWN,High School,Medical,433,0,24500,Approved,23820,15.47,24,Fully Paid,Good Loan,23820,1842.48
LN101082,17-05-2022,64,Female,South,36900,15,RENT,Bachelor's,Education,663,0,12000,Rejected,0,,48,Not Funded,N/A,0,0
LN101083,01-06-2024,38,Male,South,19800,14,RENT,Bachelor's,Personal,784,0,16300,Approved,14050,8.13,36,Fully Paid,Good Loan,14050,571.13
LN101084,19-11-2023,43,Female,Central,28700,19,MORTGAGE,High School,Personal,345,0,12100,Rejected,0,,48,Not Funded,N/A,0,0
LN101085,06-04-2024,53,Male,West,19300,27,MORTGAGE,High School,Car,561,0,21900,Approved,20920,12.86,12,Current,Good Loan,7861.17,505.47
LN101086,28-12-2023,36,Male,Central,141800,2,RENT,Bachelor's,Personal,768,1,32300,Approved,30740,7.47,24,Fully Paid,Good Loan,30740,1148.14
LN101087,17-08-2023,58,Male,North,54100,28,OWN,High School,Education,521,0,35200,Rejected,0,,60,Not Funded,N/A,0,0
LN101088,16-09-2024,55,Female,North,129700,8,RENT,Bachelor's,Debt Consolidation,391,1,29200,Rejected,0,,36,Not Funded,N/A,0,0
LN101089,07-01-2023,54,Female,East,46200,26,RENT,Master's,Debt Consolidation,318,0,19900,Rejected,0,,24,Not Funded,N/A,0,0
LN101090,23-07-2024,48,Male,East,36100,31,RENT,Bachelor's,Car,569,0,38400,Approved,36290,14.3,24,Fully Paid,Good Loan,36290,2594.74
LN101091,21-09-2024,22,Male,North,24900,30,MORTGAGE,PhD,Debt Consolidation,714,0,23000,Approved,21750,8.71,24,Current,Good Loan,11726.4,510.68
LN101092,06-02-2023,50,Male,Central,45300,25,RENT,High School,Debt Consolidation,546,0,19700,Rejected,0,,12,Not Funded,N/A,0,0
LN101093,07-09-2023,33,Male,East,79200,2,MORTGAGE,High School,Business,601,2,34400,Rejected,0,,60,Not Funded,N/A,0,0
LN101094,21-09-2024,61,Female,South,49000,10,OWN,Bachelor's,Home Improvement,315,0,8200,Rejected,0,,60,Not Funded,N/A,0,0
LN101095,12-09-2023,36,Female,East,26400,28,RENT,Master's,Business,802,0,7200,Approved,7110,6.87,60,Current,Good Loan,6263.11,215.14
LN101096,07-07-2022,25,Male,East,72700,26,OWN,Bachelor's,Education,694,1,31500,Rejected,0,,36,Not Funded,N/A,0,0
LN101097,11-05-2022,48,Female,North,79000,9,RENT,Bachelor's,Education,483,0,35000,Approved,33370,14.28,12,Fully Paid,Good Loan,33370,2382.62
LN101098,15-03-2024,59,Male,Central,42700,34,RENT,Master's,Business,740,0,3800,Rejected,0,,48,Not Funded,N/A,0,0
LN101099,24-07-2024,40,Female,South,40300,22,MORTGAGE,Bachelor's,Home Improvement,549,0,30800,Rejected,0,,60,Not Funded,N/A,0,0
LN101100,12-09-2024,44,Male,North,25100,5,MORTGAGE,Master's,Debt Consolidation,675,0,17600,Approved,15250,9.24,48,Current,Good Loan,13714.43,633.61
LN101101,02-07-2022,47,Male,Central,71900,10,MORTGAGE,Master's,Personal,757,0,28400,Approved,25690,8.12,24,Fully Paid,Good Loan,25690,1043.01
LN101102,09-09-2024,50,Male,Central,44000,26,MORTGAGE,High School,Home Improvement,387,2,6300,Rejected,0,,24,Not Funded,N/A,0,0
LN101103,30-12-2022,47,Male,West,16200,30,OWN,Master's,Business,645,0,38900,Approved,36260,11.11,24,Current,Good Loan,14766,820.25
LN101104,08-02-2022,46,Female,Central,27800,29,MORTGAGE,High School,Business,689,0,35400,Approved,33070,9.11,60,Current,Good Loan,19530.69,889.62
LN101105,12-05-2023,27,Female,East,69800,2,RENT,Master's,Home Improvement,479,0,16800,Rejected,0,,24,Not Funded,N/A,0,0
LN101106,08-09-2024,62,Male,Central,46500,12,OWN,High School,Home Improvement,675,0,35800,Approved,35190,8.54,12,Fully Paid,Good Loan,35190,1502.61
LN101107,09-07-2024,58,Female,North,32500,20,OWN,Bachelor's,Debt Consolidation,482,0,35900,Rejected,0,,24,Not Funded,N/A,0,0
LN101108,23-12-2023,25,Male,West,55500,10,RENT,Master's,Debt Consolidation,628,0,19000,Rejected,0,,60,Not Funded,N/A,0,0
LN101109,16-01-2022,43,Female,West,37100,2,MORTGAGE,High School,Debt Consolidation,789,0,37900,Approved,32880,5.09,12,Fully Paid,Good Loan,32880,836.8
LN101110,08-05-2023,48,Male,North,40600,30,MORTGAGE,Bachelor's,Personal,499,0,39100,Rejected,0,,60,Not Funded,N/A,0,0
LN101111,12-06-2024,54,Male,East,48000,23,MORTGAGE,Bachelor's,Business,778,0,9500,Approved,9390,7.46,24,Fully Paid,Good Loan,9390,350.25
LN101112,07-11-2022,35,Male,East,115700,11,RENT,High School,Debt Consolidation,754,0,3600,Approved,3330,8.77,12,Current,Good Loan,2808.81,123.17
LN101113,09-01-2024,52,Female,West,115400,26,MORTGAGE,Master's,Business,739,0,13900,Approved,12010,7.84,24,Fully Paid,Good Loan,12010,470.79
LN101114,30-06-2023,46,Female,North,22300,20,OWN,High School,Debt Consolidation,798,0,20100,Approved,18910,7.17,12,Fully Paid,Good Loan,18910,677.92
LN101115,18-02-2023,51,Male,West,52600,24,RENT,Master's,Home Improvement,455,0,4600,Approved,4160,17.99,48,Fully Paid,Good Loan,4160,374.19
LN101116,08-09-2022,39,Male,North,28200,29,MORTGAGE,Bachelor's,Car,758,1,6500,Approved,5680,7.74,12,Fully Paid,Good Loan,5680,219.82
LN101117,29-01-2024,29,Male,South,33600,29,MORTGAGE,Master's,Car,482,0,38900,Rejected,0,,48,Not Funded,N/A,0,0
LN101118,28-11-2024,49,Female,Central,23500,9,RENT,Master's,Education,735,0,29800,Approved,26400,9.88,24,Current,Good Loan,23557.3,1163.73
LN101119,24-03-2024,59,Female,East,36700,2,RENT,Bachelor's,Personal,345,1,35100,Rejected,0,,12,Not Funded,N/A,0,0
LN101120,29-01-2022,24,Male,South,31700,12,MORTGAGE,Master's,Personal,543,0,38900,Rejected,0,,60,Not Funded,N/A,0,0
LN101121,15-08-2024,23,Male,North,85900,26,RENT,High School,Business,455,0,15700,Rejected,0,,12,Not Funded,N/A,0,0
LN101122,22-04-2023,49,Female,West,37100,17,RENT,Master's,Personal,693,0,27800,Approved,26550,10.97,12,Current,Good Loan,21566.56,1182.93
LN101123,14-11-2022,31,Male,Central,22600,23,MORTGAGE,Bachelor's,Business,548,0,8200,Rejected,0,,12,Not Funded,N/A,0,0
LN101124,02-09-2022,53,Male,Central,54100,13,MORTGAGE,Bachelor's,Debt Consolidation,554,2,22500,Rejected,0,,36,Not Funded,N/A,0,0
LN101125,18-01-2024,58,Male,West,50000,3,RENT,Bachelor's,Car,661,0,9200,Approved,8180,9.71,60,Fully Paid,Good Loan,8180,397.14
LN101126,28-11-2023,31,Male,North,48100,15,MORTGAGE,Bachelor's,Debt Consolidation,676,0,7300,Approved,6990,9.97,12,Fully Paid,Good Loan,6990,348.45
LN101127,29-09-2022,47,Male,South,71300,9,MORTGAGE,Bachelor's,Home Improvement,452,0,4800,Approved,4470,15.82,12,Fully Paid,Good Loan,4470,353.58
LN101128,12-01-2023,53,Female,North,94300,26,RENT,High School,Home Improvement,539,0,23600,Rejected,0,,24,Not Funded,N/A,0,0
LN101129,23-09-2022,41,Male,South,47800,0,MORTGAGE,High School,Car,759,0,38000,Approved,34180,7.25,60,Fully Paid,Good Loan,34180,1239.02
LN101130,14-07-2024,59,Female,South,61100,4,MORTGAGE,High School,Debt Consolidation,451,2,5800,Rejected,0,,12,Not Funded,N/A,0,0
LN101131,09-07-2024,51,Male,South,48400,12,RENT,High School,Home Improvement,739,0,20600,Rejected,0,,12,Not Funded,N/A,0,0
LN101132,06-12-2022,58,Female,East,68000,2,OWN,High School,Home Improvement,539,0,27800,Approved,26610,12.92,12,Fully Paid,Good Loan,26610,1719.01
LN101133,24-01-2023,22,Male,South,28000,16,MORTGAGE,Bachelor's,Business,482,0,20300,Rejected,0,,48,Not Funded,N/A,0,0
LN101134,31-07-2023,47,Female,West,71500,18,RENT,Bachelor's,Home Improvement,609,0,36600,Rejected,0,,36,Not Funded,N/A,0,0
LN101135,03-01-2022,56,Male,Central,61500,4,RENT,Master's,Business,558,0,7500,Rejected,0,,60,Not Funded,N/A,0,0
LN101136,11-01-2023,31,Male,East,35200,23,MORTGAGE,Bachelor's,Personal,759,1,1900,Rejected,0,,48,Not Funded,N/A,0,0
LN101137,20-11-2022,38,Male,West,146400,32,RENT,High School,Debt Consolidation,730,0,15900,Approved,15410,8.13,12,Current,Good Loan,3313.37,134.69
LN101138,26-05-2022,21,Female,West,29400,20,RENT,High School,Car,799,0,22700,Approved,21950,6.38,60,Current,Good Loan,15896.36,507.09
LN101139,20-10-2022,55,Male,South,62800,2,RENT,Bachelor's,Home Improvement,375,0,10900,Rejected,0,,48,Not Funded,N/A,0,0
LN101140,08-03-2023,55,Female,North,35200,3,MORTGAGE,Master's,Business,596,0,7600,Rejected,0,,36,Not Funded,N/A,0,0
LN101141,06-12-2023,51,Female,North,70300,31,RENT,Bachelor's,Medical,661,0,32400,Approved,30840,9.82,48,Fully Paid,Good Loan,30840,1514.24
LN101142,06-08-2024,48,Male,South,133200,23,OWN,Bachelor's,Personal,482,0,8400,Approved,8080,16.88,24,Fully Paid,Good Loan,8080,681.95
LN101143,08-08-2023,59,Female,West,76800,34,MORTGAGE,High School,Debt Consolidation,358,0,18300,Rejected,0,,12,Not Funded,N/A,0,0
LN101144,03-02-2023,21,Male,Central,51400,17,MORTGAGE,Bachelor's,Education,705,0,38200,Rejected,0,,48,Not Funded,N/A,0,0
LN101145,27-03-2024,45,Male,Central,82300,2,MORTGAGE,Bachelor's,Debt Consolidation,826,0,24900,Approved,22290,7.85,36,Charged Off,Bad Loan,4739.74,186.03
LN101146,21-08-2024,63,Male,North,41500,25,MORTGAGE,High School,Business,486,0,20400,Rejected,0,,12,Not Funded,N/A,0,0
LN101147,06-07-2022,58,Female,Central,67500,23,MORTGAGE,Bachelor's,Medical,324,0,15000,Rejected,0,,24,Not Funded,N/A,0,0
LN101148,02-03-2022,40,Male,South,56400,0,MORTGAGE,High School,Debt Consolidation,598,0,21300,Rejected,0,,24,Not Funded,N/A,0,0
LN101149,27-07-2024,23,Female,West,31300,33,RENT,Bachelor's,Medical,491,0,29600,Rejected,0,,48,Not Funded,N/A,0,0
LN101150,11-12-2023,22,Male,North,116900,11,RENT,Bachelor's,Home Improvement,430,0,33100,Approved,31480,16.81,12,Fully Paid,Good Loan,31480,2645.89
LN101151,17-03-2024,38,Male,North,94800,16,MORTGAGE,Bachelor's,Education,803,0,26300,Approved,25850,6,48,Current,Good Loan,13470.78,404.12
LN101152,11-01-2022,64,Female,South,36900,20,MORTGAGE,Bachelor's,Education,506,1,31800,Approved,28550,13.25,24,Current,Good Loan,18968.91,1256.69
LN101153,21-12-2024,30,Male,Central,86000,20,RENT,Bachelor's,Education,537,1,4400,Rejected,0,,60,Not Funded,N/A,0,0
LN101154,14-08-2022,25,Male,South,31900,2,RENT,PhD,Debt Consolidation,491,0,1600,Rejected,0,,48,Not Funded,N/A,0,0
LN101155,18-07-2023,29,Female,North,66700,27,MORTGAGE,Bachelor's,Debt Consolidation,327,0,29600,Rejected,0,,60,Not Funded,N/A,0,0
LN101156,11-02-2024,22,Male,Central,55300,24,RENT,Master's,Car,406,0,11200,Rejected,0,,12,Not Funded,N/A,0,0
LN101157,03-06-2024,54,Male,Central,115300,5,OWN,High School,Personal,522,0,35200,Approved,35110,13.04,24,Charged Off,Bad Loan,1803.62,117.6
LN101158,14-08-2022,58,Male,North,62900,29,MORTGAGE,Bachelor's,Business,679,0,21900,Approved,21330,8.59,48,Charged Off,Bad Loan,1105.62,47.49
LN101159,04-04-2024,51,Male,West,27000,31,RENT,High School,Business,728,0,19700,Approved,17920,6.43,48,Current,Good Loan,9642.5,310.01
LN101160,06-08-2022,30,Female,South,85700,21,RENT,High School,Medical,383,0,31100,Rejected,0,,48,Not Funded,N/A,0,0
LN101161,25-07-2024,32,Female,South,44400,13,RENT,Bachelor's,Home Improvement,797,0,29900,Approved,29340,6.33,12,Current,Good Loan,14705.44,465.43
LN101162,23-01-2024,56,Male,South,43500,33,RENT,Bachelor's,Home Improvement,536,0,28500,Rejected,0,,12,Not Funded,N/A,0,0
LN101163,21-05-2023,41,Male,South,54900,25,OWN,Bachelor's,Medical,448,2,27900,Rejected,0,,36,Not Funded,N/A,0,0
LN101164,16-09-2022,26,Male,East,41800,12,OWN,Master's,Debt Consolidation,334,0,21100,Rejected,0,,48,Not Funded,N/A,0,0
LN101165,23-02-2022,23,Female,East,121500,29,OWN,Master's,Car,396,0,37100,Rejected,0,,12,Not Funded,N/A,0,0
LN101166,06-12-2024,30,Male,South,77800,18,MORTGAGE,High School,Home Improvement,532,0,35700,Rejected,0,,24,Not Funded,N/A,0,0
LN101167,28-12-2023,25,Male,West,32400,2,MORTGAGE,Bachelor's,Business,706,0,13800,Approved,13120,9.78,12,Current,Good Loan,11378.26,556.4
LN101168,20-11-2023,46,Female,West,39100,30,OWN,Bachelor's,Education,824,0,32400,Approved,28100,4.93,12,Current,Good Loan,9187.31,226.47
LN101169,09-11-2024,41,Female,South,30100,11,OWN,Master's,Debt Consolidation,788,0,35800,Approved,34430,7.43,48,Fully Paid,Good Loan,34430,1279.07
LN101170,23-02-2023,46,Male,North,83700,14,OWN,Bachelor's,Business,703,0,25100,Approved,22910,10.11,60,Current,Good Loan,12291.43,621.33
LN101171,21-11-2023,58,Male,East,52600,13,OWN,High School,Education,522,0,22700,Approved,21210,14.72,24,Fully Paid,Good Loan,21210,1561.06
LN101172,29-04-2024,64,Male,West,34900,34,MORTGAGE,Bachelor's,Debt Consolidation,702,0,27200,Approved,26390,9.08,60,Current,Good Loan,16013.91,727.03
LN101173,03-03-2022,46,Male,East,109900,15,RENT,Bachelor's,Business,750,0,7400,Approved,6570,9.14,36,Current,Good Loan,5477.66,250.33
LN101174,04-08-2022,28,Female,East,68000,23,RENT,PhD,Home Improvement,483,0,4400,Rejected,0,,48,Not Funded,N/A,0,0
LN101175,03-01-2022,25,Female,South,58900,16,MORTGAGE,High School,Business,576,0,33000,Approved,31660,11.62,60,Charged Off,Bad Loan,2462.07,143.05
LN101176,09-06-2022,35,Female,East,57700,17,MORTGAGE,Bachelor's,Debt Consolidation,685,0,23400,Approved,23110,8.46,12,Current,Good Loan,13751.84,581.7
LN101177,20-02-2024,36,Male,South,29400,16,MORTGAGE,Bachelor's,Medical,792,0,5800,Approved,5180,6.05,12,Current,Good Loan,1400.21,42.36
LN101178,11-06-2024,21,Male,Central,69700,15,MORTGAGE,Bachelor's,Debt Consolidation,594,0,17200,Approved,16230,11.61,36,Fully Paid,Good Loan,16230,942.15
LN101179,25-11-2022,36,Male,West,44900,20,MORTGAGE,Master's,Education,360,0,12600,Rejected,0,,36,Not Funded,N/A,0,0
LN101180,03-08-2023,57,Male,South,80200,23,RENT,Master's,Medical,445,0,35100,Rejected,0,,24,Not Funded,N/A,0,0
LN101181,09-08-2024,23,Female,East,72200,33,RENT,Bachelor's,Medical,825,0,20800,Approved,20470,5.84,24,Fully Paid,Good Loan,20470,597.72
LN101182,27-09-2023,51,Male,West,52700,26,RENT,High School,Car,482,0,23500,Rejected,0,,48,Not Funded,N/A,0,0
LN101183,14-09-2024,33,Male,South,51100,16,RENT,Bachelor's,Home Improvement,614,0,10200,Approved,10090,10.13,36,Charged Off,Bad Loan,255.57,12.94
LN101184,09-07-2024,36,Male,East,114300,24,MORTGAGE,High School,Personal,335,0,32200,Rejected,0,,48,Not Funded,N/A,0,0
LN101185,08-01-2024,63,Male,West,29700,20,RENT,Bachelor's,Debt Consolidation,355,1,37300,Rejected,0,,60,Not Funded,N/A,0,0
LN101186,19-06-2022,41,Male,West,41900,3,RENT,Bachelor's,Business,340,0,31900,Rejected,0,,24,Not Funded,N/A,0,0
LN101187,05-06-2023,22,Female,North,90300,24,RENT,Bachelor's,Debt Consolidation,682,1,20200,Rejected,0,,48,Not Funded,N/A,0,0
LN101188,09-02-2022,47,Male,East,105700,29,MORTGAGE,Bachelor's,Medical,468,0,33600,Approved,29850,13.89,36,Charged Off,Bad Loan,10032.25,696.74
LN101189,12-08-2024,58,Female,Central,50900,32,RENT,Bachelor's,Car,470,0,8300,Rejected,0,,60,Not Funded,N/A,0,0
LN101190,10-09-2024,46,Male,Central,39500,25,MORTGAGE,Bachelor's,Car,755,0,5400,Approved,4670,4.54,24,Fully Paid,Good Loan,4670,106.01
LN101191,01-09-2024,58,Male,West,39900,24,RENT,Bachelor's,Debt Consolidation,790,0,18100,Approved,16190,5.23,48,Fully Paid,Good Loan,16190,423.37
LN101192,07-02-2022,45,Female,Central,28400,15,RENT,Bachelor's,Debt Consolidation,593,0,8100,Rejected,0,,36,Not Funded,N/A,0,0
LN101193,24-11-2022,31,Male,East,133400,23,MORTGAGE,Bachelor's,Education,563,0,11100,Approved,9720,12.3,48,Current,Good Loan,7620.06,468.63
LN101194,02-07-2024,28,Female,South,50700,4,OWN,High School,Personal,546,0,23800,Approved,20420,11.16,24,Fully Paid,Good Loan,20420,1139.44
LN101195,30-03-2023,28,Male,East,66800,12,MORTGAGE,Master's,Debt Consolidation,447,0,16800,Rejected,0,,60,Not Funded,N/A,0,0
LN101196,06-02-2022,53,Male,North,67100,29,MORTGAGE,Master's,Personal,740,0,34800,Approved,33870,7.88,12,Charged Off,Bad Loan,4242.25,167.14
LN101197,30-08-2024,27,Female,South,105600,6,MORTGAGE,Master's,Business,661,0,9800,Rejected,0,,60,Not Funded,N/A,0,0
LN101198,06-03-2024,58,Female,South,44900,16,MORTGAGE,Bachelor's,Medical,521,0,39900,Rejected,0,,48,Not Funded,N/A,0,0
LN101199,30-08-2024,41,Female,West,46300,26,RENT,Bachelor's,Home Improvement,407,0,15000,Rejected,0,,48,Not Funded,N/A,0,0
LN101200,16-08-2023,28,Female,West,78700,34,MORTGAGE,Bachelor's,Car,514,0,21100,Approved,18710,15.03,12,Current,Good Loan,11453.16,860.7
LN101201,29-11-2024,41,Male,East,24200,4,OWN,High School,Personal,429,0,6200,Rejected,0,,48,Not Funded,N/A,0,0
LN101202,12-08-2022,40,Female,South,105900,4,MORTGAGE,Bachelor's,Debt Consolidation,599,0,23600,Approved,22730,13.34,60,Current,Good Loan,14759.95,984.49
LN101203,14-11-2022,28,Female,North,118400,23,MORTGAGE,PhD,Home Improvement,734,0,38500,Approved,35860,9.66,24,Fully Paid,Good Loan,35860,1732.04
LN101204,15-12-2022,51,Male,South,60500,6,MORTGAGE,High School,Car,661,0,30200,Approved,29330,9.42,60,Current,Good Loan,7164.72,337.46
LN101205,25-04-2022,49,Male,West,35500,6,RENT,Bachelor's,Debt Consolidation,523,0,10500,Approved,9040,10.32,60,Current,Good Loan,3106.86,160.31
LN101206,29-11-2023,29,Female,South,79500,13,MORTGAGE,Master's,Home Improvement,786,1,18300,Rejected,0,,60,Not Funded,N/A,0,0
LN101207,29-11-2024,35,Male,South,49700,14,MORTGAGE,Bachelor's,Debt Consolidation,673,0,17600,Approved,16230,6.53,24,Fully Paid,Good Loan,16230,529.91
LN101208,09-02-2022,50,Male,South,57800,4,OWN,Bachelor's,Education,407,0,4800,Rejected,0,,48,Not Funded,N/A,0,0
LN101209,04-08-2022,46,Female,West,59800,3,OWN,Master's,Debt Consolidation,650,0,35500,Approved,30860,9.91,60,Current,Good Loan,9407.51,466.14
LN101210,02-12-2022,30,Male,Central,40300,29,MORTGAGE,Bachelor's,Home Improvement,722,0,15900,Approved,14020,7.77,24,Current,Good Loan,11653.38,452.73
LN101211,02-04-2022,49,Male,West,63300,19,OWN,Bachelor's,Business,691,0,20300,Approved,18960,8.82,48,Fully Paid,Good Loan,18960,836.14
LN101212,19-12-2022,36,Female,South,28000,25,RENT,Bachelor's,Debt Consolidation,375,0,12400,Rejected,0,,24,Not Funded,N/A,0,0
LN101213,25-07-2023,56,Male,South,20200,8,OWN,Bachelor's,Education,549,0,6900,Approved,5950,10.64,24,Current,Good Loan,3163.06,168.27
LN101214,26-03-2024,40,Female,North,63800,29,RENT,High School,Debt Consolidation,540,0,36200,Approved,34810,13.23,60,Current,Good Loan,9222.74,610.08
LN101215,20-02-2024,57,Male,North,86700,21,RENT,High School,Car,525,0,2500,Rejected,0,,12,Not Funded,N/A,0,0
LN101216,29-12-2022,42,Male,North,43000,29,MORTGAGE,Bachelor's,Business,772,0,16600,Approved,14370,6.52,60,Fully Paid,Good Loan,14370,468.46
LN101217,11-07-2023,27,Male,North,41900,19,MORTGAGE,Bachelor's,Business,562,1,29500,Rejected,0,,24,Not Funded,N/A,0,0
LN101218,22-12-2022,43,Female,North,72500,27,OWN,Master's,Education,314,0,13000,Rejected,0,,24,Not Funded,N/A,0,0
LN101219,10-07-2022,61,Male,North,53700,6,MORTGAGE,Bachelor's,Debt Consolidation,640,2,18400,Rejected,0,,24,Not Funded,N/A,0,0
LN101220,26-02-2023,60,Male,North,42000,3,OWN,Master's,Medical,795,2,23000,Approved,21740,8.65,36,Current,Good Loan,15515.43,671.04
LN101221,01-12-2023,49,Male,East,62200,27,RENT,High School,Personal,740,0,39800,Approved,36770,6.93,60,Fully Paid,Good Loan,36770,1274.08
LN101222,07-01-2022,36,Male,Central,54300,34,MORTGAGE,Master's,Business,849,2,30600,Approved,27320,4,12,Fully Paid,Good Loan,27320,546.4
LN101223,13-05-2022,58,Male,Central,30900,32,MORTGAGE,Bachelor's,Home Improvement,336,1,38700,Rejected,0,,48,Not Funded,N/A,0,0
LN101224,11-07-2023,48,Male,North,51600,6,MORTGAGE,High School,Medical,474,0,28000,Approved,27040,14.96,12,Fully Paid,Good Loan,27040,2022.59
LN101225,05-04-2024,58,Male,South,58800,8,RENT,Master's,Medical,735,1,11500,Rejected,0,,12,Not Funded,N/A,0,0
LN101226,31-01-2024,51,Male,Central,42600,33,MORTGAGE,Master's,Education,592,0,12200,Approved,10640,11.45,36,Current,Good Loan,5718.34,327.37
LN101227,20-11-2024,34,Female,North,82200,33,MORTGAGE,Master's,Personal,600,0,33100,Approved,31710,11.37,24,Fully Paid,Good Loan,31710,1802.71
LN101228,19-06-2023,53,Female,West,67300,12,MORTGAGE,High School,Business,638,0,17700,Rejected,0,,12,Not Funded,N/A,0,0
LN101229,02-03-2023,29,Male,East,47800,28,MORTGAGE,Bachelor's,Debt Consolidation,322,0,15400,Rejected,0,,24,Not Funded,N/A,0,0
LN101230,03-11-2023,47,Male,Central,57500,34,RENT,Bachelor's,Debt Consolidation,649,0,37900,Approved,35680,10.65,60,Charged Off,Bad Loan,11393.73,606.72
LN101231,29-12-2022,44,Female,Central,45700,9,RENT,Bachelor's,Business,365,2,1500,Rejected,0,,24,Not Funded,N/A,0,0
LN101232,23-03-2022,33,Female,West,49000,29,RENT,Bachelor's,Education,694,2,21500,Rejected,0,,24,Not Funded,N/A,0,0
LN101233,22-12-2022,46,Male,West,49800,25,OWN,Bachelor's,Debt Consolidation,732,0,31200,Approved,30420,7.66,60,Fully Paid,Good Loan,30420,1165.09
LN101234,12-08-2023,49,Female,North,24400,34,MORTGAGE,Master's,Debt Consolidation,328,0,29700,Rejected,0,,60,Not Funded,N/A,0,0
LN101235,22-10-2022,63,Male,North,54800,27,MORTGAGE,Master's,Personal,382,1,15300,Rejected,0,,12,Not Funded,N/A,0,0
LN101236,05-12-2024,48,Male,South,62500,28,MORTGAGE,Master's,Home Improvement,775,0,21900,Approved,21560,5.98,36,Charged Off,Bad Loan,7138.07,213.43
LN101237,17-01-2022,48,Male,North,164000,5,OWN,Bachelor's,Business,734,1,1200,Approved,1120,6.91,48,Fully Paid,Good Loan,1120,38.7
LN101238,26-12-2022,28,Female,North,66000,2,RENT,Bachelor's,Debt Consolidation,432,0,21900,Approved,21040,17.72,60,Current,Good Loan,8834.6,782.75
LN101239,15-05-2024,43,Male,South,40400,28,RENT,High School,Home Improvement,414,1,24000,Rejected,0,,60,Not Funded,N/A,0,0
LN101240,01-12-2023,49,Female,Central,25900,1,MORTGAGE,Bachelor's,Home Improvement,333,0,35100,Rejected,0,,48,Not Funded,N/A,0,0
LN101241,24-03-2023,25,Male,North,33700,21,MORTGAGE,Bachelor's,Personal,377,2,9200,Rejected,0,,24,Not Funded,N/A,0,0
LN101242,05-05-2024,62,Male,South,43300,26,MORTGAGE,Bachelor's,Car,574,1,33200,Rejected,0,,60,Not Funded,N/A,0,0
LN101243,31-12-2022,27,Male,South,43600,21,RENT,Master's,Debt Consolidation,643,1,29000,Rejected,0,,48,Not Funded,N/A,0,0
LN101244,06-11-2023,62,Female,East,48700,9,RENT,Master's,Business,380,0,27000,Rejected,0,,12,Not Funded,N/A,0,0
LN101245,04-10-2024,56,Male,North,45200,18,MORTGAGE,Master's,Medical,371,1,16400,Rejected,0,,36,Not Funded,N/A,0,0
LN101246,12-04-2023,61,Male,Central,48800,23,MORTGAGE,Bachelor's,Debt Consolidation,444,0,15300,Approved,13920,15.97,60,Current,Good Loan,10244.04,817.99
LN101247,18-02-2023,47,Male,East,44800,26,MORTGAGE,Bachelor's,Home Improvement,337,0,28400,Rejected,0,,48,Not Funded,N/A,0,0
LN101248,09-08-2023,22,Female,East,54600,16,RENT,Master's,Personal,773,0,39600,Approved,37880,7.5,60,Fully Paid,Good Loan,37880,1420.5
LN101249,20-09-2024,45,Male,North,36100,9,MORTGAGE,Bachelor's,Medical,470,0,16800,Rejected,0,,24,Not Funded,N/A,0,0
LN101250,26-07-2023,29,Male,East,30700,16,RENT,Master's,Home Improvement,339,1,36800,Rejected,0,,60,Not Funded,N/A,0,0
LN101251,01-12-2022,47,Male,West,48700,9,MORTGAGE,PhD,Business,472,0,23900,Approved,23870,14.96,60,Fully Paid,Good Loan,23870,1785.48
LN101252,06-02-2022,21,Female,North,65900,9,MORTGAGE,Bachelor's,Education,723,2,34900,Rejected,0,,24,Not Funded,N/A,0,0
LN101253,15-09-2024,43,Female,South,32700,16,RENT,PhD,Business,498,0,9500,Rejected,0,,60,Not Funded,N/A,0,0
LN101254,05-10-2022,30,Female,North,41800,25,RENT,Bachelor's,Home Improvement,521,0,30700,Rejected,0,,24,Not Funded,N/A,0,0
LN101255,04-07-2024,62,Male,Central,50700,25,RENT,High School,Home Improvement,749,1,33600,Approved,28740,6.61,48,Charged Off,Bad Loan,8252.03,272.73
LN101256,29-04-2023,45,Male,North,50200,33,OWN,High School,Debt Consolidation,727,0,33500,Approved,31160,10.07,36,Current,Good Loan,18713.06,942.2
LN101257,01-01-2024,23,Female,Central,76000,3,MORTGAGE,Bachelor's,Personal,747,0,31600,Approved,30010,7.41,36,Fully Paid,Good Loan,30010,1111.87
LN101258,11-07-2022,26,Male,South,82700,26,MORTGAGE,High School,Debt Consolidation,731,0,12900,Approved,11760,8.25,48,Fully Paid,Good Loan,11760,485.1
LN101259,06-11-2024,26,Male,East,59900,20,MORTGAGE,Bachelor's,Education,621,0,21400,Approved,19430,9.73,12,Current,Good Loan,7069.49,343.93
LN101260,08-06-2023,22,Male,West,93400,30,OWN,High School,Personal,451,0,12700,Approved,11830,16.02,12,Charged Off,Bad Loan,4264.91,341.62
LN101261,06-07-2024,38,Female,North,45900,6,MORTGAGE,PhD,Home Improvement,344,0,14400,Rejected,0,,36,Not Funded,N/A,0,0
LN101262,05-02-2023,43,Male,South,79100,33,RENT,High School,Debt Consolidation,623,2,12700,Rejected,0,,48,Not Funded,N/A,0,0
LN101263,04-06-2024,22,Male,South,41100,17,RENT,Bachelor's,Personal,711,0,12100,Approved,11010,11.84,60,Current,Good Loan,3802.2,225.09
LN101264,06-12-2023,32,Female,North,61900,23,MORTGAGE,Bachelor's,Car,560,0,28000,Approved,26540,12.91,48,Fully Paid,Good Loan,26540,1713.16
LN101265,22-01-2022,42,Male,West,72400,12,RENT,Master's,Education,518,0,26400,Approved,23180,14.63,24,Current,Good Loan,8769.42,641.48
LN101266,19-04-2023,57,Male,North,55600,12,RENT,Bachelor's,Education,346,0,9000,Rejected,0,,48,Not Funded,N/A,0,0
LN101267,29-07-2022,40,Female,West,35100,24,OWN,Master's,Home Improvement,602,0,28000,Rejected,0,,12,Not Funded,N/A,0,0
LN101268,02-11-2022,59,Female,South,25500,4,OWN,Bachelor's,Education,489,0,12400,Rejected,0,,60,Not Funded,N/A,0,0
LN101269,05-12-2023,44,Female,North,69600,28,OWN,High School,Medical,635,0,8900,Approved,8530,11.24,60,Charged Off,Bad Loan,476.09,26.76
LN101270,18-11-2023,40,Female,West,47900,32,RENT,Bachelor's,Debt Consolidation,519,1,30100,Rejected,0,,36,Not Funded,N/A,0,0
LN101271,12-10-2022,21,Male,East,49400,23,RENT,Bachelor's,Debt Consolidation,418,0,15200,Approved,14690,17.14,24,Fully Paid,Good Loan,14690,1258.93
LN101272,17-12-2023,21,Female,South,106400,9,RENT,Bachelor's,Home Improvement,381,0,23200,Approved,19970,18.69,60,Fully Paid,Good Loan,19970,1866.2
LN101273,02-02-2024,37,Male,East,35400,24,MORTGAGE,Bachelor's,Home Improvement,312,0,8800,Rejected,0,,36,Not Funded,N/A,0,0
LN101274,05-08-2024,21,Female,South,75600,9,MORTGAGE,Bachelor's,Personal,777,0,24900,Approved,22140,10.22,60,Fully Paid,Good Loan,22140,1131.35
LN101275,16-01-2023,50,Female,Central,38900,15,MORTGAGE,High School,Education,598,0,9100,Approved,8850,11.09,12,Fully Paid,Good Loan,8850,490.73
LN101276,05-04-2023,61,Female,South,50000,27,OWN,High School,Home Improvement,391,0,7500,Rejected,0,,60,Not Funded,N/A,0,0
LN101277,27-10-2024,23,Female,South,33200,11,MORTGAGE,Master's,Car,575,0,16100,Rejected,0,,12,Not Funded,N/A,0,0
LN101278,29-01-2022,31,Female,West,38800,31,RENT,Master's,Home Improvement,603,0,31800,Approved,30140,12.65,48,Current,Good Loan,13138.22,830.99
LN101279,25-06-2024,44,Male,North,65200,28,RENT,High School,Personal,572,0,7900,Rejected,0,,12,Not Funded,N/A,0,0
LN101280,22-11-2024,42,Female,South,97000,26,RENT,High School,Medical,711,1,5600,Approved,5130,8.38,12,Current,Good Loan,4347.74,182.17
LN101281,28-05-2024,64,Male,South,65600,25,RENT,Bachelor's,Car,335,1,2200,Rejected,0,,12,Not Funded,N/A,0,0
LN101282,20-03-2022,46,Male,Central,62200,2,RENT,Master's,Debt Consolidation,721,0,17200,Approved,14700,6.79,60,Fully Paid,Good Loan,14700,499.06
LN101283,04-08-2024,33,Male,Central,170600,25,MORTGAGE,High School,Debt Consolidation,777,0,12000,Approved,11790,7.07,24,Fully Paid,Good Loan,11790,416.78
LN101284,04-04-2023,21,Male,West,69700,0,RENT,Bachelor's,Home Improvement,801,0,12400,Approved,11810,8.46,12,Current,Good Loan,10435.72,441.43
LN101285,24-07-2023,44,Female,East,35600,34,MORTGAGE,High School,Home Improvement,637,0,39300,Rejected,0,,36,Not Funded,N/A,0,0
LN101286,08-01-2024,30,Female,East,25400,26,MORTGAGE,Bachelor's,Medical,709,0,8600,Approved,8300,7.93,60,Charged Off,Bad Loan,1956.92,77.59
LN101287,31-05-2023,55,Male,South,64300,3,RENT,High School,Debt Consolidation,762,0,18900,Approved,16880,9.79,24,Fully Paid,Good Loan,16880,826.28
LN101288,01-02-2023,44,Male,South,28800,18,RENT,High School,Business,812,0,39500,Approved,35190,5.16,24,Fully Paid,Good Loan,35190,907.9
LN101289,08-02-2022,48,Male,Central,34500,21,RENT,Bachelor's,Education,380,0,2200,Rejected,0,,60,Not Funded,N/A,0,0
LN101290,05-06-2024,56,Female,North,62100,5,RENT,Bachelor's,Home Improvement,778,0,28200,Approved,24750,4.88,36,Current,Good Loan,15447.16,376.91
LN101291,07-03-2024,36,Male,South,86500,8,MORTGAGE,Master's,Debt Consolidation,685,0,15500,Approved,13430,9.22,48,Charged Off,Bad Loan,572.52,26.39
LN101292,06-06-2022,60,Female,Central,47600,10,MORTGAGE,High School,Car,719,1,36300,Approved,30940,7.15,60,Charged Off,Bad Loan,1921.42,68.69
LN101293,02-06-2024,36,Female,West,31500,21,MORTGAGE,Bachelor's,Debt Consolidation,739,0,36600,Approved,32750,10.52,24,Current,Good Loan,26817.51,1410.6
LN101294,31-08-2024,37,Male,North,50700,8,RENT,High School,Home Improvement,334,0,16100,Rejected,0,,48,Not Funded,N/A,0,0
LN101295,11-11-2024,35,Female,North,47900,28,MORTGAGE,Bachelor's,Medical,800,0,9600,Approved,9310,5.14,24,Fully Paid,Good Loan,9310,239.27
LN101296,28-04-2024,36,Female,East,57100,9,MORTGAGE,High School,Education,483,0,17700,Rejected,0,,12,Not Funded,N/A,0,0
LN101297,18-01-2024,35,Female,East,31500,33,RENT,High School,Medical,447,0,38600,Rejected,0,,48,Not Funded,N/A,0,0
LN101298,15-09-2024,54,Male,South,37200,30,RENT,Bachelor's,Car,563,0,12000,Rejected,0,,60,Not Funded,N/A,0,0
LN101299,21-01-2022,31,Male,South,85900,21,OWN,Bachelor's,Car,788,0,39300,Approved,33820,7.06,60,Fully Paid,Good Loan,33820,1193.85
LN101300,30-10-2022,21,Female,Central,76300,3,RENT,Bachelor's,Home Improvement,581,0,33000,Approved,31640,12.41,36,Fully Paid,Good Loan,31640,1963.26
LN101301,18-05-2024,35,Male,South,91500,1,MORTGAGE,Bachelor's,Business,501,0,11400,Approved,10550,15.38,48,Charged Off,Bad Loan,408.25,31.39
LN101302,25-03-2022,46,Female,East,23600,4,RENT,Bachelor's,Education,716,0,31900,Approved,27150,8.39,36,Fully Paid,Good Loan,27150,1138.94
LN101303,24-07-2023,24,Male,South,36400,14,RENT,High School,Medical,616,0,2900,Rejected,0,,60,Not Funded,N/A,0,0
LN101304,22-07-2024,63,Male,North,84600,18,MORTGAGE,Bachelor's,Business,527,0,22400,Approved,21560,12.8,36,Fully Paid,Good Loan,21560,1379.84
LN101305,05-10-2024,25,Male,North,70700,14,OWN,High School,Business,367,0,14900,Rejected,0,,48,Not Funded,N/A,0,0
LN101306,03-03-2024,55,Male,Central,65100,7,MORTGAGE,High School,Education,779,0,17700,Approved,17600,5.84,60,Charged Off,Bad Loan,6499.16,189.78
LN101307,02-03-2024,33,Male,Central,46000,19,RENT,High School,Home Improvement,400,0,19400,Rejected,0,,24,Not Funded,N/A,0,0
LN101308,07-05-2023,30,Male,North,41000,11,OWN,High School,Car,542,0,20600,Rejected,0,,60,Not Funded,N/A,0,0
LN101309,27-07-2022,31,Male,Central,55000,3,MORTGAGE,Master's,Debt Consolidation,389,0,26600,Approved,22920,18.51,36,Fully Paid,Good Loan,22920,2121.25
LN101310,19-12-2024,38,Female,North,44300,14,RENT,Bachelor's,Car,426,1,28200,Rejected,0,,36,Not Funded,N/A,0,0
LN101311,06-03-2023,54,Female,East,68700,0,RENT,Bachelor's,Education,698,0,39100,Approved,34980,7.99,60,Current,Good Loan,17105.38,683.36
LN101312,11-09-2024,59,Male,North,55100,30,MORTGAGE,Bachelor's,Education,601,0,30700,Approved,26730,12.08,12,Charged Off,Bad Loan,2558.59,154.54
LN101313,04-06-2023,61,Male,Central,35000,8,MORTGAGE,PhD,Business,793,0,27800,Approved,27800,6.72,12,Fully Paid,Good Loan,27800,934.08
LN101314,14-08-2023,62,Male,North,72100,22,RENT,Bachelor's,Debt Consolidation,720,0,16300,Approved,14210,9.57,12,Current,Good Loan,5822.4,278.6
LN101315,16-11-2024,43,Male,East,95300,25,OWN,Bachelor's,Car,441,0,5600,Rejected,0,,24,Not Funded,N/A,0,0
LN101316,18-07-2022,27,Female,West,98200,17,MORTGAGE,PhD,Debt Consolidation,552,0,3300,Approved,3240,11.28,24,Fully Paid,Good Loan,3240,182.74
LN101317,22-01-2023,59,Male,North,73400,32,MORTGAGE,Master's,Debt Consolidation,372,2,19600,Rejected,0,,24,Not Funded,N/A,0,0
LN101318,15-12-2022,23,Male,South,73800,13,MORTGAGE,Master's,Debt Consolidation,513,2,27100,Rejected,0,,60,Not Funded,N/A,0,0
LN101319,17-08-2024,32,Female,North,32100,0,MORTGAGE,Bachelor's,Debt Consolidation,678,0,26400,Approved,26300,10.69,60,Fully Paid,Good Loan,26300,1405.74
LN101320,24-11-2023,27,Male,West,40100,12,RENT,Bachelor's,Home Improvement,598,0,38200,Rejected,0,,48,Not Funded,N/A,0,0
LN101321,13-01-2023,46,Female,South,50200,14,MORTGAGE,Bachelor's,Debt Consolidation,678,0,15900,Rejected,0,,12,Not Funded,N/A,0,0
LN101322,17-06-2024,53,Male,East,70700,4,OWN,Bachelor's,Business,791,2,25500,Rejected,0,,48,Not Funded,N/A,0,0
LN101323,04-07-2024,57,Female,Central,41400,13,MORTGAGE,Bachelor's,Education,603,0,35600,Approved,33470,12.22,12,Fully Paid,Good Loan,33470,2045.02
LN101324,11-06-2023,35,Male,South,47200,13,RENT,Master's,Car,797,0,16800,Approved,15130,7.37,36,Current,Good Loan,7869.5,289.99
LN101325,04-01-2024,22,Male,North,69700,4,RENT,Master's,Debt Consolidation,536,0,19600,Approved,18720,14.7,48,Charged Off,Bad Loan,294.54,21.65
LN101326,25-07-2022,61,Male,West,57600,10,OWN,Bachelor's,Home Improvement,529,0,37000,Rejected,0,,60,Not Funded,N/A,0,0
LN101327,31-03-2023,27,Male,West,63000,31,RENT,Bachelor's,Debt Consolidation,306,0,22500,Rejected,0,,36,Not Funded,N/A,0,0
LN101328,05-06-2023,52,Male,Central,38200,4,MORTGAGE,Bachelor's,Medical,555,0,32200,Approved,30010,14.39,48,Current,Good Loan,19134.42,1376.72
LN101329,13-10-2024,24,Male,North,46900,14,MORTGAGE,High School,Home Improvement,470,0,37500,Approved,32660,16.89,36,Fully Paid,Good Loan,32660,2758.14
LN101330,13-08-2024,40,Female,South,43900,6,RENT,PhD,Business,587,0,23300,Approved,22650,12.8,36,Fully Paid,Good Loan,22650,1449.6
LN101331,27-12-2023,56,Male,West,54200,4,MORTGAGE,Bachelor's,Home Improvement,533,1,5300,Rejected,0,,36,Not Funded,N/A,0,0
LN101332,10-10-2024,52,Female,West,44600,29,RENT,High School,Debt Consolidation,792,0,33000,Approved,30750,6.28,60,Fully Paid,Good Loan,30750,965.55
LN101333,16-05-2023,48,Male,East,41900,14,MORTGAGE,Bachelor's,Debt Consolidation,510,0,32900,Rejected,0,,36,Not Funded,N/A,0,0
LN101334,27-04-2022,33,Female,South,57300,29,RENT,Master's,Car,666,0,5500,Approved,5430,9.2,60,Fully Paid,Good Loan,5430,249.78
LN101335,21-01-2023,21,Male,South,139200,13,MORTGAGE,High School,Debt Consolidation,528,1,22400,Approved,21170,12.41,24,Charged Off,Bad Loan,3119.3,193.55
LN101336,07-08-2023,55,Male,North,70400,23,RENT,High School,Personal,644,0,20000,Approved,17850,11.73,36,Current,Good Loan,8990.73,527.31
LN101337,30-01-2023,50,Male,Central,24300,23,RENT,Bachelor's,Personal,376,0,34000,Rejected,0,,12,Not Funded,N/A,0,0
LN101338,23-12-2024,56,Male,North,63500,34,MORTGAGE,Master's,Business,759,0,11700,Approved,11060,6.68,60,Current,Good Loan,2462.5,82.25
LN101339,22-12-2023,45,Male,East,43000,4,RENT,High School,Personal,564,0,17600,Approved,15300,12.85,24,Fully Paid,Good Loan,15300,983.02
LN101340,13-03-2022,36,Male,East,35500,11,RENT,Bachelor's,Debt Consolidation,803,0,24600,Approved,21330,6.64,60,Current,Good Loan,5668.01,188.18
LN101341,01-10-2022,39,Female,South,74400,19,MORTGAGE,Bachelor's,Debt Consolidation,544,0,21200,Rejected,0,,36,Not Funded,N/A,0,0
LN101342,04-12-2022,21,Female,South,56100,4,MORTGAGE,High School,Debt Consolidation,728,0,38200,Approved,34120,7.37,60,Fully Paid,Good Loan,34120,1257.32
LN101343,30-08-2023,25,Male,West,165900,20,RENT,Bachelor's,Debt Consolidation,390,0,38500,Approved,36560,17.17,48,Charged Off,Bad Loan,7585.39,651.21
LN101344,15-06-2022,42,Female,South,51500,2,OWN,Bachelor's,Debt Consolidation,744,1,4200,Rejected,0,,48,Not Funded,N/A,0,0
LN101345,11-01-2022,44,Female,South,48900,28,MORTGAGE,Master's,Business,532,0,12600,Rejected,0,,12,Not Funded,N/A,0,0
LN101346,30-12-2023,63,Female,South,92800,24,RENT,PhD,Debt Consolidation,753,0,1300,Approved,1150,8.54,60,Current,Good Loan,818.82,34.96
LN101347,11-03-2024,57,Male,West,54700,26,MORTGAGE,High School,Business,648,0,17300,Approved,15070,10.55,36,Current,Good Loan,10852.19,572.45
LN101348,12-04-2022,56,Male,Central,33700,21,RENT,Bachelor's,Home Improvement,393,0,26800,Rejected,0,,36,Not Funded,N/A,0,0
LN101349,18-02-2024,56,Male,East,36400,34,RENT,PhD,Debt Consolidation,721,0,19400,Approved,18850,7.66,48,Fully Paid,Good Loan,18850,721.96
LN101350,02-08-2022,24,Female,West,46700,0,OWN,Bachelor's,Medical,789,0,3600,Approved,3450,5.45,60,Fully Paid,Good Loan,3450,94.01
LN101351,05-02-2023,56,Male,East,72800,2,MORTGAGE,Bachelor's,Education,423,0,8600,Approved,7320,16.66,36,Charged Off,Bad Loan,753.89,62.8
LN101352,11-08-2023,38,Male,East,96000,23,OWN,High School,Medical,532,0,7800,Rejected,0,,24,Not Funded,N/A,0,0
LN101353,07-06-2024,36,Male,Central,77700,7,RENT,Master's,Personal,363,0,20900,Approved,18900,20.65,36,Charged Off,Bad Loan,4245.69,438.37
LN101354,05-12-2024,61,Male,South,70000,17,RENT,Bachelor's,Business,462,0,27400,Rejected,0,,60,Not Funded,N/A,0,0
LN101355,15-08-2023,38,Female,North,88800,2,RENT,Bachelor's,Medical,603,0,13300,Approved,12810,11.1,48,Fully Paid,Good Loan,12810,710.96
LN101356,02-04-2022,42,Male,Central,71600,17,RENT,Bachelor's,Debt Consolidation,618,0,6100,Approved,5760,10.18,24,Fully Paid,Good Loan,5760,293.18
LN101357,04-11-2023,22,Female,West,36100,15,MORTGAGE,High School,Home Improvement,305,0,32100,Rejected,0,,36,Not Funded,N/A,0,0
LN101358,15-12-2023,41,Female,South,49100,31,MORTGAGE,High School,Business,600,0,34500,Approved,31540,11.92,12,Fully Paid,Good Loan,31540,1879.78
LN101359,24-07-2024,56,Male,Central,43000,0,MORTGAGE,Master's,Business,400,0,11800,Rejected,0,,12,Not Funded,N/A,0,0
LN101360,30-08-2022,64,Male,South,95600,25,MORTGAGE,Master's,Medical,715,0,17400,Approved,14960,7.03,48,Charged Off,Bad Loan,4544.83,159.75
LN101361,02-01-2022,59,Female,South,35300,11,MORTGAGE,Bachelor's,Medical,659,0,4200,Approved,3840,9.33,24,Current,Good Loan,3060.77,142.78
LN101362,13-08-2022,59,Male,East,35600,20,OWN,High School,Education,430,0,9900,Rejected,0,,12,Not Funded,N/A,0,0
LN101363,11-03-2024,49,Male,South,58500,12,RENT,Bachelor's,Debt Consolidation,685,1,30900,Rejected,0,,12,Not Funded,N/A,0,0
LN101364,12-08-2023,46,Male,West,129100,11,MORTGAGE,Bachelor's,Home Improvement,319,0,15200,Rejected,0,,36,Not Funded,N/A,0,0
LN101365,26-04-2022,41,Male,North,75400,12,MORTGAGE,Bachelor's,Business,594,0,24600,Approved,21790,11.87,60,Fully Paid,Good Loan,21790,1293.24
LN101366,06-07-2024,37,Male,North,86600,17,MORTGAGE,Master's,Business,695,1,37900,Approved,33570,9.1,36,Fully Paid,Good Loan,33570,1527.44
LN101367,13-07-2022,36,Male,East,32900,18,OWN,High School,Debt Consolidation,744,1,29200,Rejected,0,,36,Not Funded,N/A,0,0
LN101368,20-05-2024,51,Male,East,73200,18,RENT,Bachelor's,Personal,591,0,18700,Approved,17860,10.57,48,Fully Paid,Good Loan,17860,943.9
LN101369,31-03-2022,29,Male,North,32900,5,MORTGAGE,Bachelor's,Personal,789,0,15300,Approved,14430,7.3,36,Current,Good Loan,7013.74,256
LN101370,02-05-2022,51,Female,Central,75300,6,OWN,Bachelor's,Medical,647,1,8400,Rejected,0,,24,Not Funded,N/A,0,0
LN101371,23-05-2022,34,Male,East,26700,6,MORTGAGE,Bachelor's,Debt Consolidation,564,0,30500,Rejected,0,,24,Not Funded,N/A,0,0
LN101372,20-09-2024,57,Female,North,46500,27,OWN,Bachelor's,Home Improvement,343,1,5400,Rejected,0,,60,Not Funded,N/A,0,0
LN101373,16-04-2022,22,Male,South,21500,27,RENT,High School,Home Improvement,374,2,3400,Rejected,0,,12,Not Funded,N/A,0,0
LN101374,05-06-2024,34,Female,West,36400,18,MORTGAGE,Bachelor's,Business,352,0,5100,Rejected,0,,12,Not Funded,N/A,0,0
LN101375,04-03-2023,53,Male,East,28500,15,OWN,Master's,Debt Consolidation,585,1,10500,Rejected,0,,60,Not Funded,N/A,0,0
LN101376,13-11-2022,55,Female,North,72600,16,RENT,Bachelor's,Home Improvement,365,0,25500,Rejected,0,,60,Not Funded,N/A,0,0
LN101377,27-09-2023,59,Male,North,56500,21,MORTGAGE,High School,Medical,337,0,34600,Rejected,0,,36,Not Funded,N/A,0,0
LN101378,09-01-2022,40,Female,South,43900,18,RENT,Master's,Personal,716,0,39700,Approved,37740,10.82,48,Fully Paid,Good Loan,37740,2041.73
LN101379,13-02-2024,22,Male,South,57100,28,RENT,High School,Business,768,0,29500,Approved,27540,7.89,12,Current,Good Loan,13265.07,523.31
LN101380,11-08-2022,61,Male,West,37300,18,MORTGAGE,Bachelor's,Personal,354,0,6700,Rejected,0,,12,Not Funded,N/A,0,0
LN101381,07-07-2023,39,Male,Central,62600,34,MORTGAGE,Bachelor's,Personal,415,0,11800,Rejected,0,,60,Not Funded,N/A,0,0
LN101382,17-12-2023,57,Female,South,52300,24,OWN,Bachelor's,Home Improvement,578,1,6100,Rejected,0,,60,Not Funded,N/A,0,0
LN101383,21-04-2022,38,Female,Central,151200,19,MORTGAGE,Bachelor's,Education,753,0,5500,Approved,5140,7.43,12,Current,Good Loan,4612.38,171.35
LN101384,08-09-2022,36,Male,Central,113000,18,MORTGAGE,Master's,Debt Consolidation,441,0,23100,Rejected,0,,12,Not Funded,N/A,0,0
LN101385,18-01-2023,24,Female,Central,82700,12,MORTGAGE,High School,Business,348,0,36400,Rejected,0,,36,Not Funded,N/A,0,0
LN101386,07-01-2022,32,Female,Central,61800,11,MORTGAGE,Bachelor's,Debt Consolidation,668,1,27700,Rejected,0,,12,Not Funded,N/A,0,0
LN101387,04-04-2023,49,Female,West,65500,14,MORTGAGE,High School,Debt Consolidation,669,0,32200,Approved,29030,11.13,60,Current,Good Loan,7506.14,417.72
LN101388,27-07-2022,27,Female,East,94700,3,MORTGAGE,Bachelor's,Car,600,1,20800,Rejected,0,,24,Not Funded,N/A,0,0
LN101389,18-06-2024,34,Female,South,61700,14,MORTGAGE,High School,Car,651,0,19500,Approved,19080,13.81,24,Fully Paid,Good Loan,19080,1317.47
LN101390,22-01-2022,32,Male,East,63400,16,RENT,High School,Home Improvement,494,0,37600,Rejected,0,,24,Not Funded,N/A,0,0
LN101391,14-02-2023,55,Female,Central,41800,26,MORTGAGE,Bachelor's,Business,604,1,29200,Rejected,0,,36,Not Funded,N/A,0,0
LN101392,13-06-2024,25,Male,South,39800,10,RENT,High School,Business,549,0,18900,Rejected,0,,24,Not Funded,N/A,0,0
LN101393,30-05-2023,37,Female,North,51600,22,RENT,Bachelor's,Business,557,0,14000,Approved,13810,13.59,48,Fully Paid,Good Loan,13810,938.39
LN101394,19-03-2024,62,Male,North,16700,14,MORTGAGE,Bachelor's,Debt Consolidation,749,1,4600,Approved,3950,5.64,48,Current,Good Loan,2668.61,75.25
LN101395,23-05-2024,52,Male,West,53500,30,OWN,Bachelor's,Medical,358,0,33000,Rejected,0,,36,Not Funded,N/A,0,0
LN101396,14-01-2022,30,Male,West,48600,25,MORTGAGE,High School,Home Improvement,520,0,7600,Rejected,0,,24,Not Funded,N/A,0,0
LN101397,28-08-2024,63,Female,East,80500,6,RENT,High School,Debt Consolidation,833,1,21100,Approved,18520,6.16,60,Current,Good Loan,14186.02,436.93
LN101398,04-09-2024,37,Female,South,94000,12,MORTGAGE,Bachelor's,Education,661,0,25900,Approved,25750,11.39,36,Current,Good Loan,18068.8,1029.02
LN101399,10-10-2024,25,Male,West,172300,12,OWN,Bachelor's,Car,352,1,30000,Rejected,0,,12,Not Funded,N/A,0,0
LN101400,01-11-2024,62,Female,North,70300,19,MORTGAGE,Bachelor's,Personal,828,0,4300,Approved,3750,4,36,Fully Paid,Good Loan,3750,75
LN101401,28-03-2022,29,Female,East,58000,33,MORTGAGE,PhD,Education,797,0,1400,Approved,1380,5.58,48,Fully Paid,Good Loan,1380,38.5
LN101402,27-06-2024,53,Female,South,42000,9,MORTGAGE,Master's,Debt Consolidation,454,0,28500,Rejected,0,,60,Not Funded,N/A,0,0
LN101403,02-05-2022,56,Male,Central,33800,26,RENT,High School,Business,789,1,18700,Approved,17040,6.92,24,Fully Paid,Good Loan,17040,589.58
LN101404,20-01-2024,56,Female,East,81700,33,OWN,High School,Personal,377,0,8100,Rejected,0,,48,Not Funded,N/A,0,0
LN101405,16-11-2023,38,Male,East,53500,15,MORTGAGE,Master's,Home Improvement,473,0,39300,Rejected,0,,24,Not Funded,N/A,0,0
LN101406,05-11-2022,29,Female,West,65600,20,MORTGAGE,High School,Personal,619,0,31900,Approved,29470,10.8,24,Current,Good Loan,9579.06,517.27
LN101407,26-11-2023,49,Male,East,54600,15,MORTGAGE,Bachelor's,Debt Consolidation,331,0,23600,Rejected,0,,36,Not Funded,N/A,0,0
LN101408,15-10-2022,34,Male,South,55300,16,OWN,PhD,Medical,591,0,28400,Approved,25680,12.43,36,Fully Paid,Good Loan,25680,1596.01
LN101409,03-11-2022,45,Female,East,59800,14,RENT,Bachelor's,Debt Consolidation,821,2,7000,Rejected,0,,48,Not Funded,N/A,0,0
LN101410,02-07-2024,35,Male,Central,65500,12,RENT,High School,Medical,614,0,38500,Rejected,0,,24,Not Funded,N/A,0,0
LN101411,24-10-2023,26,Male,South,82700,32,RENT,Bachelor's,Debt Consolidation,566,2,39900,Rejected,0,,36,Not Funded,N/A,0,0
LN101412,03-07-2023,62,Female,West,31100,4,MORTGAGE,Bachelor's,Home Improvement,721,0,26300,Approved,25400,9.63,48,Fully Paid,Good Loan,25400,1223.01
LN101413,08-11-2022,49,Male,Central,70500,26,MORTGAGE,Master's,Medical,544,0,27100,Rejected,0,,24,Not Funded,N/A,0,0
LN101414,22-05-2024,35,Male,West,30300,0,MORTGAGE,High School,Business,390,0,28500,Rejected,0,,12,Not Funded,N/A,0,0
LN101415,18-12-2024,49,Male,West,74300,29,MORTGAGE,Bachelor's,Car,735,0,27000,Approved,26020,9.13,12,Charged Off,Bad Loan,2357.76,107.63
LN101416,12-07-2024,24,Male,West,62600,22,RENT,Bachelor's,Home Improvement,788,0,18100,Approved,17220,7.16,48,Fully Paid,Good Loan,17220,616.48
LN101417,25-01-2024,38,Male,Central,52300,14,RENT,High School,Personal,313,1,22100,Rejected,0,,12,Not Funded,N/A,0,0
LN101418,04-02-2022,64,Male,Central,53300,18,RENT,High School,Debt Consolidation,585,0,12000,Approved,11200,9.76,60,Current,Good Loan,7919.23,386.46
LN101419,21-03-2023,59,Female,Central,57600,29,MORTGAGE,High School,Education,697,0,18400,Rejected,0,,48,Not Funded,N/A,0,0
LN101420,03-04-2022,36,Male,East,88500,15,MORTGAGE,Bachelor's,Personal,726,0,18000,Approved,17190,7.79,48,Fully Paid,Good Loan,17190,669.55
LN101421,19-12-2022,31,Male,South,85100,17,MORTGAGE,Master's,Business,660,0,12200,Approved,10670,8.75,24,Current,Good Loan,9037.72,395.4
LN101422,21-06-2024,34,Male,North,80700,25,RENT,High School,Personal,342,2,31700,Rejected,0,,60,Not Funded,N/A,0,0
LN101423,11-05-2024,23,Male,South,29600,16,RENT,High School,Medical,593,0,17000,Rejected,0,,48,Not Funded,N/A,0,0
LN101424,08-06-2022,62,Female,Central,70200,10,OWN,Bachelor's,Home Improvement,644,1,22500,Rejected,0,,36,Not Funded,N/A,0,0
LN101425,14-08-2024,58,Female,Central,18400,28,RENT,High School,Business,541,0,7100,Rejected,0,,48,Not Funded,N/A,0,0
LN101426,24-01-2022,62,Male,East,20800,8,RENT,Bachelor's,Car,354,0,19500,Rejected,0,,60,Not Funded,N/A,0,0
LN101427,08-02-2023,38,Male,East,89800,16,RENT,Bachelor's,Personal,741,2,30700,Rejected,0,,48,Not Funded,N/A,0,0
LN101428,15-03-2024,40,Male,South,28300,26,MORTGAGE,Bachelor's,Business,406,0,18300,Rejected,0,,12,Not Funded,N/A,0,0
LN101429,31-05-2023,45,Female,South,50000,21,RENT,High School,Home Improvement,612,0,22800,Rejected,0,,60,Not Funded,N/A,0,0
LN101430,02-01-2024,58,Female,West,101900,7,RENT,High School,Debt Consolidation,483,0,28400,Rejected,0,,36,Not Funded,N/A,0,0
LN101431,16-06-2023,33,Male,South,70500,2,MORTGAGE,Bachelor's,Business,429,0,16200,Approved,15740,16.93,60,Fully Paid,Good Loan,15740,1332.39
LN101432,13-08-2024,24,Male,North,64000,34,RENT,High School,Debt Consolidation,798,0,14800,Approved,13150,6.58,48,Fully Paid,Good Loan,13150,432.64
LN101433,01-06-2022,34,Female,East,52900,31,RENT,Master's,Home Improvement,717,0,4300,Approved,4100,10.03,36,Fully Paid,Good Loan,4100,205.62
LN101434,04-08-2024,53,Female,South,57300,7,MORTGAGE,Master's,Car,348,0,23700,Rejected,0,,36,Not Funded,N/A,0,0
LN101435,31-08-2023,48,Female,Central,40900,26,MORTGAGE,High School,Business,619,0,28600,Approved,27110,11.86,36,Current,Good Loan,13290.85,788.15
LN101436,24-02-2023,57,Male,South,43700,31,RENT,Master's,Education,552,1,23700,Rejected,0,,12,Not Funded,N/A,0,0
LN101437,15-05-2024,28,Male,Central,56300,33,RENT,High School,Debt Consolidation,691,0,12100,Approved,11630,9.03,60,Fully Paid,Good Loan,11630,525.09
LN101438,01-08-2023,64,Male,South,60100,24,RENT,Master's,Medical,368,2,11200,Rejected,0,,48,Not Funded,N/A,0,0
LN101439,01-12-2022,54,Female,North,50500,30,MORTGAGE,Bachelor's,Business,741,0,7200,Approved,6630,8.71,12,Current,Good Loan,3603.71,156.94
LN101440,20-07-2024,64,Female,East,19800,12,MORTGAGE,High School,Home Improvement,776,0,2800,Approved,2550,7.92,36,Current,Good Loan,1589.29,62.94
LN101441,22-10-2022,25,Male,West,109600,14,RENT,Master's,Education,676,0,17600,Approved,15860,9.47,48,Fully Paid,Good Loan,15860,750.97
LN101442,25-01-2024,25,Male,East,82600,12,MORTGAGE,PhD,Debt Consolidation,844,0,7300,Approved,7220,4.92,24,Current,Good Loan,4365.67,107.4
LN101443,05-07-2022,51,Male,South,49400,32,RENT,Bachelor's,Home Improvement,831,1,27900,Approved,26870,5.94,48,Charged Off,Bad Loan,6461.93,191.92
LN101444,29-09-2023,29,Male,North,83800,30,RENT,Bachelor's,Car,486,1,38500,Rejected,0,,24,Not Funded,N/A,0,0
LN101445,14-06-2023,62,Male,East,46100,24,RENT,Master's,Debt Consolidation,411,1,3900,Rejected,0,,24,Not Funded,N/A,0,0
LN101446,21-01-2022,52,Female,North,62500,22,OWN,Bachelor's,Personal,483,0,35800,Approved,32300,13.9,36,Current,Good Loan,15318.38,1064.63
LN101447,29-06-2024,53,Male,South,22800,2,MORTGAGE,High School,Education,592,1,26700,Rejected,0,,24,Not Funded,N/A,0,0
LN101448,16-05-2024,23,Male,West,60800,15,RENT,Bachelor's,Business,660,0,34600,Approved,32970,8.6,12,Fully Paid,Good Loan,32970,1417.71
LN101449,04-03-2024,50,Female,North,47700,1,OWN,Master's,Home Improvement,801,0,7000,Approved,7000,5.38,36,Fully Paid,Good Loan,7000,188.3
LN101450,10-04-2022,32,Male,North,59800,22,RENT,Master's,Medical,606,1,36400,Rejected,0,,24,Not Funded,N/A,0,0
LN101451,22-01-2024,49,Male,North,116900,33,RENT,Master's,Business,385,0,38400,Approved,34950,18.82,60,Current,Good Loan,27464.42,2584.4
LN101452,23-04-2023,23,Male,Central,53700,29,OWN,High School,Medical,595,0,36400,Approved,31400,12.23,12,Fully Paid,Good Loan,31400,1920.11
LN101453,28-07-2024,46,Female,South,44100,9,RENT,Bachelor's,Home Improvement,751,0,31600,Approved,27330,7.95,60,Fully Paid,Good Loan,27330,1086.37
LN101454,10-06-2023,50,Female,Central,44300,0,OWN,High School,Medical,470,1,4500,Rejected,0,,48,Not Funded,N/A,0,0
LN101455,30-11-2022,29,Male,South,28600,21,MORTGAGE,Bachelor's,Personal,655,0,9600,Rejected,0,,12,Not Funded,N/A,0,0
LN101456,02-01-2022,46,Male,West,65000,32,OWN,Bachelor's,Debt Consolidation,759,0,36600,Approved,31510,7.93,60,Current,Good Loan,18481.76,732.8
LN101457,10-01-2023,22,Male,North,68900,24,MORTGAGE,High School,Personal,578,0,9900,Rejected,0,,60,Not Funded,N/A,0,0
LN101458,20-10-2022,23,Female,East,55800,21,RENT,Bachelor's,Home Improvement,551,0,14600,Rejected,0,,36,Not Funded,N/A,0,0
LN101459,16-04-2024,24,Female,West,82000,15,OWN,High School,Debt Consolidation,307,0,3000,Rejected,0,,48,Not Funded,N/A,0,0
LN101460,01-10-2024,45,Female,West,82300,29,RENT,Bachelor's,Home Improvement,619,0,25500,Approved,24700,11.39,12,Charged Off,Bad Loan,5136.88,292.55
LN101461,07-07-2023,33,Male,West,55900,17,MORTGAGE,Bachelor's,Debt Consolidation,450,0,23000,Rejected,0,,12,Not Funded,N/A,0,0
LN101462,14-11-2022,59,Female,West,70500,23,MORTGAGE,Master's,Home Improvement,675,0,38500,Approved,35410,8.94,12,Fully Paid,Good Loan,35410,1582.83
LN101463,16-01-2023,64,Female,North,144000,4,MORTGAGE,Bachelor's,Debt Consolidation,664,0,35800,Approved,31630,9.53,24,Fully Paid,Good Loan,31630,1507.17
LN101464,14-01-2022,55,Female,East,37400,22,MORTGAGE,High School,Debt Consolidation,739,0,20700,Approved,18000,5.87,12,Current,Good Loan,15651.89,459.38
LN101465,19-05-2023,43,Male,East,76700,26,MORTGAGE,High School,Debt Consolidation,441,1,24800,Rejected,0,,24,Not Funded,N/A,0,0
LN101466,19-08-2022,29,Male,Central,56300,11,MORTGAGE,Bachelor's,Debt Consolidation,319,0,17100,Rejected,0,,36,Not Funded,N/A,0,0
LN101467,10-05-2022,22,Male,South,86700,9,MORTGAGE,High School,Debt Consolidation,311,0,6200,Rejected,0,,24,Not Funded,N/A,0,0
LN101468,17-04-2024,61,Male,Central,37900,33,RENT,Master's,Personal,421,2,34800,Rejected,0,,48,Not Funded,N/A,0,0
LN101469,09-06-2024,64,Male,South,59300,32,OWN,Master's,Personal,724,0,22400,Approved,20850,7.53,24,Fully Paid,Good Loan,20850,785
LN101470,28-01-2022,51,Female,West,39900,15,MORTGAGE,Bachelor's,Car,528,0,17600,Approved,16000,14.38,48,Fully Paid,Good Loan,16000,1150.4
LN101471,07-03-2022,64,Female,South,24500,28,MORTGAGE,Bachelor's,Debt Consolidation,328,0,3700,Rejected,0,,48,Not Funded,N/A,0,0
LN101472,18-09-2022,22,Female,South,101900,17,OWN,Bachelor's,Debt Consolidation,434,0,26900,Rejected,0,,48,Not Funded,N/A,0,0
LN101473,05-04-2023,52,Male,West,44600,26,RENT,Bachelor's,Debt Consolidation,400,0,16600,Rejected,0,,48,Not Funded,N/A,0,0
LN101474,28-10-2022,38,Male,East,37100,6,RENT,High School,Home Improvement,675,1,10900,Rejected,0,,12,Not Funded,N/A,0,0
LN101475,07-07-2024,33,Female,Central,41800,26,MORTGAGE,Bachelor's,Personal,610,0,35200,Rejected,0,,48,Not Funded,N/A,0,0
LN101476,14-10-2022,25,Male,West,123100,9,RENT,Master's,Car,739,0,8200,Approved,7140,7.29,60,Fully Paid,Good Loan,7140,260.25
LN101477,30-10-2024,62,Male,East,97700,9,MORTGAGE,Master's,Debt Consolidation,756,1,21100,Approved,20330,8.27,36,Fully Paid,Good Loan,20330,840.65
LN101478,22-09-2023,64,Female,Central,49100,10,OWN,Master's,Home Improvement,499,0,32000,Rejected,0,,60,Not Funded,N/A,0,0
LN101479,27-09-2022,30,Female,West,79800,29,RENT,PhD,Car,424,0,34100,Rejected,0,,12,Not Funded,N/A,0,0
LN101480,15-08-2023,63,Male,East,33400,2,OWN,High School,Medical,770,0,32900,Approved,30740,7.61,48,Current,Good Loan,17036.78,648.25
LN101481,23-04-2024,45,Female,South,68600,28,OWN,High School,Debt Consolidation,321,0,36000,Rejected,0,,24,Not Funded,N/A,0,0
LN101482,11-05-2024,54,Female,South,44600,13,RENT,Bachelor's,Debt Consolidation,349,0,6600,Approved,5660,18.15,12,Current,Good Loan,4869.44,441.9
LN101483,13-05-2022,57,Female,West,65900,12,MORTGAGE,Bachelor's,Business,365,0,37700,Rejected,0,,36,Not Funded,N/A,0,0
LN101484,29-08-2024,50,Female,Central,29200,18,RENT,Bachelor's,Debt Consolidation,429,2,1400,Rejected,0,,24,Not Funded,N/A,0,0
LN101485,28-05-2023,27,Male,South,41400,24,MORTGAGE,Master's,Car,601,0,11000,Rejected,0,,24,Not Funded,N/A,0,0
LN101486,09-11-2022,26,Female,North,58800,9,MORTGAGE,Bachelor's,Debt Consolidation,626,0,4300,Approved,3800,11.39,48,Current,Good Loan,1934.89,110.19
LN101487,30-07-2023,23,Male,East,58500,14,OWN,Bachelor's,Debt Consolidation,683,0,37900,Approved,37860,5.96,36,Current,Good Loan,9240.72,275.37
LN101488,04-06-2024,33,Male,North,28000,27,RENT,High School,Debt Consolidation,837,0,17500,Approved,15070,6.38,36,Current,Good Loan,12070.24,385.04
LN101489,18-11-2023,23,Female,West,35000,6,MORTGAGE,High School,Debt Consolidation,348,0,13300,Rejected,0,,24,Not Funded,N/A,0,0
LN101490,14-06-2022,46,Male,West,65500,13,MORTGAGE,Bachelor's,Education,618,0,7500,Approved,6550,12.74,36,Charged Off,Bad Loan,746.31,47.54
LN101491,01-11-2022,44,Female,South,62200,29,RENT,PhD,Debt Consolidation,320,0,7100,Rejected,0,,60,Not Funded,N/A,0,0
LN101492,05-06-2022,26,Female,Central,72800,11,MORTGAGE,Bachelor's,Debt Consolidation,732,2,24900,Approved,24070,7.71,48,Charged Off,Bad Loan,4854.21,187.13
LN101493,12-09-2023,63,Female,East,59000,27,OWN,Bachelor's,Medical,308,1,2800,Rejected,0,,48,Not Funded,N/A,0,0
LN101494,14-08-2024,62,Female,East,33700,13,MORTGAGE,PhD,Debt Consolidation,448,0,24200,Rejected,0,,60,Not Funded,N/A,0,0
LN101495,30-11-2022,32,Male,North,46200,0,MORTGAGE,High School,Debt Consolidation,736,0,31200,Approved,27650,9.65,60,Current,Good Loan,19592.16,945.32
LN101496,26-08-2024,56,Male,South,68800,3,MORTGAGE,High School,Debt Consolidation,798,0,24400,Approved,23960,7.31,36,Current,Good Loan,15804.55,577.66
LN101497,26-05-2023,22,Male,Central,34500,17,MORTGAGE,Bachelor's,Debt Consolidation,354,0,33200,Rejected,0,,24,Not Funded,N/A,0,0
LN101498,09-11-2024,31,Male,North,32600,31,RENT,Bachelor's,Business,596,0,11300,Rejected,0,,36,Not Funded,N/A,0,0
LN101499,09-10-2022,59,Male,South,47300,27,MORTGAGE,Master's,Debt Consolidation,817,0,4000,Approved,3680,5.38,60,Fully Paid,Good Loan,3680,98.99
LN101500,07-03-2024,54,Male,South,61200,27,MORTGAGE,High School,Education,528,0,29100,Approved,25030,14.81,48,Fully Paid,Good Loan,25030,1853.47
LN101501,21-10-2024,46,Female,North,23600,31,MORTGAGE,Bachelor's,Business,546,0,33300,Approved,31200,10.4,48,Fully Paid,Good Loan,31200,1622.4
LN101502,29-04-2022,38,Female,South,48600,7,RENT,Bachelor's,Education,581,0,20600,Rejected,0,,48,Not Funded,N/A,0,0
LN101503,24-11-2024,41,Female,South,68400,24,RENT,Bachelor's,Personal,556,2,33000,Rejected,0,,36,Not Funded,N/A,0,0
LN101504,17-07-2022,56,Female,Central,74800,19,MORTGAGE,High School,Debt Consolidation,392,0,18900,Rejected,0,,60,Not Funded,N/A,0,0
LN101505,30-04-2023,60,Male,West,34500,32,RENT,Bachelor's,Education,513,0,8700,Rejected,0,,24,Not Funded,N/A,0,0
LN101506,18-12-2024,64,Male,South,64000,29,RENT,Bachelor's,Car,432,2,19500,Rejected,0,,36,Not Funded,N/A,0,0
LN101507,16-04-2024,42,Male,West,84700,15,RENT,Bachelor's,Personal,796,0,9400,Approved,8460,8.54,48,Fully Paid,Good Loan,8460,361.24
LN101508,05-10-2024,50,Female,North,71200,24,MORTGAGE,Bachelor's,Education,385,0,19400,Rejected,0,,60,Not Funded,N/A,0,0
LN101509,22-11-2023,63,Male,East,45000,9,OWN,Bachelor's,Debt Consolidation,695,0,6800,Approved,5840,7.07,24,Current,Good Loan,2474.37,87.47
LN101510,01-11-2024,50,Female,South,18500,4,OWN,Master's,Debt Consolidation,846,0,8200,Approved,7370,6.35,12,Current,Good Loan,3652.33,115.96
LN101511,05-05-2023,28,Male,North,59500,7,RENT,High School,Debt Consolidation,548,0,35400,Approved,32890,11.95,36,Charged Off,Bad Loan,8330.93,497.77
LN101512,03-10-2022,54,Male,Central,110200,32,RENT,High School,Personal,588,0,5500,Approved,5250,10.35,12,Charged Off,Bad Loan,267.62,13.85
LN101513,24-11-2023,29,Male,North,78500,0,OWN,Bachelor's,Business,708,0,9700,Approved,8390,10.7,60,Fully Paid,Good Loan,8390,448.86
LN101514,30-08-2022,40,Male,West,76100,30,OWN,Bachelor's,Business,608,0,39800,Rejected,0,,12,Not Funded,N/A,0,0
LN101515,06-05-2022,60,Male,South,58400,6,RENT,Bachelor's,Education,360,0,23500,Rejected,0,,48,Not Funded,N/A,0,0
LN101516,05-08-2022,45,Female,North,81100,22,MORTGAGE,Bachelor's,Home Improvement,803,0,23800,Approved,21230,7.67,36,Fully Paid,Good Loan,21230,814.17
LN101517,28-11-2024,39,Female,West,62100,23,RENT,High School,Debt Consolidation,826,0,34000,Approved,32800,6.82,24,Current,Good Loan,20161.66,687.51
LN101518,10-05-2023,25,Male,East,24700,13,MORTGAGE,High School,Personal,610,0,21400,Approved,18770,10.73,48,Current,Good Loan,16057.26,861.47
LN101519,03-03-2023,31,Female,South,80900,22,RENT,High School,Medical,499,0,9600,Rejected,0,,60,Not Funded,N/A,0,0
LN101520,07-07-2024,35,Male,South,36800,8,OWN,Master's,Business,652,1,17500,Rejected,0,,36,Not Funded,N/A,0,0
LN101521,31-05-2022,28,Female,North,55800,7,MORTGAGE,Master's,Home Improvement,374,0,30400,Rejected,0,,60,Not Funded,N/A,0,0
LN101522,19-01-2023,39,Male,Central,75600,7,RENT,High School,Business,570,0,35000,Approved,29890,12.69,60,Fully Paid,Good Loan,29890,1896.52
LN101523,04-11-2022,43,Female,East,38700,2,MORTGAGE,High School,Debt Consolidation,320,0,11700,Rejected,0,,60,Not Funded,N/A,0,0
LN101524,16-01-2024,47,Male,North,34800,31,RENT,High School,Debt Consolidation,335,1,11200,Rejected,0,,36,Not Funded,N/A,0,0
LN101525,10-06-2024,60,Male,Central,67200,3,RENT,High School,Debt Consolidation,497,1,13800,Rejected,0,,48,Not Funded,N/A,0,0
LN101526,10-01-2023,52,Male,South,32800,1,RENT,Master's,Home Improvement,452,0,24300,Rejected,0,,60,Not Funded,N/A,0,0
LN101527,28-10-2024,46,Male,North,49700,8,MORTGAGE,Bachelor's,Debt Consolidation,343,0,11900,Rejected,0,,24,Not Funded,N/A,0,0
LN101528,09-05-2022,47,Male,South,90000,0,RENT,High School,Debt Consolidation,844,0,35800,Approved,31860,4.28,48,Charged Off,Bad Loan,5813.6,124.41
LN101529,11-10-2024,39,Male,East,112600,10,MORTGAGE,Bachelor's,Medical,809,0,39100,Approved,35370,8.01,60,Fully Paid,Good Loan,35370,1416.57
LN101530,31-10-2023,62,Female,North,24300,28,MORTGAGE,High School,Car,715,1,27500,Rejected,0,,36,Not Funded,N/A,0,0
LN101531,01-06-2023,49,Female,East,49100,25,MORTGAGE,Bachelor's,Debt Consolidation,708,0,38800,Approved,33540,8.59,60,Fully Paid,Good Loan,33540,1440.54
LN101532,27-03-2022,59,Female,Central,95900,26,RENT,Bachelor's,Debt Consolidation,595,0,12200,Approved,11490,10.96,60,Current,Good Loan,9282.29,508.67
LN101533,07-11-2022,61,Female,North,45300,28,RENT,Bachelor's,Medical,502,0,32800,Rejected,0,,12,Not Funded,N/A,0,0
LN101534,03-03-2023,53,Female,South,77400,32,RENT,High School,Car,667,1,27500,Approved,24580,8.63,12,Current,Good Loan,16244.59,700.95
LN101535,24-04-2022,39,Male,South,80000,27,RENT,Bachelor's,Business,725,0,11300,Approved,10370,8.62,48,Fully Paid,Good Loan,10370,446.95
LN101536,30-10-2022,57,Male,East,41200,30,MORTGAGE,Master's,Education,509,0,13400,Approved,12170,14.57,12,Fully Paid,Good Loan,12170,886.58
LN101537,14-01-2024,39,Female,Central,65700,18,OWN,High School,Debt Consolidation,759,0,20100,Approved,19180,5.41,36,Fully Paid,Good Loan,19180,518.82
LN101538,11-08-2023,53,Female,South,67500,25,RENT,High School,Car,661,0,31900,Approved,31240,10.9,12,Current,Good Loan,15157.41,826.08
LN101539,13-09-2024,36,Male,North,81600,28,MORTGAGE,Bachelor's,Car,775,0,35000,Approved,33770,5.14,36,Current,Good Loan,8812.83,226.49
LN101540,11-12-2022,43,Male,South,26100,10,RENT,Bachelor's,Education,603,1,25700,Approved,21860,11.77,60,Current,Good Loan,7078.46,416.57
LN101541,24-03-2024,27,Male,North,96900,31,RENT,High School,Personal,484,0,29100,Approved,25170,17.1,48,Current,Good Loan,11766.11,1006
LN101542,11-03-2024,46,Female,West,73800,20,MORTGAGE,High School,Debt Consolidation,564,0,11300,Approved,10330,11.77,12,Current,Good Loan,2603.94,153.24
LN101543,21-10-2024,52,Male,North,32600,33,MORTGAGE,High School,Debt Consolidation,713,1,29900,Approved,29240,8.38,12,Fully Paid,Good Loan,29240,1225.16
LN101544,12-12-2024,32,Female,South,51100,21,OWN,Bachelor's,Home Improvement,701,0,24600,Approved,21780,8.12,48,Fully Paid,Good Loan,21780,884.27
LN101545,28-12-2024,28,Female,East,79000,26,MORTGAGE,High School,Debt Consolidation,472,0,9700,Rejected,0,,36,Not Funded,N/A,0,0
LN101546,27-12-2022,25,Female,South,33400,7,RENT,Bachelor's,Car,382,0,38100,Rejected,0,,36,Not Funded,N/A,0,0
LN101547,06-10-2024,62,Male,East,35700,30,MORTGAGE,Bachelor's,Medical,621,1,21000,Approved,18080,13.18,12,Charged Off,Bad Loan,2195.72,144.7
LN101548,05-12-2023,48,Male,North,54600,0,MORTGAGE,Bachelor's,Medical,645,0,32000,Approved,31580,10.55,36,Fully Paid,Good Loan,31580,1665.85
LN101549,29-07-2023,25,Male,Central,44500,33,MORTGAGE,Bachelor's,Debt Consolidation,371,0,21500,Rejected,0,,36,Not Funded,N/A,0,0
LN101550,19-11-2023,46,Male,South,60700,23,OWN,Bachelor's,Medical,750,0,37400,Approved,34390,6.86,12,Fully Paid,Good Loan,34390,1179.58
LN101551,20-02-2024,25,Female,Central,78500,27,RENT,PhD,Debt Consolidation,507,0,6500,Approved,5840,15.68,12,Current,Good Loan,1398.67,109.66
LN101552,08-08-2023,42,Male,South,61200,3,MORTGAGE,Master's,Debt Consolidation,641,0,22300,Approved,19450,12.7,12,Charged Off,Bad Loan,6857.32,435.44
LN101553,12-08-2023,35,Male,West,53900,17,RENT,Bachelor's,Business,332,0,2000,Rejected,0,,24,Not Funded,N/A,0,0
LN101554,04-05-2023,33,Male,South,78600,28,MORTGAGE,Master's,Debt Consolidation,681,0,8700,Approved,8650,10.48,12,Charged Off,Bad Loan,3376.97,176.95
LN101555,28-08-2024,48,Female,West,51700,22,MORTGAGE,Bachelor's,Personal,685,0,12000,Approved,11380,10.26,24,Current,Good Loan,8551.47,438.69
LN101556,09-05-2023,53,Male,South,38700,26,RENT,Bachelor's,Home Improvement,408,0,19400,Rejected,0,,60,Not Funded,N/A,0,0
LN101557,19-01-2022,63,Female,East,91100,15,OWN,High School,Business,461,0,33000,Approved,31570,13.84,36,Fully Paid,Good Loan,31570,2184.64
LN101558,01-02-2023,43,Male,West,18200,26,RENT,Bachelor's,Car,315,0,19200,Rejected,0,,24,Not Funded,N/A,0,0
LN101559,27-09-2024,53,Male,East,55800,8,RENT,High School,Home Improvement,313,0,22900,Rejected,0,,60,Not Funded,N/A,0,0
LN101560,30-04-2024,63,Male,East,46000,4,OWN,High School,Home Improvement,545,0,37000,Rejected,0,,36,Not Funded,N/A,0,0
LN101561,01-04-2024,38,Male,North,35800,7,RENT,High School,Home Improvement,345,0,30500,Rejected,0,,36,Not Funded,N/A,0,0
LN101562,31-03-2023,50,Female,South,62000,17,RENT,PhD,Home Improvement,701,0,3000,Approved,2880,8.37,36,Fully Paid,Good Loan,2880,120.53
LN101563,26-12-2023,46,Male,East,66600,34,MORTGAGE,High School,Business,347,0,7900,Rejected,0,,48,Not Funded,N/A,0,0
LN101564,24-12-2024,36,Male,North,37300,5,MORTGAGE,Bachelor's,Personal,709,0,2500,Rejected,0,,48,Not Funded,N/A,0,0
LN101565,12-12-2023,33,Female,South,28900,22,OWN,Master's,Personal,753,0,3700,Approved,3620,6.06,24,Fully Paid,Good Loan,3620,109.69
LN101566,23-05-2022,59,Female,South,30100,25,MORTGAGE,Bachelor's,Business,441,0,14200,Rejected,0,,24,Not Funded,N/A,0,0
LN101567,05-07-2024,53,Female,South,122500,23,MORTGAGE,Bachelor's,Business,749,0,29400,Approved,26160,5.59,36,Charged Off,Bad Loan,2938.06,82.12
LN101568,07-04-2024,46,Male,East,128800,9,OWN,Bachelor's,Car,488,0,10500,Approved,9970,15.31,60,Current,Good Loan,8199.26,627.65
LN101569,28-08-2023,21,Male,East,54900,14,MORTGAGE,Bachelor's,Education,756,0,16300,Approved,15740,7.79,24,Fully Paid,Good Loan,15740,613.07
LN101570,01-11-2022,58,Female,Central,29200,19,RENT,High School,Car,415,0,16400,Rejected,0,,12,Not Funded,N/A,0,0
LN101571,06-01-2024,22,Female,South,50700,28,MORTGAGE,Master's,Medical,813,0,24000,Approved,21700,5.48,12,Fully Paid,Good Loan,21700,594.58
LN101572,18-10-2022,26,Female,Central,20100,5,RENT,High School,Personal,312,0,35800,Rejected,0,,24,Not Funded,N/A,0,0
LN101573,12-04-2022,58,Male,West,62400,8,RENT,Master's,Car,576,0,39300,Approved,35090,12.12,60,Current,Good Loan,24577.75,1489.41
LN101574,16-05-2024,62,Female,Central,34600,4,MORTGAGE,High School,Car,551,0,24600,Rejected,0,,12,Not Funded,N/A,0,0
LN101575,25-08-2024,44,Female,West,31400,18,OWN,Bachelor's,Home Improvement,527,0,20700,Approved,18090,12.49,36,Current,Good Loan,7431.44,464.09
LN101576,31-08-2024,38,Male,West,84100,4,RENT,Bachelor's,Home Improvement,445,1,27600,Rejected,0,,36,Not Funded,N/A,0,0
LN101577,21-04-2024,47,Female,South,50500,19,RENT,PhD,Medical,516,0,27100,Rejected,0,,48,Not Funded,N/A,0,0
LN101578,19-08-2024,61,Female,South,80000,10,MORTGAGE,Bachelor's,Debt Consolidation,593,0,21400,Approved,19670,12.8,48,Charged Off,Bad Loan,5590.71,357.81
LN101579,30-07-2024,28,Male,South,93300,26,RENT,PhD,Home Improvement,580,0,29700,Approved,25330,11.97,48,Fully Paid,Good Loan,25330,1516
LN101580,23-10-2024,48,Male,Central,52000,28,RENT,Bachelor's,Personal,465,0,20200,Rejected,0,,60,Not Funded,N/A,0,0
LN101581,26-03-2022,30,Female,Central,54100,6,MORTGAGE,Bachelor's,Business,442,0,39900,Rejected,0,,36,Not Funded,N/A,0,0
LN101582,24-11-2022,37,Male,West,87200,2,RENT,Bachelor's,Debt Consolidation,797,2,2900,Rejected,0,,60,Not Funded,N/A,0,0
LN101583,26-03-2024,49,Male,Central,42500,4,RENT,High School,Business,783,0,18300,Approved,15580,7.36,12,Fully Paid,Good Loan,15580,573.34
LN101584,30-03-2023,26,Male,Central,91100,12,OWN,Bachelor's,Debt Consolidation,712,0,16500,Approved,14140,10.14,36,Fully Paid,Good Loan,14140,716.9
LN101585,21-09-2023,34,Male,East,21800,15,MORTGAGE,High School,Medical,396,2,31000,Rejected,0,,48,Not Funded,N/A,0,0
LN101586,27-10-2023,42,Female,East,46200,11,RENT,Bachelor's,Car,587,0,8400,Approved,8080,13.11,48,Current,Good Loan,4858.21,318.46
LN101587,12-01-2022,26,Male,South,58900,26,MORTGAGE,Master's,Medical,568,0,17900,Approved,17740,14.94,12,Fully Paid,Good Loan,17740,1325.18
LN101588,31-10-2022,46,Male,South,31500,32,RENT,Master's,Debt Consolidation,508,0,28200,Rejected,0,,36,Not Funded,N/A,0,0
LN101589,01-09-2024,59,Female,North,64000,14,OWN,Bachelor's,Home Improvement,836,0,24500,Approved,22920,6.26,60,Fully Paid,Good Loan,22920,717.4
LN101590,22-02-2024,32,Male,South,58500,20,RENT,Bachelor's,Debt Consolidation,604,0,22300,Approved,19230,12.27,60,Charged Off,Bad Loan,3537.52,217.03
LN101591,12-02-2022,55,Male,West,39000,16,OWN,Bachelor's,Debt Consolidation,387,2,18000,Rejected,0,,12,Not Funded,N/A,0,0
LN101592,01-08-2024,34,Female,South,38300,14,MORTGAGE,Master's,Medical,419,2,30300,Rejected,0,,36,Not Funded,N/A,0,0
LN101593,09-12-2022,42,Male,Central,36600,19,MORTGAGE,PhD,Home Improvement,524,0,26200,Approved,24810,12.89,60,Current,Good Loan,12905.7,831.77
LN101594,13-05-2023,43,Male,South,26800,18,RENT,Bachelor's,Debt Consolidation,435,0,35100,Rejected,0,,48,Not Funded,N/A,0,0
LN101595,30-12-2022,27,Female,North,111800,0,OWN,Bachelor's,Home Improvement,681,0,29600,Approved,26780,10.22,48,Fully Paid,Good Loan,26780,1368.46
LN101596,09-06-2024,60,Female,West,49300,3,RENT,High School,Debt Consolidation,310,0,6500,Rejected,0,,60,Not Funded,N/A,0,0
LN101597,03-03-2023,45,Female,West,29500,2,RENT,High School,Car,738,0,25200,Approved,22790,9.21,36,Fully Paid,Good Loan,22790,1049.48
LN101598,01-10-2024,33,Female,South,51300,7,RENT,Master's,Debt Consolidation,309,0,2700,Rejected,0,,60,Not Funded,N/A,0,0
LN101599,21-01-2022,41,Female,East,60400,4,MORTGAGE,PhD,Home Improvement,614,0,16100,Approved,14500,9.9,12,Current,Good Loan,9381.07,464.36
LN101600,11-02-2023,61,Female,South,37500,8,RENT,Bachelor's,Debt Consolidation,364,0,17100,Rejected,0,,36,Not Funded,N/A,0,0
LN101601,11-09-2023,30,Female,Central,46000,0,OWN,PhD,Home Improvement,767,0,34300,Approved,32160,8.42,60,Current,Good Loan,12396.87,521.91
LN101602,11-10-2024,29,Male,East,97400,29,RENT,Bachelor's,Home Improvement,494,0,8000,Approved,7200,13.46,48,Current,Good Loan,5577.96,375.4
LN101603,02-12-2022,35,Male,North,32000,6,MORTGAGE,Bachelor's,Medical,713,0,26100,Approved,23710,7.58,36,Fully Paid,Good Loan,23710,898.61
LN101604,03-02-2023,22,Female,East,41700,21,RENT,Bachelor's,Medical,300,0,8500,Rejected,0,,24,Not Funded,N/A,0,0
LN101605,03-03-2024,45,Female,Central,22000,19,RENT,Bachelor's,Debt Consolidation,667,0,38000,Rejected,0,,36,Not Funded,N/A,0,0
LN101606,16-12-2023,33,Male,West,123100,28,RENT,Bachelor's,Debt Consolidation,675,0,21700,Approved,20920,10.45,48,Current,Good Loan,12686.79,662.88
LN101607,20-02-2022,54,Male,West,72900,26,OWN,Bachelor's,Personal,490,1,28600,Rejected,0,,36,Not Funded,N/A,0,0
LN101608,20-11-2022,54,Male,South,53000,24,RENT,Bachelor's,Medical,589,0,26200,Approved,25640,12.69,12,Fully Paid,Good Loan,25640,1626.86
LN101609,28-02-2024,55,Male,Central,39200,34,MORTGAGE,Bachelor's,Home Improvement,498,0,12800,Rejected,0,,48,Not Funded,N/A,0,0
LN101610,21-05-2022,58,Female,West,38300,26,RENT,Master's,Debt Consolidation,534,0,36100,Approved,34610,15.58,48,Fully Paid,Good Loan,34610,2696.12
LN101611,15-04-2023,23,Female,West,48000,10,MORTGAGE,Bachelor's,Debt Consolidation,529,0,25500,Rejected,0,,12,Not Funded,N/A,0,0
LN101612,26-02-2024,62,Female,South,67700,16,RENT,Bachelor's,Education,525,0,20900,Approved,20550,13.09,24,Fully Paid,Good Loan,20550,1345
LN101613,21-08-2024,26,Female,Central,33600,30,RENT,Bachelor's,Personal,729,1,21600,Rejected,0,,36,Not Funded,N/A,0,0
LN101614,04-10-2024,39,Male,East,44000,17,MORTGAGE,High School,Education,495,0,35700,Rejected,0,,12,Not Funded,N/A,0,0
LN101615,08-01-2023,23,Male,Central,79700,18,RENT,High School,Debt Consolidation,766,0,3300,Approved,3100,6.69,36,Current,Good Loan,770.96,25.79
LN101616,09-05-2023,38,Male,South,111800,28,MORTGAGE,Bachelor's,Education,740,1,16200,Approved,14220,5.88,36,Current,Good Loan,4669.05,137.27
LN101617,21-01-2024,59,Female,North,69200,14,RENT,High School,Personal,456,0,33800,Rejected,0,,24,Not Funded,N/A,0,0
LN101618,18-10-2022,29,Male,South,40200,6,MORTGAGE,Bachelor's,Home Improvement,781,1,2500,Approved,2390,9.6,36,Current,Good Loan,941.6,45.2
LN101619,16-04-2022,32,Male,South,50500,6,RENT,Bachelor's,Personal,653,0,25900,Approved,25110,9.49,12,Current,Good Loan,12151.76,576.6
LN101620,01-11-2023,25,Female,East,65200,21,RENT,High School,Education,832,0,16700,Approved,15280,5.58,36,Fully Paid,Good Loan,15280,426.31
LN101621,02-01-2022,23,Male,East,47500,11,MORTGAGE,Bachelor's,Debt Consolidation,807,2,9000,Approved,8400,6.59,36,Charged Off,Bad Loan,2844.84,93.74
LN101622,12-08-2023,31,Female,East,74600,7,RENT,High School,Debt Consolidation,704,0,24800,Approved,21460,8.5,24,Fully Paid,Good Loan,21460,912.05
LN101623,06-10-2023,50,Female,West,39000,17,MORTGAGE,High School,Debt Consolidation,588,0,33400,Rejected,0,,36,Not Funded,N/A,0,0
LN101624,31-03-2022,24,Male,North,112000,27,MORTGAGE,High School,Education,389,0,19200,Rejected,0,,48,Not Funded,N/A,0,0
LN101625,16-12-2022,25,Male,South,52100,17,OWN,High School,Business,681,0,6700,Approved,6210,7.95,60,Fully Paid,Good Loan,6210,246.85
LN101626,28-11-2024,21,Female,Central,40800,30,RENT,Bachelor's,Business,600,0,12900,Approved,12600,13.62,48,Fully Paid,Good Loan,12600,858.06
LN101627,27-06-2024,47,Male,East,70700,16,MORTGAGE,Bachelor's,Debt Consolidation,741,0,39300,Approved,37960,7.83,24,Current,Good Loan,23269.46,911
LN101628,08-06-2022,48,Male,East,34900,22,RENT,Bachelor's,Personal,801,0,5300,Approved,4930,6.99,36,Charged Off,Bad Loan,622.35,21.75
LN101629,16-08-2024,49,Female,East,57900,10,RENT,High School,Debt Consolidation,684,0,7300,Rejected,0,,12,Not Funded,N/A,0,0
LN101630,08-11-2022,38,Female,East,101800,14,MORTGAGE,High School,Debt Consolidation,822,0,39600,Approved,36310,4.62,36,Fully Paid,Good Loan,36310,838.76
LN101631,21-03-2023,32,Male,North,31300,29,RENT,Bachelor's,Debt Consolidation,801,0,35400,Approved,31950,4.77,36,Fully Paid,Good Loan,31950,762.01
LN101632,25-10-2022,33,Female,East,92600,30,MORTGAGE,Bachelor's,Debt Consolidation,548,0,28600,Approved,24960,12.5,24,Charged Off,Bad Loan,2547.25,159.2
LN101633,09-08-2024,61,Female,Central,30300,5,MORTGAGE,Bachelor's,Personal,390,0,6900,Approved,6530,17.81,36,Charged Off,Bad Loan,2367.61,210.84
LN101634,05-02-2022,22,Male,East,78400,11,MORTGAGE,Bachelor's,Debt Consolidation,693,0,10400,Approved,9920,8.29,12,Current,Good Loan,7125.88,295.37
LN101635,13-07-2023,57,Female,North,35400,22,RENT,PhD,Debt Consolidation,657,1,8000,Rejected,0,,12,Not Funded,N/A,0,0
LN101636,09-06-2024,36,Male,West,92600,34,RENT,Bachelor's,Business,448,0,25600,Rejected,0,,60,Not Funded,N/A,0,0
LN101637,21-05-2022,44,Male,South,41800,2,RENT,Bachelor's,Business,774,2,16600,Approved,16590,7.03,60,Fully Paid,Good Loan,16590,583.14
LN101638,05-06-2024,55,Female,North,46100,27,RENT,High School,Debt Consolidation,741,0,2900,Rejected,0,,36,Not Funded,N/A,0,0
LN101639,27-12-2023,42,Female,Central,35500,14,RENT,Bachelor's,Debt Consolidation,307,0,12400,Rejected,0,,12,Not Funded,N/A,0,0
LN101640,15-11-2024,56,Male,North,18300,12,RENT,Bachelor's,Debt Consolidation,528,0,34600,Rejected,0,,36,Not Funded,N/A,0,0
LN101641,05-06-2023,31,Female,Central,32400,18,MORTGAGE,High School,Car,369,0,32000,Rejected,0,,48,Not Funded,N/A,0,0
LN101642,10-01-2022,49,Female,South,25400,17,RENT,High School,Education,339,1,26100,Rejected,0,,24,Not Funded,N/A,0,0
LN101643,10-09-2024,55,Female,West,21600,30,MORTGAGE,PhD,Personal,328,0,4300,Rejected,0,,24,Not Funded,N/A,0,0
LN101644,13-01-2023,35,Male,East,61800,20,OWN,Master's,Debt Consolidation,820,0,35400,Approved,34580,4.96,12,Fully Paid,Good Loan,34580,857.58
LN101645,13-11-2023,51,Female,South,107600,4,RENT,Bachelor's,Business,576,0,21800,Approved,21600,14.17,48,Fully Paid,Good Loan,21600,1530.36
LN101646,07-08-2023,62,Male,West,121600,16,RENT,Master's,Medical,587,0,20300,Approved,18640,14.34,12,Current,Good Loan,11212.72,803.95
LN101647,01-06-2022,61,Male,Central,32100,18,MORTGAGE,High School,Debt Consolidation,482,0,37400,Rejected,0,,48,Not Funded,N/A,0,0
LN101648,21-12-2023,63,Female,West,51600,3,RENT,Bachelor's,Education,821,0,1300,Approved,1290,5.91,12,Current,Good Loan,546.41,16.15
LN101649,08-12-2024,36,Female,East,91500,25,MORTGAGE,High School,Business,383,0,22700,Approved,20260,17.36,60,Charged Off,Bad Loan,6114.33,530.72
LN101650,08-05-2024,30,Female,Central,30000,23,RENT,Bachelor's,Home Improvement,696,0,31900,Approved,29470,8.19,36,Current,Good Loan,22459.12,919.7
LN101651,19-02-2022,52,Male,South,93100,18,RENT,Master's,Education,385,0,3500,Rejected,0,,24,Not Funded,N/A,0,0
LN101652,26-10-2023,22,Male,North,93800,29,RENT,High School,Business,596,1,14900,Rejected,0,,24,Not Funded,N/A,0,0
LN101653,15-06-2023,44,Female,North,22600,25,RENT,Bachelor's,Car,586,1,39100,Rejected,0,,48,Not Funded,N/A,0,0
LN101654,19-12-2024,43,Male,West,18800,10,RENT,Bachelor's,Personal,408,2,9300,Rejected,0,,60,Not Funded,N/A,0,0
LN101655,06-05-2024,22,Male,West,45200,2,RENT,Bachelor's,Business,843,1,21700,Rejected,0,,48,Not Funded,N/A,0,0
LN101656,26-05-2022,58,Male,East,82600,21,RENT,Master's,Home Improvement,312,1,30100,Rejected,0,,60,Not Funded,N/A,0,0
LN101657,03-07-2024,51,Female,Central,27300,16,MORTGAGE,Master's,Medical,676,1,16200,Approved,14770,10.22,48,Fully Paid,Good Loan,14770,754.75
LN101658,19-09-2024,60,Female,West,21700,10,RENT,High School,Debt Consolidation,708,2,16900,Rejected,0,,12,Not Funded,N/A,0,0
LN101659,30-08-2022,46,Female,South,55800,26,MORTGAGE,Bachelor's,Debt Consolidation,314,1,3500,Rejected,0,,12,Not Funded,N/A,0,0
LN101660,04-08-2023,49,Female,North,72000,28,RENT,Bachelor's,Business,487,0,8400,Approved,7660,14.3,24,Fully Paid,Good Loan,7660,547.69
LN101661,18-11-2023,23,Female,Central,39900,11,RENT,High School,Education,533,0,35300,Rejected,0,,48,Not Funded,N/A,0,0
LN101662,28-04-2023,34,Male,North,41400,12,RENT,Master's,Car,757,0,32900,Approved,30660,6.1,48,Fully Paid,Good Loan,30660,935.13
LN101663,04-11-2023,45,Male,East,71800,10,MORTGAGE,High School,Personal,444,0,12900,Rejected,0,,12,Not Funded,N/A,0,0
LN101664,23-09-2023,21,Female,South,36600,30,MORTGAGE,High School,Car,816,0,15900,Approved,14550,6.42,48,Fully Paid,Good Loan,14550,467.05
LN101665,23-10-2023,23,Male,South,37900,10,RENT,High School,Personal,440,0,18200,Rejected,0,,24,Not Funded,N/A,0,0
LN101666,24-10-2023,46,Male,East,61400,1,RENT,Bachelor's,Business,832,0,14500,Approved,14160,5,24,Current,Good Loan,4056.75,101.42
LN101667,15-03-2024,38,Male,South,64500,22,OWN,High School,Home Improvement,414,0,26500,Rejected,0,,48,Not Funded,N/A,0,0
LN101668,23-02-2023,29,Male,Central,49000,13,MORTGAGE,Bachelor's,Business,343,0,1500,Rejected,0,,24,Not Funded,N/A,0,0
LN101669,14-09-2024,58,Male,South,105700,26,RENT,Bachelor's,Education,503,1,35300,Rejected,0,,24,Not Funded,N/A,0,0
LN101670,12-10-2023,43,Female,West,75900,11,MORTGAGE,Bachelor's,Business,772,0,12700,Approved,10830,5.67,48,Fully Paid,Good Loan,10830,307.03
LN101671,26-08-2024,41,Female,West,46300,28,RENT,High School,Education,608,0,35000,Approved,32900,10.22,48,Fully Paid,Good Loan,32900,1681.19
LN101672,13-08-2023,21,Female,West,30300,5,RENT,Bachelor's,Car,621,1,18700,Rejected,0,,12,Not Funded,N/A,0,0
LN101673,24-05-2023,41,Female,Central,84600,22,MORTGAGE,Bachelor's,Debt Consolidation,704,0,31300,Approved,27500,11.02,12,Fully Paid,Good Loan,27500,1515.25
LN101674,17-03-2023,47,Male,South,86000,9,MORTGAGE,Bachelor's,Debt Consolidation,660,0,33200,Approved,28870,10.92,60,Fully Paid,Good Loan,28870,1576.3
LN101675,09-07-2024,62,Male,North,51800,33,RENT,High School,Business,425,0,12800,Rejected,0,,48,Not Funded,N/A,0,0
LN101676,09-02-2024,26,Female,North,61400,11,MORTGAGE,High School,Personal,419,1,26000,Rejected,0,,60,Not Funded,N/A,0,0
LN101677,20-09-2022,64,Female,Central,74300,31,MORTGAGE,High School,Debt Consolidation,513,0,24700,Rejected,0,,48,Not Funded,N/A,0,0
LN101678,29-09-2023,56,Male,Central,111500,25,RENT,Bachelor's,Personal,610,0,19600,Approved,17580,12.63,60,Fully Paid,Good Loan,17580,1110.18
LN101679,04-04-2023,48,Female,South,80800,6,RENT,High School,Personal,364,1,19300,Rejected,0,,36,Not Funded,N/A,0,0
LN101680,25-09-2024,37,Male,West,66200,31,MORTGAGE,Bachelor's,Debt Consolidation,665,1,12900,Rejected,0,,48,Not Funded,N/A,0,0
LN101681,01-12-2023,60,Male,North,82300,32,RENT,Bachelor's,Car,504,0,13100,Approved,12030,17.53,24,Charged Off,Bad Loan,4183.95,366.72
LN101682,29-10-2022,23,Female,North,90900,17,MORTGAGE,PhD,Debt Consolidation,486,1,22400,Rejected,0,,60,Not Funded,N/A,0,0
LN101683,08-07-2023,32,Male,West,61200,34,RENT,Master's,Business,560,0,2300,Approved,1970,12.44,36,Fully Paid,Good Loan,1970,122.53
LN101684,15-10-2022,59,Male,North,81900,19,RENT,Master's,Home Improvement,389,0,37400,Rejected,0,,36,Not Funded,N/A,0,0
LN101685,13-09-2023,32,Male,South,40000,30,OWN,Master's,Personal,692,0,26300,Approved,25860,10.64,12,Charged Off,Bad Loan,9156.26,487.11
LN101686,02-10-2024,22,Male,West,86300,4,OWN,Bachelor's,Business,449,0,18300,Rejected,0,,36,Not Funded,N/A,0,0
LN101687,05-02-2022,42,Female,West,40100,31,MORTGAGE,Master's,Home Improvement,711,0,3400,Rejected,0,,60,Not Funded,N/A,0,0
LN101688,14-01-2024,43,Female,South,34400,18,MORTGAGE,Bachelor's,Education,743,1,25600,Rejected,0,,36,Not Funded,N/A,0,0
LN101689,19-12-2022,50,Female,East,51100,0,MORTGAGE,Bachelor's,Home Improvement,439,0,1700,Rejected,0,,36,Not Funded,N/A,0,0
LN101690,14-03-2022,25,Female,East,29600,6,MORTGAGE,Bachelor's,Business,592,0,27500,Approved,24610,11.97,12,Charged Off,Bad Loan,5304.77,317.49
LN101691,10-10-2023,29,Male,North,41400,21,RENT,Bachelor's,Personal,765,0,3800,Approved,3270,7.68,12,Current,Good Loan,1419.09,54.49
LN101692,29-12-2024,41,Male,West,64200,33,RENT,Master's,Debt Consolidation,546,0,26600,Rejected,0,,48,Not Funded,N/A,0,0
LN101693,01-03-2023,31,Male,North,61400,9,MORTGAGE,High School,Business,397,0,16800,Rejected,0,,24,Not Funded,N/A,0,0
LN101694,25-09-2024,25,Male,North,72200,25,RENT,High School,Debt Consolidation,469,1,26800,Rejected,0,,36,Not Funded,N/A,0,0
LN101695,09-12-2023,55,Male,South,72700,31,RENT,Master's,Car,609,2,6400,Rejected,0,,24,Not Funded,N/A,0,0
LN101696,15-07-2023,47,Female,Central,64100,26,MORTGAGE,Bachelor's,Debt Consolidation,725,1,5600,Rejected,0,,36,Not Funded,N/A,0,0
LN101697,07-04-2024,22,Female,North,36900,11,RENT,Master's,Debt Consolidation,366,0,10600,Rejected,0,,12,Not Funded,N/A,0,0
LN101698,13-08-2024,44,Male,North,82100,22,RENT,PhD,Car,355,2,17000,Rejected,0,,60,Not Funded,N/A,0,0
LN101699,01-06-2023,51,Female,North,51600,13,RENT,High School,Home Improvement,816,0,10900,Approved,9490,7.16,48,Fully Paid,Good Loan,9490,339.74
LN101700,04-03-2023,53,Male,South,60400,33,RENT,High School,Education,450,0,4200,Rejected,0,,36,Not Funded,N/A,0,0
LN101701,09-06-2022,59,Female,East,56800,16,MORTGAGE,Bachelor's,Car,617,0,13700,Approved,13250,12.7,60,Fully Paid,Good Loan,13250,841.38
LN101702,29-05-2022,50,Female,North,110000,5,MORTGAGE,Master's,Home Improvement,440,1,28500,Rejected,0,,12,Not Funded,N/A,0,0
LN101703,15-02-2024,57,Male,West,31600,26,MORTGAGE,High School,Debt Consolidation,614,0,23700,Approved,21050,10.02,48,Fully Paid,Good Loan,21050,1054.6
LN101704,08-03-2022,48,Male,West,46400,7,MORTGAGE,High School,Debt Consolidation,305,0,38600,Rejected,0,,24,Not Funded,N/A,0,0
LN101705,10-10-2024,51,Female,West,68800,32,MORTGAGE,High School,Education,488,0,18000,Rejected,0,,48,Not Funded,N/A,0,0
LN101706,16-01-2023,31,Female,East,54700,34,MORTGAGE,Bachelor's,Debt Consolidation,616,0,14000,Approved,13930,10.4,24,Current,Good Loan,7412.53,385.45
LN101707,27-02-2022,43,Female,South,43600,16,RENT,Bachelor's,Education,823,0,28100,Approved,26660,4.33,36,Current,Good Loan,14365.66,311.02
LN101708,08-12-2022,22,Female,South,22900,25,MORTGAGE,Master's,Home Improvement,462,0,17100,Rejected,0,,24,Not Funded,N/A,0,0
LN101709,28-12-2023,60,Female,East,47600,6,MORTGAGE,Bachelor's,Home Improvement,667,0,25100,Approved,24220,10.89,24,Fully Paid,Good Loan,24220,1318.78
LN101710,09-02-2024,61,Male,North,63800,23,OWN,Master's,Debt Consolidation,816,0,37900,Approved,35530,4.38,48,Fully Paid,Good Loan,35530,778.11
LN101711,06-09-2023,47,Male,West,69200,24,OWN,Bachelor's,Home Improvement,365,0,20500,Rejected,0,,36,Not Funded,N/A,0,0
LN101712,20-12-2022,55,Male,South,50200,34,RENT,Bachelor's,Debt Consolidation,623,1,20400,Rejected,0,,12,Not Funded,N/A,0,0
LN101713,26-04-2022,22,Male,South,58700,25,RENT,Bachelor's,Home Improvement,492,2,31200,Rejected,0,,48,Not Funded,N/A,0,0
LN101714,24-10-2023,59,Male,South,32400,4,MORTGAGE,Bachelor's,Medical,664,0,30500,Approved,30110,10.07,36,Charged Off,Bad Loan,9756.19,491.22
LN101715,29-03-2023,57,Female,North,64600,34,RENT,High School,Debt Consolidation,669,0,21100,Rejected,0,,60,Not Funded,N/A,0,0
LN101716,14-10-2022,41,Male,Central,54400,29,RENT,Bachelor's,Personal,635,0,3500,Rejected,0,,12,Not Funded,N/A,0,0
LN101717,13-10-2024,25,Male,North,58400,24,RENT,Bachelor's,Business,432,0,39300,Approved,37440,13.57,24,Charged Off,Bad Loan,4479.55,303.94
LN101718,07-11-2022,41,Female,Central,49100,23,RENT,High School,Debt Consolidation,440,1,15700,Rejected,0,,60,Not Funded,N/A,0,0
LN101719,27-07-2022,49,Male,East,59600,29,RENT,High School,Personal,635,1,13400,Rejected,0,,24,Not Funded,N/A,0,0
LN101720,10-09-2023,40,Male,Central,72100,19,MORTGAGE,High School,Business,798,1,39300,Rejected,0,,36,Not Funded,N/A,0,0
LN101721,22-03-2023,58,Female,East,60800,2,OWN,High School,Business,475,0,35000,Rejected,0,,12,Not Funded,N/A,0,0
LN101722,01-11-2023,40,Female,Central,23900,31,RENT,Bachelor's,Debt Consolidation,335,0,13900,Rejected,0,,12,Not Funded,N/A,0,0
LN101723,25-09-2023,45,Male,North,61300,7,RENT,Bachelor's,Home Improvement,442,0,13000,Rejected,0,,48,Not Funded,N/A,0,0
LN101724,24-02-2022,22,Male,East,45500,22,MORTGAGE,High School,Medical,827,0,29100,Approved,28910,4,36,Current,Good Loan,12471.23,249.42
LN101725,30-06-2024,52,Female,North,39400,15,RENT,Bachelor's,Debt Consolidation,803,1,14000,Approved,12320,5.83,24,Fully Paid,Good Loan,12320,359.13
LN101726,01-11-2024,46,Male,South,99400,34,OWN,PhD,Business,305,0,10800,Rejected,0,,24,Not Funded,N/A,0,0
LN101727,19-10-2023,26,Male,East,35600,24,RENT,High School,Education,523,0,39200,Rejected,0,,24,Not Funded,N/A,0,0
LN101728,06-09-2024,61,Female,East,37500,14,OWN,High School,Debt Consolidation,655,0,23100,Approved,20060,11.88,24,Fully Paid,Good Loan,20060,1191.56
LN101729,30-05-2023,23,Male,South,19800,7,RENT,Bachelor's,Car,335,0,30700,Rejected,0,,12,Not Funded,N/A,0,0
LN101730,25-08-2022,53,Male,North,103600,33,MORTGAGE,Bachelor's,Debt Consolidation,845,0,28800,Approved,27410,4.05,12,Fully Paid,Good Loan,27410,555.05
LN101731,14-12-2022,21,Male,West,80900,24,MORTGAGE,Bachelor's,Debt Consolidation,824,1,30500,Approved,30090,5.85,24,Current,Good Loan,21753.44,636.29
LN101732,19-09-2023,25,Female,East,46700,18,OWN,Bachelor's,Personal,356,0,36200,Rejected,0,,48,Not Funded,N/A,0,0
LN101733,22-09-2023,33,Female,North,71400,12,MORTGAGE,Bachelor's,Debt Consolidation,306,0,20500,Rejected,0,,60,Not Funded,N/A,0,0
LN101734,30-12-2022,39,Male,Central,19900,11,MORTGAGE,Master's,Car,742,0,30400,Approved,25990,6.78,36,Charged Off,Bad Loan,8642.12,292.97
LN101735,17-11-2022,32,Male,Central,67100,14,MORTGAGE,PhD,Education,614,0,32100,Approved,29240,12.2,24,Fully Paid,Good Loan,29240,1783.64
LN101736,13-10-2022,45,Male,Central,36800,22,MORTGAGE,Bachelor's,Business,410,0,37900,Rejected,0,,36,Not Funded,N/A,0,0
LN101737,29-05-2022,55,Male,West,115100,1,OWN,PhD,Business,415,0,28800,Approved,28240,16.6,24,Charged Off,Bad Loan,152.35,12.65
LN101738,10-02-2023,32,Male,North,63900,22,RENT,Bachelor's,Debt Consolidation,606,0,35800,Approved,34080,10.25,48,Fully Paid,Good Loan,34080,1746.6
LN101739,04-09-2024,50,Female,Central,57500,4,RENT,Bachelor's,Education,609,0,4700,Approved,4070,10.35,60,Current,Good Loan,3223.88,166.84
LN101740,01-04-2023,25,Male,South,37400,33,RENT,Bachelor's,Personal,393,1,5900,Rejected,0,,24,Not Funded,N/A,0,0
LN101741,10-03-2024,54,Male,North,37600,9,RENT,Master's,Debt Consolidation,491,0,7200,Rejected,0,,24,Not Funded,N/A,0,0
LN101742,09-10-2024,42,Male,West,70700,26,MORTGAGE,Master's,Home Improvement,578,0,6600,Approved,6340,12.53,60,Charged Off,Bad Loan,2486.24,155.76
LN101743,23-02-2024,59,Male,South,37300,3,RENT,High School,Business,354,0,4400,Rejected,0,,24,Not Funded,N/A,0,0
LN101744,05-04-2023,33,Male,East,36600,3,MORTGAGE,Bachelor's,Debt Consolidation,316,0,5800,Rejected,0,,12,Not Funded,N/A,0,0
LN101745,08-01-2024,23,Male,North,102000,7,MORTGAGE,Master's,Medical,634,0,39800,Approved,36920,10.11,48,Fully Paid,Good Loan,36920,1866.31
LN101746,24-05-2023,40,Female,East,61700,5,MORTGAGE,Bachelor's,Education,361,0,11600,Rejected,0,,12,Not Funded,N/A,0,0
LN101747,26-04-2023,51,Female,East,33100,24,MORTGAGE,High School,Debt Consolidation,626,0,19600,Rejected,0,,48,Not Funded,N/A,0,0
LN101748,24-04-2022,25,Male,South,69400,26,RENT,High School,Business,427,0,33000,Rejected,0,,12,Not Funded,N/A,0,0
LN101749,19-01-2024,44,Male,North,47800,19,OWN,Bachelor's,Home Improvement,799,0,5600,Approved,5540,5.54,12,Fully Paid,Good Loan,5540,153.46
LN101750,27-12-2022,60,Male,East,24500,26,RENT,Bachelor's,Debt Consolidation,558,0,13400,Approved,12150,12.83,24,Charged Off,Bad Loan,4379.36,280.94
LN101751,07-12-2022,53,Male,South,43300,6,MORTGAGE,High School,Car,709,0,7200,Rejected,0,,48,Not Funded,N/A,0,0
LN101752,09-02-2024,28,Female,South,33800,22,RENT,Bachelor's,Debt Consolidation,442,1,3400,Rejected,0,,48,Not Funded,N/A,0,0
LN101753,31-01-2024,44,Male,Central,60800,19,RENT,Master's,Business,696,1,38500,Rejected,0,,24,Not Funded,N/A,0,0
LN101754,26-08-2024,40,Female,South,40300,33,OWN,High School,Business,658,1,34500,Rejected,0,,48,Not Funded,N/A,0,0
LN101755,25-03-2023,36,Female,Central,56400,28,MORTGAGE,High School,Business,618,1,35300,Rejected,0,,48,Not Funded,N/A,0,0
LN101756,14-04-2024,32,Female,North,73100,4,RENT,Master's,Debt Consolidation,577,0,34900,Approved,30090,12.94,24,Charged Off,Bad Loan,8566.85,554.28
LN101757,07-11-2022,33,Female,South,156800,26,MORTGAGE,Master's,Car,390,0,7000,Approved,6150,20.48,36,Current,Good Loan,2995.37,306.73
LN101758,19-09-2022,62,Male,North,132100,11,MORTGAGE,High School,Personal,381,0,31600,Rejected,0,,60,Not Funded,N/A,0,0
LN101759,10-02-2023,59,Female,South,59900,16,RENT,Bachelor's,Business,318,0,29400,Rejected,0,,12,Not Funded,N/A,0,0
LN101760,23-05-2022,45,Female,North,52900,33,MORTGAGE,Bachelor's,Debt Consolidation,678,0,37100,Approved,33950,9.06,48,Fully Paid,Good Loan,33950,1537.94
LN101761,08-12-2022,52,Female,South,41400,29,MORTGAGE,High School,Car,668,1,9600,Rejected,0,,60,Not Funded,N/A,0,0
LN101762,01-09-2022,44,Male,South,25900,5,OWN,Master's,Personal,757,0,17100,Approved,16140,9.47,24,Current,Good Loan,5858.97,277.42
LN101763,05-05-2023,64,Female,South,19400,31,MORTGAGE,Bachelor's,Medical,318,0,12500,Rejected,0,,48,Not Funded,N/A,0,0
LN101764,12-01-2022,29,Male,East,37100,31,MORTGAGE,Bachelor's,Home Improvement,552,0,11100,Rejected,0,,60,Not Funded,N/A,0,0
LN101765,15-07-2023,60,Female,Central,113200,8,RENT,Bachelor's,Debt Consolidation,663,0,26400,Approved,23300,8.65,12,Current,Good Loan,5274.45,228.12
LN101766,11-02-2022,43,Male,North,111500,21,RENT,Master's,Debt Consolidation,492,1,7400,Approved,6640,14.91,60,Current,Good Loan,2760.25,205.78
LN101767,09-11-2023,33,Female,West,56000,9,RENT,High School,Debt Consolidation,577,0,19100,Approved,17060,10.33,36,Fully Paid,Good Loan,17060,881.15
LN101768,17-08-2023,52,Male,West,66800,28,OWN,Bachelor's,Debt Consolidation,334,1,26200,Rejected,0,,48,Not Funded,N/A,0,0
LN101769,14-05-2022,35,Male,East,41300,10,RENT,Bachelor's,Personal,543,0,6100,Approved,5280,15.57,12,Fully Paid,Good Loan,5280,411.05
LN101770,26-12-2024,56,Male,Central,53400,27,RENT,High School,Education,372,1,11000,Rejected,0,,12,Not Funded,N/A,0,0
LN101771,27-10-2024,25,Male,Central,38200,1,MORTGAGE,Master's,Debt Consolidation,566,0,38700,Rejected,0,,12,Not Funded,N/A,0,0
LN101772,05-08-2024,42,Male,South,38200,20,RENT,High School,Business,633,0,32000,Approved,31800,11.58,36,Fully Paid,Good Loan,31800,1841.22
LN101773,14-03-2022,36,Male,West,71400,30,OWN,Bachelor's,Debt Consolidation,467,2,27400,Rejected,0,,60,Not Funded,N/A,0,0
LN101774,03-02-2023,61,Female,West,41300,16,RENT,Master's,Education,639,0,34400,Approved,33780,12.42,12,Fully Paid,Good Loan,33780,2097.74
LN101775,01-08-2023,30,Female,South,67600,26,MORTGAGE,Bachelor's,Home Improvement,396,0,1500,Rejected,0,,36,Not Funded,N/A,0,0
LN101776,08-05-2024,44,Female,South,50700,29,RENT,Bachelor's,Debt Consolidation,363,0,1200,Rejected,0,,48,Not Funded,N/A,0,0
LN101777,10-05-2022,38,Male,Central,102500,7,RENT,Master's,Debt Consolidation,395,0,7000,Rejected,0,,48,Not Funded,N/A,0,0
LN101778,19-07-2024,38,Male,West,69500,4,MORTGAGE,Bachelor's,Education,845,0,20300,Approved,19240,5.04,24,Fully Paid,Good Loan,19240,484.85
LN101779,23-09-2022,27,Male,North,60500,25,MORTGAGE,High School,Home Improvement,668,0,23200,Approved,21690,11.54,36,Fully Paid,Good Loan,21690,1251.51
LN101780,03-03-2024,24,Female,North,28500,5,RENT,Bachelor's,Business,644,0,5400,Rejected,0,,12,Not Funded,N/A,0,0
LN101781,10-09-2022,46,Female,Central,43400,15,RENT,Bachelor's,Car,741,1,3800,Approved,3520,8.6,36,Fully Paid,Good Loan,3520,151.36
LN101782,01-04-2024,25,Male,North,53000,0,RENT,Bachelor's,Education,750,1,33300,Approved,32280,7.37,36,Fully Paid,Good Loan,32280,1189.52
LN101783,13-06-2022,36,Male,West,55500,8,RENT,Bachelor's,Business,533,0,19100,Rejected,0,,60,Not Funded,N/A,0,0
LN101784,05-04-2022,55,Female,South,73000,20,MORTGAGE,High School,Personal,456,1,39700,Rejected,0,,24,Not Funded,N/A,0,0
LN101785,12-04-2024,46,Female,North,59400,6,MORTGAGE,Bachelor's,Debt Consolidation,327,0,9900,Rejected,0,,36,Not Funded,N/A,0,0
LN101786,02-12-2022,38,Female,North,34000,14,RENT,Bachelor's,Debt Consolidation,771,0,26200,Rejected,0,,12,Not Funded,N/A,0,0
LN101787,01-04-2024,49,Female,South,70700,23,RENT,High School,Personal,757,0,32400,Approved,30900,5.66,24,Current,Good Loan,26671.12,754.79
LN101788,26-08-2022,43,Male,North,44000,4,MORTGAGE,Master's,Car,637,0,35000,Rejected,0,,48,Not Funded,N/A,0,0
LN101789,16-01-2023,34,Male,East,40500,28,RENT,Bachelor's,Debt Consolidation,721,0,12900,Approved,11660,7.63,36,Current,Good Loan,4246.08,161.99
LN101790,17-06-2024,35,Male,East,33000,10,MORTGAGE,Bachelor's,Personal,674,0,8500,Rejected,0,,60,Not Funded,N/A,0,0
LN101791,28-04-2023,53,Male,South,46300,3,MORTGAGE,Master's,Debt Consolidation,598,2,9800,Rejected,0,,12,Not Funded,N/A,0,0
LN101792,20-06-2024,45,Male,West,42200,9,RENT,High School,Car,324,0,27000,Rejected,0,,36,Not Funded,N/A,0,0
LN101793,14-11-2024,41,Male,East,91300,33,RENT,Bachelor's,Debt Consolidation,365,0,21400,Rejected,0,,60,Not Funded,N/A,0,0
LN101794,27-04-2023,37,Male,South,48000,3,RENT,Master's,Debt Consolidation,828,0,24400,Approved,22060,6.3,48,Fully Paid,Good Loan,22060,694.89
LN101795,05-07-2024,43,Male,South,68800,9,MORTGAGE,High School,Home Improvement,690,0,1800,Approved,1650,10.57,36,Charged Off,Bad Loan,249.68,13.2
LN101796,20-09-2024,63,Male,South,24100,32,MORTGAGE,Master's,Car,577,0,16200,Approved,15770,12,60,Charged Off,Bad Loan,4464.17,267.85
LN101797,21-08-2024,37,Male,Central,75700,17,MORTGAGE,Master's,Medical,309,1,13100,Rejected,0,,12,Not Funded,N/A,0,0
LN101798,21-06-2023,34,Male,West,72300,11,OWN,Bachelor's,Personal,645,1,34700,Rejected,0,,12,Not Funded,N/A,0,0
LN101799,01-11-2024,49,Female,South,28100,22,MORTGAGE,High School,Business,440,1,31300,Rejected,0,,48,Not Funded,N/A,0,0
LN101800,08-05-2022,40,Female,West,36600,24,MORTGAGE,PhD,Business,327,0,17800,Rejected,0,,24,Not Funded,N/A,0,0
LN101801,02-04-2022,50,Male,South,40200,3,RENT,Bachelor's,Debt Consolidation,399,0,25600,Rejected,0,,36,Not Funded,N/A,0,0
LN101802,27-06-2023,39,Male,North,49500,12,RENT,Bachelor's,Debt Consolidation,486,0,2900,Rejected,0,,60,Not Funded,N/A,0,0
LN101803,25-04-2024,59,Male,East,39500,17,RENT,Master's,Business,692,0,25900,Approved,25650,7.98,48,Current,Good Loan,22321.29,890.62
LN101804,15-09-2024,33,Female,West,48500,28,MORTGAGE,Bachelor's,Medical,610,0,4800,Approved,4700,10.4,48,Fully Paid,Good Loan,4700,244.4
LN101805,23-03-2023,38,Male,South,72700,29,RENT,Bachelor's,Car,560,0,28800,Rejected,0,,60,Not Funded,N/A,0,0
LN101806,25-01-2023,43,Male,Central,42100,27,MORTGAGE,Master's,Debt Consolidation,368,0,23400,Rejected,0,,24,Not Funded,N/A,0,0
LN101807,03-11-2023,53,Female,South,61900,6,MORTGAGE,Bachelor's,Medical,337,1,12700,Rejected,0,,24,Not Funded,N/A,0,0
LN101808,12-02-2022,59,Male,South,58600,23,RENT,Master's,Car,365,0,15500,Rejected,0,,48,Not Funded,N/A,0,0
LN101809,11-09-2022,60,Male,Central,15000,9,MORTGAGE,High School,Home Improvement,774,1,4500,Approved,4150,8.01,48,Charged Off,Bad Loan,510.43,20.44
LN101810,19-12-2024,38,Male,East,37700,26,RENT,Bachelor's,Education,793,0,13600,Approved,13030,7.71,48,Fully Paid,Good Loan,13030,502.31
LN101811,25-10-2023,29,Male,West,84400,20,MORTGAGE,Bachelor's,Home Improvement,766,0,38700,Approved,36630,8.37,48,Fully Paid,Good Loan,36630,1532.97
LN101812,12-04-2023,53,Male,West,36200,28,MORTGAGE,High School,Personal,363,0,20000,Rejected,0,,48,Not Funded,N/A,0,0
LN101813,14-10-2022,52,Female,Central,33500,6,MORTGAGE,High School,Debt Consolidation,479,0,19500,Rejected,0,,36,Not Funded,N/A,0,0
LN101814,07-10-2024,37,Male,North,86300,12,RENT,Bachelor's,Home Improvement,398,0,25500,Approved,23860,17.01,36,Current,Good Loan,4975.47,423.16
LN101815,17-02-2024,39,Female,South,58000,22,RENT,Bachelor's,Debt Consolidation,836,0,19900,Approved,19260,5.75,36,Current,Good Loan,8993.28,258.56
LN101816,11-12-2022,47,Male,West,104400,24,RENT,Bachelor's,Car,603,0,14900,Approved,12880,11.46,12,Fully Paid,Good Loan,12880,738.02
LN101817,04-10-2023,26,Male,East,44000,12,RENT,Master's,Debt Consolidation,372,0,6400,Rejected,0,,36,Not Funded,N/A,0,0
LN101818,17-01-2023,55,Male,East,93100,29,OWN,Bachelor's,Business,846,1,25600,Approved,22880,4.7,36,Fully Paid,Good Loan,22880,537.68
LN101819,21-11-2023,57,Male,North,36300,25,RENT,Master's,Medical,442,0,30200,Rejected,0,,24,Not Funded,N/A,0,0
LN101820,15-12-2024,54,Male,South,17100,11,OWN,High School,Business,513,0,37000,Rejected,0,,48,Not Funded,N/A,0,0
LN101821,02-04-2023,40,Male,East,73300,0,OWN,Bachelor's,Home Improvement,604,0,1100,Approved,940,12.43,60,Current,Good Loan,434.49,27
LN101822,09-09-2024,45,Female,South,70100,17,RENT,High School,Debt Consolidation,713,1,3600,Approved,3450,9.88,24,Fully Paid,Good Loan,3450,170.43
LN101823,24-03-2022,24,Male,North,73300,20,RENT,Master's,Debt Consolidation,644,0,36100,Approved,31240,11.21,12,Fully Paid,Good Loan,31240,1751
LN101824,29-05-2022,30,Male,North,49400,23,MORTGAGE,Bachelor's,Personal,793,0,25600,Approved,25050,5.41,24,Fully Paid,Good Loan,25050,677.6
LN101825,09-07-2022,30,Male,North,104800,16,RENT,Bachelor's,Education,424,0,38400,Approved,33360,16.02,60,Charged Off,Bad Loan,1066.44,85.42
LN101826,01-06-2024,44,Male,West,80000,8,MORTGAGE,Bachelor's,Car,707,0,17800,Approved,15650,6.97,24,Fully Paid,Good Loan,15650,545.4
LN101827,20-09-2022,41,Male,West,78500,27,RENT,Bachelor's,Business,535,0,17300,Approved,15360,14.41,24,Fully Paid,Good Loan,15360,1106.69
LN101828,04-02-2023,31,Male,North,57200,14,RENT,Master's,Debt Consolidation,643,0,14400,Approved,13810,9.57,36,Charged Off,Bad Loan,100.69,4.82
LN101829,03-02-2024,47,Male,North,29600,12,RENT,Bachelor's,Debt Consolidation,820,0,6600,Approved,5900,6.26,12,Fully Paid,Good Loan,5900,184.67
LN101830,01-09-2023,36,Male,East,55900,27,RENT,Bachelor's,Debt Consolidation,826,0,15800,Approved,14840,6.19,36,Current,Good Loan,10954.7,339.05
LN101831,24-02-2024,46,Female,South,63700,16,MORTGAGE,PhD,Medical,363,0,1600,Rejected,0,,60,Not Funded,N/A,0,0
LN101832,11-04-2022,50,Male,West,135200,8,OWN,PhD,Business,801,1,20900,Approved,19030,6.66,12,Current,Good Loan,6665.45,221.96
LN101833,30-03-2024,36,Male,West,61100,20,RENT,High School,Business,310,0,34000,Rejected,0,,60,Not Funded,N/A,0,0
LN101834,30-03-2024,27,Female,Central,33800,29,MORTGAGE,Bachelor's,Car,729,0,13500,Approved,11710,7.88,60,Current,Good Loan,4839.82,190.69
LN101835,24-02-2023,36,Female,East,66900,10,RENT,Bachelor's,Home Improvement,600,0,4700,Approved,4610,13.12,24,Fully Paid,Good Loan,4610,302.42
LN101836,04-05-2022,55,Female,South,95400,29,RENT,Bachelor's,Personal,545,0,39000,Rejected,0,,24,Not Funded,N/A,0,0
LN101837,26-02-2023,36,Male,East,116900,24,MORTGAGE,Bachelor's,Debt Consolidation,393,1,6000,Rejected,0,,24,Not Funded,N/A,0,0
LN101838,22-12-2024,60,Female,North,51600,6,MORTGAGE,Bachelor's,Personal,614,1,21600,Rejected,0,,24,Not Funded,N/A,0,0
LN101839,07-02-2024,32,Female,North,49500,19,RENT,PhD,Car,452,2,32600,Rejected,0,,12,Not Funded,N/A,0,0
LN101840,28-04-2023,55,Male,North,28700,34,MORTGAGE,Bachelor's,Home Improvement,539,0,10800,Rejected,0,,36,Not Funded,N/A,0,0
LN101841,03-06-2023,41,Female,South,41300,9,MORTGAGE,Bachelor's,Business,439,0,33800,Rejected,0,,12,Not Funded,N/A,0,0
LN101842,04-06-2022,63,Male,South,65800,34,RENT,Master's,Car,515,1,22700,Rejected,0,,24,Not Funded,N/A,0,0
LN101843,02-04-2022,56,Female,North,27300,0,MORTGAGE,High School,Business,669,0,13900,Approved,12370,11.15,48,Fully Paid,Good Loan,12370,689.63
LN101844,08-09-2024,37,Female,East,136100,13,RENT,Bachelor's,Debt Consolidation,592,0,34800,Approved,31790,12.71,60,Charged Off,Bad Loan,2933.87,186.45
LN101845,31-03-2023,52,Female,Central,46100,4,MORTGAGE,High School,Personal,540,0,25300,Approved,23180,14.37,24,Fully Paid,Good Loan,23180,1665.48
LN101846,21-08-2023,61,Female,North,57200,33,MORTGAGE,Master's,Business,834,1,25000,Approved,22270,5.47,24,Charged Off,Bad Loan,814.65,22.28
LN101847,25-05-2023,26,Male,East,63200,23,RENT,Master's,Business,620,0,20700,Approved,18500,10.76,60,Fully Paid,Good Loan,18500,995.3
LN101848,21-01-2023,44,Male,North,90000,3,MORTGAGE,High School,Debt Consolidation,344,0,11700,Rejected,0,,60,Not Funded,N/A,0,0
LN101849,09-02-2023,47,Female,Central,61100,26,MORTGAGE,High School,Debt Consolidation,583,0,12900,Approved,12100,12.69,36,Current,Good Loan,7541.64,478.52
LN101850,03-09-2022,40,Female,South,33500,4,MORTGAGE,Bachelor's,Medical,511,0,4400,Rejected,0,,12,Not Funded,N/A,0,0
LN101851,12-01-2024,45,Female,Central,65500,12,RENT,Bachelor's,Home Improvement,386,0,10500,Rejected,0,,60,Not Funded,N/A,0,0
LN101852,23-10-2023,22,Female,South,90000,20,MORTGAGE,Bachelor's,Personal,306,0,11800,Rejected,0,,12,Not Funded,N/A,0,0
LN101853,12-10-2023,29,Female,West,36200,31,RENT,Bachelor's,Education,758,0,3300,Approved,3060,5.89,24,Current,Good Loan,2252.45,66.33
LN101854,19-06-2024,48,Female,North,77700,30,MORTGAGE,Bachelor's,Personal,482,0,5300,Approved,5160,12.59,48,Charged Off,Bad Loan,1886.44,118.75
LN101855,06-03-2022,58,Male,South,60700,31,MORTGAGE,Bachelor's,Debt Consolidation,627,0,11500,Approved,10830,11.31,48,Charged Off,Bad Loan,3224.8,182.36
LN101856,02-11-2024,23,Male,North,56500,14,RENT,High School,Debt Consolidation,598,0,27400,Approved,25830,13.11,36,Current,Good Loan,18101.31,1186.54
LN101857,01-08-2022,40,Female,South,40600,29,RENT,High School,Home Improvement,697,1,8200,Approved,7140,8.92,36,Current,Good Loan,2870.34,128.02
LN101858,30-08-2022,26,Male,West,49000,6,MORTGAGE,High School,Debt Consolidation,313,0,21400,Rejected,0,,36,Not Funded,N/A,0,0
LN101859,08-05-2023,59,Male,East,66000,30,MORTGAGE,Bachelor's,Education,399,0,20800,Approved,19330,17.5,48,Fully Paid,Good Loan,19330,1691.38
LN101860,04-12-2022,53,Male,South,44800,25,OWN,High School,Medical,468,0,33500,Rejected,0,,60,Not Funded,N/A,0,0
LN101861,22-06-2022,21,Female,Central,34900,25,RENT,Bachelor's,Home Improvement,531,1,24800,Rejected,0,,60,Not Funded,N/A,0,0
LN101862,03-11-2023,57,Female,South,34200,1,MORTGAGE,Bachelor's,Debt Consolidation,410,0,36800,Rejected,0,,60,Not Funded,N/A,0,0
LN101863,13-06-2022,26,Female,Central,61500,8,MORTGAGE,Master's,Debt Consolidation,646,0,25500,Approved,23270,10.07,24,Current,Good Loan,7781.57,391.8
LN101864,10-04-2023,54,Male,North,67500,4,MORTGAGE,Bachelor's,Debt Consolidation,639,0,2000,Approved,1910,12.04,12,Fully Paid,Good Loan,1910,114.98
LN101865,21-09-2024,35,Female,Central,52600,26,MORTGAGE,High School,Medical,539,0,15900,Rejected,0,,24,Not Funded,N/A,0,0
LN101866,12-05-2023,46,Female,North,122600,11,RENT,PhD,Debt Consolidation,539,0,28300,Approved,25380,13.91,36,Current,Good Loan,9137.21,635.49
LN101867,01-12-2023,34,Male,East,25200,34,MORTGAGE,High School,Personal,569,0,19500,Rejected,0,,36,Not Funded,N/A,0,0
LN101868,30-01-2023,27,Male,South,64300,28,MORTGAGE,Bachelor's,Education,839,1,17400,Approved,16090,7.02,60,Fully Paid,Good Loan,16090,564.76
LN101869,04-12-2023,51,Male,East,23700,15,RENT,Master's,Car,585,0,27200,Approved,25030,12.04,24,Charged Off,Bad Loan,4258.49,256.36
LN101870,04-11-2022,44,Female,East,51700,18,RENT,Bachelor's,Home Improvement,634,0,12100,Rejected,0,,24,Not Funded,N/A,0,0
LN101871,02-07-2022,51,Female,South,60600,26,MORTGAGE,Bachelor's,Personal,742,0,36500,Approved,31290,11.24,60,Current,Good Loan,8618.92,484.38
LN101872,21-09-2023,49,Male,Central,50000,17,RENT,Bachelor's,Education,802,0,17100,Approved,15750,6.98,12,Current,Good Loan,3579.35,124.92
LN101873,25-05-2023,62,Female,Central,22500,12,RENT,High School,Home Improvement,669,0,25600,Approved,25570,11.44,12,Fully Paid,Good Loan,25570,1462.6
LN101874,30-06-2023,52,Male,Central,51900,29,MORTGAGE,Bachelor's,Debt Consolidation,419,1,39300,Rejected,0,,24,Not Funded,N/A,0,0
LN101875,16-09-2023,37,Male,Central,54200,25,RENT,Bachelor's,Car,374,2,31600,Rejected,0,,24,Not Funded,N/A,0,0
LN101876,17-08-2023,34,Male,West,81100,5,RENT,High School,Home Improvement,722,1,21700,Rejected,0,,12,Not Funded,N/A,0,0
LN101877,14-01-2024,60,Male,Central,28500,2,MORTGAGE,High School,Debt Consolidation,369,0,34500,Approved,31030,18.4,48,Charged Off,Bad Loan,233.96,21.52
LN101878,08-07-2023,56,Male,Central,103600,22,RENT,Bachelor's,Debt Consolidation,570,0,22900,Rejected,0,,48,Not Funded,N/A,0,0
LN101879,21-01-2022,44,Male,South,17400,11,MORTGAGE,Bachelor's,Debt Consolidation,431,0,18200,Rejected,0,,36,Not Funded,N/A,0,0
LN101880,08-07-2023,47,Male,West,30200,14,RENT,Master's,Home Improvement,397,0,35100,Rejected,0,,24,Not Funded,N/A,0,0
LN101881,01-02-2023,45,Male,Central,58600,0,MORTGAGE,Bachelor's,Education,401,0,2100,Rejected,0,,12,Not Funded,N/A,0,0
LN101882,17-09-2023,52,Female,West,62300,7,RENT,Master's,Business,727,0,16900,Approved,15330,8.78,60,Fully Paid,Good Loan,15330,672.99
LN101883,15-04-2022,38,Male,South,107000,30,RENT,Bachelor's,Medical,466,0,14400,Approved,13870,14.2,60,Current,Good Loan,5737.56,407.37
LN101884,11-07-2022,38,Male,North,59100,10,MORTGAGE,High School,Home Improvement,404,1,28800,Rejected,0,,48,Not Funded,N/A,0,0
LN101885,17-01-2022,57,Female,West,51800,16,RENT,High School,Debt Consolidation,848,0,1500,Approved,1420,4.01,12,Charged Off,Bad Loan,498.73,10
LN101886,28-01-2023,46,Male,Central,66200,26,MORTGAGE,Bachelor's,Debt Consolidation,741,1,26800,Approved,23630,5.69,48,Charged Off,Bad Loan,3456.33,98.33
LN101887,01-03-2023,29,Female,South,18900,30,MORTGAGE,Bachelor's,Medical,565,1,14500,Rejected,0,,48,Not Funded,N/A,0,0
LN101888,09-05-2022,55,Female,North,34400,26,MORTGAGE,Master's,Debt Consolidation,719,2,4800,Rejected,0,,24,Not Funded,N/A,0,0
LN101889,26-07-2023,28,Male,South,31900,13,RENT,Master's,Medical,560,1,39200,Rejected,0,,24,Not Funded,N/A,0,0
LN101890,29-01-2022,40,Female,East,83100,22,MORTGAGE,High School,Debt Consolidation,733,0,9300,Approved,9130,8.39,12,Current,Good Loan,7447.82,312.44
LN101891,30-10-2024,62,Female,South,97200,4,MORTGAGE,Master's,Education,715,0,14600,Approved,12490,8.1,36,Current,Good Loan,6751.78,273.45
LN101892,30-08-2022,42,Female,East,125400,29,RENT,Bachelor's,Education,654,0,9100,Approved,8770,11.14,24,Current,Good Loan,3126.36,174.14
LN101893,20-08-2022,39,Female,Central,70000,33,RENT,High School,Debt Consolidation,760,1,26800,Approved,26140,5.97,36,Current,Good Loan,23143.33,690.83
LN101894,28-02-2024,50,Male,West,80900,18,MORTGAGE,Bachelor's,Education,684,1,31500,Rejected,0,,48,Not Funded,N/A,0,0
LN101895,16-12-2023,48,Female,South,56500,30,OWN,Bachelor's,Home Improvement,842,2,34600,Rejected,0,,48,Not Funded,N/A,0,0
LN101896,29-01-2024,55,Male,Central,43300,15,RENT,Master's,Medical,574,0,13100,Approved,11940,12.46,12,Current,Good Loan,10648.85,663.42
LN101897,12-03-2024,63,Male,East,33300,26,OWN,Bachelor's,Car,609,0,21500,Rejected,0,,12,Not Funded,N/A,0,0
LN101898,15-02-2024,31,Male,North,32000,25,MORTGAGE,High School,Debt Consolidation,431,2,26900,Rejected,0,,48,Not Funded,N/A,0,0
LN101899,27-12-2023,51,Male,East,29200,28,RENT,High School,Education,348,2,25600,Rejected,0,,36,Not Funded,N/A,0,0
LN101900,19-07-2022,59,Male,West,75300,28,MORTGAGE,High School,Debt Consolidation,743,0,28900,Approved,25880,8.38,36,Fully Paid,Good Loan,25880,1084.37
LN101901,02-08-2024,56,Female,West,45100,30,RENT,PhD,Home Improvement,471,0,31000,Approved,26960,12.9,48,Charged Off,Bad Loan,4601.36,296.79
LN101902,20-03-2022,50,Female,Central,39100,1,MORTGAGE,PhD,Debt Consolidation,629,1,4800,Rejected,0,,60,Not Funded,N/A,0,0
LN101903,13-08-2024,43,Male,South,21800,5,MORTGAGE,PhD,Home Improvement,305,0,7600,Rejected,0,,60,Not Funded,N/A,0,0
LN101904,05-05-2024,39,Female,North,35900,8,RENT,Bachelor's,Debt Consolidation,503,1,29600,Rejected,0,,36,Not Funded,N/A,0,0
LN101905,12-04-2023,32,Female,North,47600,14,OWN,High School,Business,668,0,19600,Approved,18660,9.62,60,Fully Paid,Good Loan,18660,897.55
LN101906,04-08-2023,35,Male,West,27100,19,RENT,PhD,Business,847,0,17700,Approved,16890,4.66,24,Current,Good Loan,4413.02,102.82
LN101907,28-07-2024,51,Male,West,179300,1,MORTGAGE,PhD,Medical,580,0,18800,Approved,16540,12.3,12,Fully Paid,Good Loan,16540,1017.21
LN101908,25-03-2023,63,Female,South,29600,2,RENT,High School,Education,354,0,15500,Rejected,0,,12,Not Funded,N/A,0,0
LN101909,28-03-2022,57,Female,South,91000,29,MORTGAGE,Master's,Medical,468,0,24100,Rejected,0,,60,Not Funded,N/A,0,0
LN101910,11-04-2022,57,Female,Central,51300,7,MORTGAGE,High School,Debt Consolidation,612,0,13600,Rejected,0,,48,Not Funded,N/A,0,0
LN101911,28-10-2024,35,Female,Central,42000,20,MORTGAGE,Master's,Debt Consolidation,777,1,25800,Approved,24850,4.3,24,Charged Off,Bad Loan,1025.03,22.04
LN101912,24-04-2024,49,Male,South,48400,12,RENT,High School,Personal,727,0,8900,Approved,8110,9.65,60,Fully Paid,Good Loan,8110,391.31
LN101913,28-03-2022,63,Male,West,54500,31,OWN,Master's,Home Improvement,811,0,30500,Approved,28010,7.22,48,Fully Paid,Good Loan,28010,1011.16
LN101914,12-02-2022,46,Female,East,60000,13,RENT,High School,Home Improvement,712,0,31500,Approved,30890,7.31,48,Current,Good Loan,24745.1,904.43
LN101915,12-02-2023,64,Male,North,34800,0,RENT,Bachelor's,Debt Consolidation,347,0,23600,Rejected,0,,36,Not Funded,N/A,0,0
LN101916,26-10-2023,22,Female,South,69700,26,RENT,Bachelor's,Debt Consolidation,302,1,15400,Rejected,0,,24,Not Funded,N/A,0,0
LN101917,06-11-2024,40,Female,North,47800,23,MORTGAGE,Bachelor's,Personal,628,0,1600,Approved,1470,9.32,24,Fully Paid,Good Loan,1470,68.5
LN101918,28-05-2022,35,Female,South,29800,21,MORTGAGE,Bachelor's,Education,532,0,5700,Approved,5240,13.33,36,Charged Off,Bad Loan,2067.32,137.79
LN101919,04-10-2022,24,Female,East,44700,13,MORTGAGE,Bachelor's,Home Improvement,359,0,4100,Approved,3690,17.73,48,Current,Good Loan,3077.21,272.79
LN101920,20-08-2022,42,Male,South,102600,7,MORTGAGE,High School,Personal,829,1,1400,Approved,1320,9.48,48,Charged Off,Bad Loan,514.94,24.41
LN101921,01-01-2023,58,Female,South,59800,26,MORTGAGE,Bachelor's,Business,396,0,29200,Rejected,0,,60,Not Funded,N/A,0,0
LN101922,12-03-2023,43,Female,East,54300,2,RENT,High School,Medical,365,0,38300,Approved,33480,19.76,12,Current,Good Loan,8302.82,820.32
LN101923,03-02-2023,46,Female,North,45300,32,MORTGAGE,High School,Home Improvement,330,2,1400,Rejected,0,,36,Not Funded,N/A,0,0
LN101924,14-05-2023,31,Female,West,46900,20,RENT,Bachelor's,Home Improvement,447,0,5400,Rejected,0,,60,Not Funded,N/A,0,0
LN101925,24-06-2023,48,Male,South,59800,31,OWN,High School,Debt Consolidation,346,0,34600,Rejected,0,,24,Not Funded,N/A,0,0
LN101926,17-07-2023,22,Female,East,48100,31,MORTGAGE,PhD,Medical,543,0,27900,Approved,26000,13.47,24,Fully Paid,Good Loan,26000,1751.1
LN101927,18-03-2023,28,Female,Central,66500,23,MORTGAGE,Master's,Debt Consolidation,556,0,16800,Rejected,0,,24,Not Funded,N/A,0,0
LN101928,12-02-2024,49,Male,South,62700,10,MORTGAGE,Bachelor's,Medical,777,0,39700,Approved,36890,6.38,12,Fully Paid,Good Loan,36890,1176.79
LN101929,16-12-2022,31,Female,East,31700,20,MORTGAGE,High School,Debt Consolidation,655,0,23400,Approved,21610,10.99,36,Current,Good Loan,18991.89,1043.6
LN101930,04-06-2023,57,Female,South,68700,17,RENT,High School,Debt Consolidation,752,0,27100,Approved,26840,7.72,12,Fully Paid,Good Loan,26840,1036.02
LN101931,18-05-2022,38,Male,Central,35300,10,RENT,PhD,Personal,821,2,26500,Rejected,0,,48,Not Funded,N/A,0,0
LN101932,18-09-2024,34,Male,West,34600,26,RENT,High School,Business,476,0,9700,Approved,8300,14.77,48,Charged Off,Bad Loan,2338.14,172.67
LN101933,03-01-2023,30,Female,South,53600,0,OWN,Master's,Debt Consolidation,509,0,20000,Approved,18990,14.91,24,Fully Paid,Good Loan,18990,1415.7
LN101934,26-12-2022,55,Female,West,60900,28,MORTGAGE,High School,Personal,341,0,9400,Rejected,0,,36,Not Funded,N/A,0,0
LN101935,09-07-2024,29,Male,North,71400,20,OWN,Bachelor's,Business,423,0,20900,Rejected,0,,60,Not Funded,N/A,0,0
LN101936,25-11-2022,55,Male,Central,20500,28,OWN,Bachelor's,Debt Consolidation,486,0,2200,Rejected,0,,48,Not Funded,N/A,0,0
LN101937,19-08-2024,31,Male,South,77300,8,MORTGAGE,Master's,Home Improvement,324,0,15900,Rejected,0,,60,Not Funded,N/A,0,0
LN101938,08-04-2023,64,Female,West,65200,6,MORTGAGE,High School,Business,463,1,15500,Rejected,0,,60,Not Funded,N/A,0,0
LN101939,03-08-2024,32,Female,South,39100,30,RENT,High School,Home Improvement,334,0,12400,Rejected,0,,48,Not Funded,N/A,0,0
LN101940,20-08-2024,23,Male,East,48700,26,RENT,Master's,Personal,552,0,4100,Rejected,0,,60,Not Funded,N/A,0,0
LN101941,15-04-2024,59,Male,Central,59200,31,MORTGAGE,High School,Debt Consolidation,774,0,31100,Approved,30430,7.08,60,Current,Good Loan,7256.48,256.88
LN101942,18-06-2022,34,Male,Central,15000,4,RENT,High School,Debt Consolidation,769,0,17400,Approved,16970,8.32,60,Fully Paid,Good Loan,16970,705.95
LN101943,05-08-2022,48,Female,North,30900,32,RENT,High School,Debt Consolidation,821,0,32700,Approved,30480,6.87,12,Fully Paid,Good Loan,30480,1046.99
LN101944,13-01-2023,31,Male,East,91400,14,MORTGAGE,Bachelor's,Debt Consolidation,563,0,33600,Approved,31760,10.43,36,Current,Good Loan,11721.78,611.29
LN101945,29-04-2022,59,Male,South,41300,4,OWN,Master's,Business,404,0,9300,Rejected,0,,24,Not Funded,N/A,0,0
LN101946,09-07-2022,45,Male,South,52100,19,OWN,PhD,Car,519,0,17400,Rejected,0,,12,Not Funded,N/A,0,0
LN101947,06-02-2024,41,Female,South,51400,16,RENT,High School,Home Improvement,706,0,29100,Approved,28600,9.61,60,Fully Paid,Good Loan,28600,1374.23
LN101948,05-01-2023,30,Male,South,74700,3,OWN,High School,Debt Consolidation,505,0,20500,Rejected,0,,12,Not Funded,N/A,0,0
LN101949,29-05-2022,63,Male,East,45100,20,MORTGAGE,Bachelor's,Car,515,0,34300,Rejected,0,,12,Not Funded,N/A,0,0
LN101950,14-10-2023,35,Female,North,46900,33,MORTGAGE,High School,Home Improvement,363,0,23300,Rejected,0,,36,Not Funded,N/A,0,0
LN101951,09-02-2024,39,Male,East,59000,4,RENT,Bachelor's,Business,337,0,25600,Rejected,0,,36,Not Funded,N/A,0,0
LN101952,09-01-2023,42,Male,South,79300,3,MORTGAGE,Bachelor's,Debt Consolidation,521,2,31700,Rejected,0,,60,Not Funded,N/A,0,0
LN101953,20-02-2024,41,Female,South,91400,21,MORTGAGE,High School,Debt Consolidation,641,0,5800,Approved,5030,10.8,12,Current,Good Loan,2044.97,110.43
LN101954,09-06-2022,64,Male,West,46900,13,MORTGAGE,Bachelor's,Debt Consolidation,772,0,23800,Approved,21020,6.81,36,Fully Paid,Good Loan,21020,715.73
LN101955,17-12-2022,52,Male,North,43400,3,RENT,PhD,Debt Consolidation,835,1,4300,Approved,4240,6.3,36,Fully Paid,Good Loan,4240,133.56
LN101956,10-06-2024,43,Male,South,50700,7,MORTGAGE,Master's,Home Improvement,656,0,11200,Approved,10120,9.35,12,Current,Good Loan,6329.29,295.89
LN101957,07-06-2023,33,Female,South,98800,2,OWN,Bachelor's,Debt Consolidation,805,0,9300,Approved,7910,6.83,36,Fully Paid,Good Loan,7910,270.13
LN101958,06-06-2023,25,Male,East,76900,28,OWN,Bachelor's,Debt Consolidation,534,0,23100,Approved,20330,12.14,48,Fully Paid,Good Loan,20330,1234.03
LN101959,22-02-2024,24,Female,West,43700,25,RENT,Bachelor's,Business,393,0,33900,Rejected,0,,36,Not Funded,N/A,0,0
LN101960,30-09-2022,48,Male,South,26200,29,RENT,Master's,Medical,488,1,6200,Rejected,0,,60,Not Funded,N/A,0,0
LN101961,24-07-2024,34,Male,North,89200,11,RENT,PhD,Medical,315,0,31000,Rejected,0,,60,Not Funded,N/A,0,0
LN101962,02-07-2022,28,Female,Central,93800,14,MORTGAGE,Master's,Debt Consolidation,674,0,6600,Approved,6330,10.59,24,Current,Good Loan,4868.7,257.8
LN101963,03-05-2023,29,Female,Central,32900,1,MORTGAGE,Bachelor's,Debt Consolidation,663,0,8400,Approved,7950,10.76,24,Current,Good Loan,6059.67,326.01
LN101964,25-04-2024,55,Male,North,44300,0,RENT,High School,Medical,697,1,36800,Approved,33360,8.91,12,Fully Paid,Good Loan,33360,1486.19
LN101965,04-05-2022,57,Female,East,80400,27,OWN,PhD,Business,709,0,1400,Approved,1280,6.33,60,Fully Paid,Good Loan,1280,40.51
LN101966,11-09-2024,41,Male,South,64400,34,MORTGAGE,Master's,Medical,473,1,8700,Rejected,0,,24,Not Funded,N/A,0,0
LN101967,29-02-2024,38,Male,South,22100,33,RENT,Master's,Debt Consolidation,485,0,9400,Rejected,0,,12,Not Funded,N/A,0,0
LN101968,18-02-2023,53,Male,South,32600,3,RENT,Bachelor's,Debt Consolidation,329,0,12000,Rejected,0,,24,Not Funded,N/A,0,0
LN101969,17-11-2023,28,Female,East,70400,17,RENT,Bachelor's,Car,769,0,15200,Approved,13380,6.72,36,Fully Paid,Good Loan,13380,449.57
LN101970,23-04-2022,37,Male,North,60600,11,MORTGAGE,High School,Car,679,0,5000,Approved,4460,10.15,48,Current,Good Loan,3278.02,166.36
LN101971,06-06-2024,63,Male,Central,73100,20,RENT,Master's,Home Improvement,611,0,19300,Approved,17460,13.1,24,Fully Paid,Good Loan,17460,1143.63
LN101972,02-05-2022,51,Male,South,77000,9,MORTGAGE,Master's,Personal,377,0,16600,Rejected,0,,36,Not Funded,N/A,0,0
LN101973,08-02-2022,54,Male,South,60400,20,MORTGAGE,High School,Home Improvement,834,0,25400,Approved,22990,6.29,48,Fully Paid,Good Loan,22990,723.04
LN101974,12-05-2023,26,Female,West,65500,24,MORTGAGE,Bachelor's,Car,828,0,34800,Approved,33890,9.29,24,Fully Paid,Good Loan,33890,1574.19
LN101975,19-02-2024,42,Female,North,41900,16,RENT,High School,Home Improvement,421,0,12600,Rejected,0,,60,Not Funded,N/A,0,0
LN101976,31-07-2024,34,Female,South,57000,5,MORTGAGE,Bachelor's,Business,527,0,22300,Rejected,0,,48,Not Funded,N/A,0,0
LN101977,29-05-2022,23,Male,South,62400,13,RENT,Bachelor's,Education,707,1,15500,Approved,14170,5.6,36,Fully Paid,Good Loan,14170,396.76
LN101978,18-10-2024,32,Male,South,116700,17,OWN,Bachelor's,Debt Consolidation,474,1,2600,Rejected,0,,60,Not Funded,N/A,0,0
LN101979,23-10-2023,56,Female,South,37400,29,MORTGAGE,Bachelor's,Debt Consolidation,314,0,33000,Rejected,0,,36,Not Funded,N/A,0,0
LN101980,29-10-2022,32,Female,North,75000,8,RENT,Bachelor's,Home Improvement,513,0,25700,Approved,22730,15.15,24,Charged Off,Bad Loan,3608.46,273.34
LN101981,26-08-2022,22,Male,North,51400,13,MORTGAGE,Master's,Debt Consolidation,351,1,1100,Rejected,0,,36,Not Funded,N/A,0,0
LN101982,09-10-2023,22,Female,North,75700,16,MORTGAGE,Bachelor's,Business,615,0,10700,Approved,9950,12.81,12,Fully Paid,Good Loan,9950,637.3
LN101983,25-10-2023,35,Female,Central,51300,33,RENT,Master's,Business,356,0,13100,Rejected,0,,36,Not Funded,N/A,0,0
LN101984,24-08-2022,43,Female,North,92000,21,RENT,Bachelor's,Debt Consolidation,588,0,32600,Approved,27800,14.65,36,Charged Off,Bad Loan,4464.31,327.01
LN101985,22-07-2022,49,Male,North,38800,31,MORTGAGE,Master's,Education,448,0,30700,Rejected,0,,60,Not Funded,N/A,0,0
LN101986,13-09-2022,37,Male,Central,57800,11,RENT,Master's,Debt Consolidation,707,0,16400,Approved,15810,9.54,36,Fully Paid,Good Loan,15810,754.14
LN101987,21-08-2023,52,Male,East,66000,15,RENT,High School,Debt Consolidation,831,0,7100,Approved,6440,5.06,48,Fully Paid,Good Loan,6440,162.93
LN101988,24-10-2023,27,Male,South,39900,21,MORTGAGE,Bachelor's,Medical,668,1,16100,Rejected,0,,36,Not Funded,N/A,0,0
LN101989,23-08-2022,50,Male,North,62100,1,MORTGAGE,High School,Business,623,0,32600,Approved,30160,11.54,24,Charged Off,Bad Loan,3505.37,202.26
LN101990,18-06-2023,48,Male,West,85200,7,MORTGAGE,Bachelor's,Debt Consolidation,656,0,18600,Approved,15900,9.92,12,Current,Good Loan,13406.21,664.95
LN101991,09-05-2024,34,Female,North,52600,0,RENT,High School,Debt Consolidation,729,0,5500,Approved,5370,7.59,12,Charged Off,Bad Loan,2059.5,78.16
LN101992,09-02-2024,64,Male,West,75900,4,RENT,Bachelor's,Education,332,0,2500,Rejected,0,,36,Not Funded,N/A,0,0
LN101993,25-06-2023,50,Male,Central,40000,16,MORTGAGE,Master's,Debt Consolidation,842,0,14000,Approved,12060,4.53,12,Fully Paid,Good Loan,12060,273.16
LN101994,01-08-2022,37,Female,East,33100,29,MORTGAGE,Bachelor's,Personal,585,0,6800,Rejected,0,,60,Not Funded,N/A,0,0
LN101995,08-04-2023,52,Female,North,74100,14,MORTGAGE,Bachelor's,Car,816,0,30100,Approved,28820,4.04,12,Charged Off,Bad Loan,7535.76,152.22
LN101996,12-03-2023,26,Female,East,42100,19,RENT,High School,Debt Consolidation,416,0,11900,Rejected,0,,24,Not Funded,N/A,0,0
LN101997,10-10-2022,44,Male,East,25500,1,RENT,High School,Car,568,0,35200,Rejected,0,,36,Not Funded,N/A,0,0
LN101998,29-03-2022,26,Female,East,38500,3,MORTGAGE,Bachelor's,Home Improvement,462,0,25100,Rejected,0,,12,Not Funded,N/A,0,0
LN101999,03-12-2024,47,Female,East,99400,23,MORTGAGE,High School,Business,439,0,16400,Rejected,0,,24,Not Funded,N/A,0,0
LN102000,06-04-2023,38,Male,West,87300,1,RENT,Master's,Debt Consolidation,443,0,24800,Rejected,0,,12,Not Funded,N/A,0,0
LN102001,05-10-2022,44,Female,East,32700,1,RENT,Bachelor's,Debt Consolidation,521,1,12500,Rejected,0,,24,Not Funded,N/A,0,0
LN102002,25-02-2023,57,Male,Central,28100,0,OWN,Bachelor's,Car,734,0,6500,Approved,6080,7.21,36,Current,Good Loan,4692.33,169.16
LN102003,27-11-2023,44,Male,West,45100,12,OWN,High School,Education,844,0,38600,Approved,34500,4.78,24,Fully Paid,Good Loan,34500,824.55
LN102004,30-05-2023,58,Male,South,86500,5,RENT,Bachelor's,Business,753,0,23000,Approved,21860,9.24,12,Current,Good Loan,14553.57,672.37
LN102005,04-12-2023,54,Male,West,49600,21,RENT,Master's,Debt Consolidation,366,0,1300,Approved,1250,18.2,24,Fully Paid,Good Loan,1250,113.75
LN102006,19-01-2022,60,Male,North,49800,16,RENT,PhD,Personal,305,0,13100,Rejected,0,,36,Not Funded,N/A,0,0
LN102007,23-01-2022,35,Female,West,41100,21,RENT,High School,Home Improvement,540,0,7200,Rejected,0,,24,Not Funded,N/A,0,0
LN102008,17-02-2023,31,Male,North,47900,5,RENT,Master's,Home Improvement,354,0,11100,Rejected,0,,60,Not Funded,N/A,0,0
LN102009,19-11-2024,42,Female,East,79300,2,RENT,High School,Debt Consolidation,682,0,3200,Approved,2980,7.86,12,Current,Good Loan,1146.78,45.07
LN102010,18-04-2022,44,Male,West,56300,5,MORTGAGE,Bachelor's,Car,733,1,10600,Rejected,0,,24,Not Funded,N/A,0,0
LN102011,16-05-2022,21,Male,South,49500,16,MORTGAGE,Bachelor's,Home Improvement,769,1,27600,Rejected,0,,60,Not Funded,N/A,0,0
LN102012,28-12-2022,38,Male,West,72600,34,MORTGAGE,PhD,Debt Consolidation,370,0,33000,Rejected,0,,60,Not Funded,N/A,0,0
LN102013,09-05-2022,64,Female,East,56000,34,MORTGAGE,High School,Business,749,0,14500,Approved,13800,6.33,48,Fully Paid,Good Loan,13800,436.77
LN102014,30-05-2023,32,Female,South,83100,22,RENT,High School,Medical,779,0,21400,Approved,20270,8.44,24,Fully Paid,Good Loan,20270,855.39
LN102015,25-03-2023,63,Male,South,39900,7,RENT,Bachelor's,Home Improvement,442,0,2600,Rejected,0,,48,Not Funded,N/A,0,0
LN102016,23-05-2024,48,Male,Central,61200,6,OWN,Master's,Education,321,0,4500,Rejected,0,,60,Not Funded,N/A,0,0
LN102017,18-04-2023,60,Female,North,80800,9,MORTGAGE,Bachelor's,Home Improvement,721,0,22500,Approved,20470,8.98,36,Current,Good Loan,10925.9,490.57
LN102018,30-10-2024,27,Male,West,109000,25,MORTGAGE,Bachelor's,Medical,691,0,33800,Approved,30830,9.71,24,Charged Off,Bad Loan,1019.09,49.48
LN102019,29-10-2022,43,Female,West,33100,9,RENT,PhD,Education,767,1,4400,Rejected,0,,48,Not Funded,N/A,0,0
LN102020,19-08-2022,41,Female,Central,50100,18,OWN,PhD,Education,592,0,17300,Approved,16040,10,12,Charged Off,Bad Loan,1983.31,99.17
LN102021,11-07-2024,54,Male,West,30000,22,RENT,Master's,Education,420,0,38800,Rejected,0,,36,Not Funded,N/A,0,0
LN102022,25-12-2024,31,Male,East,35000,30,RENT,Master's,Debt Consolidation,737,0,29800,Approved,26300,7.33,48,Fully Paid,Good Loan,26300,963.9
LN102023,25-07-2024,42,Male,Central,54600,32,OWN,Master's,Car,400,0,8700,Rejected,0,,24,Not Funded,N/A,0,0
LN102024,22-04-2022,62,Female,West,21800,1,MORTGAGE,High School,Business,486,0,12100,Rejected,0,,12,Not Funded,N/A,0,0
LN102025,02-11-2024,55,Male,West,65400,27,MORTGAGE,High School,Home Improvement,458,0,38000,Rejected,0,,36,Not Funded,N/A,0,0
LN102026,15-05-2023,49,Male,North,69600,31,RENT,Bachelor's,Debt Consolidation,817,0,9600,Approved,9170,5.29,60,Current,Good Loan,6622.99,175.18
LN102027,20-07-2024,62,Male,South,52300,32,MORTGAGE,PhD,Medical,479,0,18200,Rejected,0,,48,Not Funded,N/A,0,0
LN102028,21-08-2023,48,Male,East,37100,8,MORTGAGE,Master's,Business,730,0,14900,Approved,13970,9.89,36,Fully Paid,Good Loan,13970,690.82
LN102029,22-08-2022,38,Male,East,48500,28,MORTGAGE,High School,Debt Consolidation,511,0,20100,Approved,17690,14.97,60,Fully Paid,Good Loan,17690,1324.1
LN102030,25-08-2023,34,Female,South,140400,14,MORTGAGE,High School,Personal,732,0,10200,Approved,8680,7.35,24,Fully Paid,Good Loan,8680,318.99
LN102031,10-11-2022,38,Male,North,42900,17,OWN,Master's,Debt Consolidation,400,0,27100,Rejected,0,,24,Not Funded,N/A,0,0
LN102032,20-07-2023,48,Female,East,38000,17,RENT,Bachelor's,Business,619,0,10100,Rejected,0,,60,Not Funded,N/A,0,0
LN102033,01-11-2024,44,Female,South,19100,6,RENT,Bachelor's,Education,397,1,24500,Rejected,0,,36,Not Funded,N/A,0,0
LN102034,28-07-2022,28,Male,South,86700,13,RENT,Bachelor's,Personal,578,0,15000,Rejected,0,,48,Not Funded,N/A,0,0
LN102035,03-11-2024,62,Male,South,31000,28,MORTGAGE,High School,Debt Consolidation,442,2,10800,Rejected,0,,24,Not Funded,N/A,0,0
LN102036,09-11-2024,28,Male,West,56400,18,MORTGAGE,Master's,Education,644,1,28100,Approved,27440,11.79,24,Fully Paid,Good Loan,27440,1617.59
LN102037,10-08-2023,24,Female,East,139800,4,MORTGAGE,Master's,Business,655,0,38600,Approved,33930,11.06,36,Fully Paid,Good Loan,33930,1876.33
LN102038,11-10-2024,47,Male,North,64000,4,RENT,PhD,Debt Consolidation,654,0,34900,Approved,30480,10.76,24,Fully Paid,Good Loan,30480,1639.82
LN102039,29-12-2024,56,Female,North,63700,14,OWN,High School,Personal,729,0,4400,Approved,3900,9.06,12,Current,Good Loan,3500.04,158.55
LN102040,29-11-2023,25,Female,East,46800,25,RENT,Master's,Medical,338,0,18700,Rejected,0,,60,Not Funded,N/A,0,0
LN102041,12-05-2022,53,Male,West,62400,23,RENT,Bachelor's,Medical,602,0,28100,Approved,26340,10.29,48,Fully Paid,Good Loan,26340,1355.19
LN102042,09-11-2024,54,Female,West,56100,18,MORTGAGE,Bachelor's,Car,848,0,22900,Approved,19890,6.65,36,Current,Good Loan,15433.79,513.17
LN102043,20-06-2023,50,Male,South,69100,19,RENT,Bachelor's,Medical,724,0,29300,Approved,27240,8.54,12,Fully Paid,Good Loan,27240,1163.15
LN102044,10-10-2024,28,Female,South,18300,8,MORTGAGE,Master's,Business,647,0,39000,Approved,36550,13.46,24,Current,Good Loan,26189.01,1762.52
LN102045,15-08-2022,59,Male,Central,64300,27,RENT,Bachelor's,Home Improvement,728,0,14300,Approved,13570,11.65,24,Charged Off,Bad Loan,3305.01,192.52
LN102046,01-04-2024,46,Male,North,65800,15,RENT,Bachelor's,Medical,585,0,31100,Approved,29000,11.93,12,Charged Off,Bad Loan,3993.46,238.21
LN102047,20-05-2024,57,Male,East,170500,10,RENT,PhD,Education,754,2,4700,Approved,4580,7.86,24,Fully Paid,Good Loan,4580,179.99
LN102048,09-02-2023,54,Female,South,54100,33,RENT,Bachelor's,Business,623,0,34900,Approved,33020,10.67,60,Fully Paid,Good Loan,33020,1761.62
LN102049,21-07-2022,27,Male,North,59900,24,RENT,Master's,Business,818,1,31400,Approved,31040,4.73,24,Charged Off,Bad Loan,4169.55,98.61
LN102050,07-02-2022,60,Female,North,64800,20,RENT,Master's,Education,652,0,21300,Rejected,0,,48,Not Funded,N/A,0,0
LN102051,30-07-2024,48,Male,East,65600,4,MORTGAGE,Bachelor's,Personal,602,0,33000,Approved,30210,11.8,60,Fully Paid,Good Loan,30210,1782.39
LN102052,07-07-2022,59,Male,North,31100,10,RENT,Bachelor's,Medical,509,1,27000,Rejected,0,,36,Not Funded,N/A,0,0
LN102053,16-12-2024,59,Male,North,78300,8,MORTGAGE,High School,Debt Consolidation,743,1,22500,Approved,19160,6.58,60,Current,Good Loan,16368.72,538.53
LN102054,29-07-2024,48,Male,South,35900,10,MORTGAGE,PhD,Business,432,0,37900,Rejected,0,,36,Not Funded,N/A,0,0
LN102055,09-11-2024,34,Male,North,65100,0,MORTGAGE,High School,Education,475,0,6100,Rejected,0,,36,Not Funded,N/A,0,0
LN102056,30-09-2022,58,Male,South,36800,25,MORTGAGE,Bachelor's,Debt Consolidation,386,0,39700,Rejected,0,,60,Not Funded,N/A,0,0
LN102057,06-08-2023,24,Female,North,49000,9,RENT,High School,Personal,757,0,7000,Approved,6730,9.27,48,Fully Paid,Good Loan,6730,311.94
LN102058,31-05-2023,62,Male,South,43800,18,RENT,High School,Debt Consolidation,516,1,19700,Rejected,0,,24,Not Funded,N/A,0,0
LN102059,10-06-2023,38,Male,West,48400,15,MORTGAGE,Bachelor's,Education,705,0,10000,Approved,8990,7.35,60,Fully Paid,Good Loan,8990,330.38
LN102060,02-12-2022,64,Male,East,52200,3,MORTGAGE,Master's,Personal,706,0,11600,Approved,9950,10.4,36,Current,Good Loan,8585.1,446.43
LN102061,29-11-2023,45,Female,South,64100,13,RENT,Bachelor's,Medical,728,0,25600,Approved,23830,7.3,60,Fully Paid,Good Loan,23830,869.8
LN102062,14-12-2024,27,Male,North,51900,29,MORTGAGE,High School,Education,531,0,2400,Rejected,0,,36,Not Funded,N/A,0,0
LN102063,15-05-2023,58,Male,East,80300,6,MORTGAGE,Bachelor's,Personal,729,0,37700,Approved,37010,7.47,36,Fully Paid,Good Loan,37010,1382.32
LN102064,18-06-2024,48,Male,North,42600,11,MORTGAGE,Master's,Medical,337,0,11900,Rejected,0,,12,Not Funded,N/A,0,0
LN102065,05-02-2024,25,Female,North,65700,23,MORTGAGE,High School,Personal,723,0,11600,Approved,9870,10.47,48,Current,Good Loan,8387.96,439.11
LN102066,20-06-2023,23,Female,West,37200,21,RENT,Bachelor's,Education,698,0,34700,Approved,29830,9.23,48,Fully Paid,Good Loan,29830,1376.65
LN102067,11-06-2022,64,Male,Central,120800,29,RENT,High School,Education,484,0,30800,Rejected,0,,36,Not Funded,N/A,0,0
LN102068,17-08-2023,51,Male,South,65900,19,RENT,Bachelor's,Medical,676,2,27200,Rejected,0,,36,Not Funded,N/A,0,0
LN102069,08-06-2022,62,Female,North,39600,25,RENT,Bachelor's,Debt Consolidation,574,2,6700,Rejected,0,,24,Not Funded,N/A,0,0
LN102070,01-03-2022,40,Female,Central,118200,4,OWN,Master's,Car,585,0,31000,Approved,26850,12.86,36,Fully Paid,Good Loan,26850,1726.46
LN102071,03-07-2024,39,Female,North,68400,5,RENT,Bachelor's,Personal,647,0,15100,Approved,13200,10.24,36,Fully Paid,Good Loan,13200,675.84
LN102072,30-07-2022,31,Female,Central,39700,33,RENT,Bachelor's,Education,829,0,39800,Approved,37810,5.52,48,Current,Good Loan,16362.3,451.6
LN102073,10-02-2023,60,Female,South,51100,4,RENT,Bachelor's,Debt Consolidation,306,1,27200,Rejected,0,,36,Not Funded,N/A,0,0
LN102074,26-10-2023,23,Female,South,32500,9,MORTGAGE,Bachelor's,Debt Consolidation,487,0,33600,Rejected,0,,24,Not Funded,N/A,0,0
LN102075,26-06-2023,43,Male,East,32500,27,MORTGAGE,Bachelor's,Debt Consolidation,415,2,29600,Rejected,0,,12,Not Funded,N/A,0,0
LN102076,24-09-2024,27,Male,Central,93300,2,MORTGAGE,Bachelor's,Business,798,0,24200,Approved,23270,7.79,12,Fully Paid,Good Loan,23270,906.37
LN102077,15-07-2024,43,Male,Central,36200,12,OWN,Bachelor's,Home Improvement,362,1,28900,Rejected,0,,24,Not Funded,N/A,0,0
LN102078,17-05-2024,27,Female,East,29700,1,MORTGAGE,Master's,Personal,740,0,24300,Approved,20860,8.33,36,Fully Paid,Good Loan,20860,868.82
LN102079,19-01-2022,54,Female,West,72100,34,RENT,High School,Personal,643,0,3000,Approved,2700,10.61,24,Current,Good Loan,2420.9,128.43
LN102080,08-03-2023,62,Female,East,114300,27,MORTGAGE,Bachelor's,Home Improvement,678,0,14500,Approved,13140,9.58,12,Fully Paid,Good Loan,13140,629.41
LN102081,10-01-2024,39,Male,West,91200,22,MORTGAGE,Bachelor's,Medical,594,1,13300,Rejected,0,,48,Not Funded,N/A,0,0
LN102082,02-07-2022,29,Male,West,151900,22,RENT,Master's,Education,531,0,28800,Approved,25000,13.35,36,Fully Paid,Good Loan,25000,1668.75
LN102083,23-04-2022,38,Male,North,161100,34,RENT,Master's,Debt Consolidation,739,0,23500,Approved,22330,10.14,36,Fully Paid,Good Loan,22330,1132.13
LN102084,26-04-2023,61,Male,South,36100,31,MORTGAGE,Bachelor's,Personal,693,1,24800,Rejected,0,,60,Not Funded,N/A,0,0
LN102085,10-04-2024,62,Female,Central,47100,1,RENT,Bachelor's,Debt Consolidation,575,0,34000,Rejected,0,,36,Not Funded,N/A,0,0
LN102086,02-02-2024,45,Female,Central,26700,15,MORTGAGE,Bachelor's,Car,466,0,21500,Approved,20040,15.7,60,Fully Paid,Good Loan,20040,1573.14
LN102087,21-04-2023,34,Male,North,32100,15,MORTGAGE,High School,Education,398,0,9500,Rejected,0,,60,Not Funded,N/A,0,0
LN102088,02-02-2024,64,Male,North,87800,2,RENT,High School,Education,711,0,1500,Approved,1450,8.11,48,Fully Paid,Good Loan,1450,58.8
LN102089,28-08-2024,45,Female,Central,61400,27,MORTGAGE,Master's,Car,527,0,7200,Approved,6280,14.44,60,Current,Good Loan,5519.38,398.5
LN102090,16-10-2024,39,Male,East,104300,28,RENT,Master's,Business,713,1,2200,Approved,2070,7.73,60,Fully Paid,Good Loan,2070,80.01
LN102091,10-06-2022,59,Female,East,36700,19,RENT,Bachelor's,Car,613,0,10200,Rejected,0,,60,Not Funded,N/A,0,0
LN102092,05-02-2023,35,Male,North,42300,32,MORTGAGE,Bachelor's,Business,625,0,25800,Approved,25270,12.53,60,Current,Good Loan,14869.94,931.6
LN102093,17-07-2022,36,Male,Central,70800,21,RENT,Bachelor's,Personal,361,0,6900,Rejected,0,,60,Not Funded,N/A,0,0
LN102094,22-10-2023,47,Male,South,87200,7,MORTGAGE,Bachelor's,Education,428,0,4200,Approved,3660,16.38,24,Fully Paid,Good Loan,3660,299.75
LN102095,06-12-2024,60,Male,North,26000,23,RENT,Bachelor's,Home Improvement,751,0,38900,Approved,34570,7.37,60,Fully Paid,Good Loan,34570,1273.9
LN102096,03-02-2023,30,Female,South,48600,19,RENT,Bachelor's,Medical,708,0,39900,Approved,37730,9.48,24,Current,Good Loan,13529.34,641.29
LN102097,19-03-2022,24,Male,Central,64800,11,RENT,High School,Business,722,0,25800,Approved,25460,8.67,24,Fully Paid,Good Loan,25460,1103.69
LN102098,04-05-2022,39,Male,West,77100,19,MORTGAGE,High School,Car,529,0,5200,Approved,5120,12.93,24,Charged Off,Bad Loan,1586.7,102.58
LN102099,16-03-2022,48,Male,West,84200,19,RENT,Master's,Car,811,0,33000,Approved,29830,5.42,36,Fully Paid,Good Loan,29830,808.39
LN102100,17-05-2022,41,Male,South,52400,3,RENT,Master's,Education,637,0,22000,Approved,21440,10.04,24,Current,Good Loan,6929.36,347.85
LN102101,25-08-2023,34,Male,Central,31100,29,MORTGAGE,Master's,Car,545,0,8100,Rejected,0,,36,Not Funded,N/A,0,0
LN102102,16-04-2024,53,Male,West,22800,30,MORTGAGE,Bachelor's,Home Improvement,503,0,23500,Rejected,0,,24,Not Funded,N/A,0,0
LN102103,15-05-2023,30,Female,West,49900,21,RENT,High School,Debt Consolidation,492,2,2500,Rejected,0,,24,Not Funded,N/A,0,0
LN102104,18-05-2022,39,Female,Central,47600,14,OWN,Bachelor's,Education,658,0,38900,Approved,37020,9.43,24,Fully Paid,Good Loan,37020,1745.49
LN102105,19-02-2022,50,Male,South,37900,27,OWN,High School,Medical,553,0,33200,Rejected,0,,48,Not Funded,N/A,0,0
LN102106,30-08-2024,42,Male,East,81000,10,RENT,Bachelor's,Debt Consolidation,583,0,11200,Approved,10150,12.38,36,Current,Good Loan,8527.24,527.84
LN102107,11-09-2022,23,Male,Central,32300,13,RENT,Bachelor's,Medical,517,0,17300,Rejected,0,,36,Not Funded,N/A,0,0
LN102108,11-12-2023,57,Male,West,40200,10,OWN,Bachelor's,Education,481,0,16400,Rejected,0,,48,Not Funded,N/A,0,0
LN102109,17-07-2023,61,Female,East,91600,8,RENT,PhD,Debt Consolidation,522,0,34600,Approved,32440,12.36,60,Current,Good Loan,26973,1666.93
LN102110,27-01-2024,38,Female,North,38200,23,OWN,Bachelor's,Business,507,0,14800,Rejected,0,,24,Not Funded,N/A,0,0
LN102111,01-07-2023,31,Female,West,62700,9,RENT,Bachelor's,Debt Consolidation,722,0,2900,Approved,2520,8.39,12,Fully Paid,Good Loan,2520,105.71
LN102112,10-07-2024,22,Male,East,53900,31,MORTGAGE,High School,Home Improvement,469,1,9400,Rejected,0,,36,Not Funded,N/A,0,0
LN102113,04-08-2023,32,Male,North,60400,19,OWN,High School,Car,438,1,9400,Rejected,0,,36,Not Funded,N/A,0,0
LN102114,18-02-2022,26,Female,Central,80600,13,RENT,Bachelor's,Debt Consolidation,502,0,38000,Rejected,0,,12,Not Funded,N/A,0,0
LN102115,05-07-2024,63,Male,South,62700,3,RENT,Bachelor's,Business,553,0,37000,Approved,34050,12.94,12,Current,Good Loan,23802.82,1540.04
LN102116,05-12-2023,60,Male,South,29000,23,MORTGAGE,Bachelor's,Education,465,0,12700,Rejected,0,,12,Not Funded,N/A,0,0
LN102117,18-09-2022,64,Female,West,31300,31,OWN,Master's,Personal,695,0,1100,Approved,990,9.27,48,Fully Paid,Good Loan,990,45.89
LN102118,22-12-2022,49,Female,East,61900,9,RENT,Bachelor's,Medical,725,0,21200,Approved,19920,9.84,24,Current,Good Loan,7237.6,356.09
LN102119,30-09-2023,50,Female,North,35800,15,OWN,Bachelor's,Debt Consolidation,746,0,32100,Approved,29540,7.08,24,Current,Good Loan,17523.69,620.34
LN102120,13-01-2024,22,Male,South,83300,31,MORTGAGE,Bachelor's,Personal,805,0,11500,Approved,9780,5.91,12,Fully Paid,Good Loan,9780,289
LN102121,06-10-2024,29,Male,North,62300,17,OWN,High School,Business,436,0,18100,Rejected,0,,60,Not Funded,N/A,0,0
LN102122,19-07-2024,22,Male,North,25000,24,MORTGAGE,Bachelor's,Home Improvement,705,0,7700,Approved,6710,8.64,24,Fully Paid,Good Loan,6710,289.87
LN102123,03-10-2023,49,Female,North,126800,6,MORTGAGE,Bachelor's,Debt Consolidation,530,0,13800,Approved,13130,14.72,60,Current,Good Loan,4887.11,359.69
LN102124,02-03-2024,53,Male,North,45900,17,MORTGAGE,High School,Personal,543,0,30600,Rejected,0,,24,Not Funded,N/A,0,0
LN102125,04-09-2023,30,Female,South,49300,17,RENT,Master's,Business,585,1,17700,Rejected,0,,60,Not Funded,N/A,0,0
LN102126,19-03-2024,54,Female,East,65500,2,OWN,High School,Personal,353,0,18400,Rejected,0,,48,Not Funded,N/A,0,0
LN102127,17-11-2023,64,Male,Central,52100,0,RENT,High School,Debt Consolidation,691,0,31800,Rejected,0,,24,Not Funded,N/A,0,0
LN102128,07-07-2022,28,Male,East,83500,32,RENT,High School,Business,569,0,30800,Rejected,0,,24,Not Funded,N/A,0,0
LN102129,11-09-2024,57,Male,West,34300,6,MORTGAGE,Bachelor's,Debt Consolidation,688,0,8300,Approved,7100,8.6,36,Charged Off,Bad Loan,1129.1,48.55
LN102130,02-07-2023,53,Female,South,90800,9,RENT,Bachelor's,Business,312,0,17200,Rejected,0,,24,Not Funded,N/A,0,0
LN102131,26-12-2023,26,Female,West,73600,7,MORTGAGE,Bachelor's,Car,642,0,34100,Approved,30020,11.24,36,Charged Off,Bad Loan,74.92,4.21
LN102132,14-07-2024,64,Female,East,38200,31,MORTGAGE,High School,Debt Consolidation,638,2,18800,Rejected,0,,12,Not Funded,N/A,0,0
LN102133,25-05-2024,60,Male,South,60700,22,RENT,High School,Debt Consolidation,323,1,26800,Rejected,0,,36,Not Funded,N/A,0,0
LN102134,10-09-2023,39,Male,North,93500,16,RENT,High School,Education,334,0,12900,Rejected,0,,12,Not Funded,N/A,0,0
LN102135,18-02-2023,52,Female,South,68500,13,MORTGAGE,High School,Debt Consolidation,785,0,3300,Approved,3120,7.17,24,Current,Good Loan,840.82,30.14
LN102136,21-06-2024,47,Male,East,57900,16,OWN,Bachelor's,Business,721,0,7400,Approved,7020,8.11,36,Current,Good Loan,1818.67,73.75
LN102137,12-06-2022,21,Female,South,71700,24,MORTGAGE,Bachelor's,Home Improvement,589,0,16700,Approved,15950,11.83,12,Charged Off,Bad Loan,1667.57,98.64
LN102138,27-09-2022,63,Female,Central,74500,20,RENT,Bachelor's,Car,589,0,14800,Approved,13360,12.48,36,Current,Good Loan,4001,249.66
LN102139,24-09-2023,53,Male,South,43100,5,OWN,High School,Debt Consolidation,318,0,35900,Rejected,0,,12,Not Funded,N/A,0,0
LN102140,24-06-2024,60,Male,North,58100,19,RENT,PhD,Car,591,1,22300,Approved,20390,11.37,36,Fully Paid,Good Loan,20390,1159.17
LN102141,24-07-2022,52,Male,East,79400,19,RENT,Master's,Medical,677,1,25500,Approved,23840,8.93,12,Fully Paid,Good Loan,23840,1064.46
LN102142,05-08-2023,25,Male,Central,57500,25,RENT,Master's,Debt Consolidation,453,0,27900,Rejected,0,,60,Not Funded,N/A,0,0
LN102143,20-04-2024,37,Female,South,39200,31,RENT,High School,Debt Consolidation,427,0,21700,Rejected,0,,24,Not Funded,N/A,0,0
LN102144,19-08-2023,28,Female,East,61500,7,MORTGAGE,High School,Personal,732,0,31000,Approved,30290,8.25,24,Current,Good Loan,8990.49,370.86
LN102145,07-09-2022,62,Female,South,45400,28,MORTGAGE,Bachelor's,Business,569,0,31500,Rejected,0,,36,Not Funded,N/A,0,0
LN102146,24-05-2024,54,Female,East,70400,16,MORTGAGE,High School,Home Improvement,814,0,14700,Approved,12940,5.07,12,Fully Paid,Good Loan,12940,328.03
LN102147,15-07-2022,29,Male,West,103000,17,MORTGAGE,Bachelor's,Debt Consolidation,557,1,4300,Approved,3920,14.04,60,Current,Good Loan,3483.07,244.51
LN102148,21-11-2023,43,Male,Central,73500,17,RENT,High School,Debt Consolidation,641,0,39500,Rejected,0,,24,Not Funded,N/A,0,0
LN102149,29-12-2024,55,Female,North,37400,10,MORTGAGE,High School,Business,801,2,26100,Rejected,0,,36,Not Funded,N/A,0,0
LN102150,01-10-2023,27,Male,South,62100,11,RENT,High School,Business,716,0,28600,Approved,24410,9.08,24,Current,Good Loan,8988.61,408.08
LN102151,03-11-2023,35,Female,East,17000,14,MORTGAGE,Bachelor's,Medical,399,0,30500,Rejected,0,,60,Not Funded,N/A,0,0
LN102152,01-08-2024,40,Female,North,51800,25,RENT,Bachelor's,Car,693,0,24900,Approved,24380,8.82,24,Current,Good Loan,13856.82,611.09
LN102153,18-07-2022,45,Male,West,82700,2,RENT,High School,Home Improvement,352,0,19400,Rejected,0,,48,Not Funded,N/A,0,0
LN102154,07-05-2023,23,Male,East,64900,2,RENT,High School,Debt Consolidation,727,0,39400,Approved,38790,6.77,60,Fully Paid,Good Loan,38790,1313.04
LN102155,14-06-2024,44,Male,South,56900,34,OWN,Bachelor's,Medical,448,0,29400,Rejected,0,,12,Not Funded,N/A,0,0
LN102156,22-05-2022,54,Female,West,141300,8,MORTGAGE,Bachelor's,Business,750,0,34000,Approved,31670,7.22,60,Current,Good Loan,14913.34,538.37
LN102157,14-06-2022,42,Male,South,25200,3,OWN,Bachelor's,Personal,833,0,18100,Approved,16130,4.29,36,Charged Off,Bad Loan,2983.81,64
LN102158,10-11-2022,31,Female,Central,27800,19,RENT,Master's,Medical,831,1,36300,Rejected,0,,12,Not Funded,N/A,0,0
LN102159,21-01-2022,28,Female,West,67300,14,OWN,High School,Home Improvement,665,0,29600,Approved,27330,10.43,24,Fully Paid,Good Loan,27330,1425.26
LN102160,10-09-2024,59,Female,West,81200,28,RENT,Bachelor's,Home Improvement,623,0,30100,Approved,27880,13.31,60,Charged Off,Bad Loan,5144.34,342.36
LN102161,01-11-2022,63,Male,North,82700,4,MORTGAGE,Bachelor's,Debt Consolidation,819,0,4400,Approved,4170,6.8,12,Fully Paid,Good Loan,4170,141.78
LN102162,06-01-2023,55,Male,Central,41900,6,RENT,Bachelor's,Business,545,0,25100,Rejected,0,,24,Not Funded,N/A,0,0
LN102163,02-05-2024,58,Female,West,37100,7,RENT,High School,Medical,748,1,14100,Approved,13960,7.84,60,Current,Good Loan,5820.29,228.16
LN102164,19-01-2023,28,Female,South,34700,31,MORTGAGE,Bachelor's,Education,453,0,27100,Approved,26270,16.09,12,Current,Good Loan,21466.87,1727.01
LN102165,21-03-2023,57,Male,South,62600,32,MORTGAGE,Master's,Home Improvement,545,0,23200,Rejected,0,,36,Not Funded,N/A,0,0
LN102166,01-03-2023,47,Female,South,34800,31,MORTGAGE,PhD,Car,342,1,5300,Rejected,0,,24,Not Funded,N/A,0,0
LN102167,10-06-2022,48,Female,Central,89500,33,RENT,Bachelor's,Debt Consolidation,692,1,21700,Rejected,0,,24,Not Funded,N/A,0,0
LN102168,21-09-2023,60,Male,Central,53600,24,MORTGAGE,Bachelor's,Debt Consolidation,462,0,18600,Rejected,0,,36,Not Funded,N/A,0,0
LN102169,13-06-2024,54,Male,Central,39500,31,RENT,Bachelor's,Home Improvement,765,0,31300,Approved,27870,7.79,36,Charged Off,Bad Loan,421.74,16.43
LN102170,05-05-2023,52,Female,West,39500,1,RENT,High School,Medical,811,2,20600,Rejected,0,,36,Not Funded,N/A,0,0
LN102171,13-10-2024,35,Male,South,27200,8,OWN,High School,Education,446,0,19800,Rejected,0,,12,Not Funded,N/A,0,0
LN102172,23-11-2022,64,Male,North,37900,28,MORTGAGE,Bachelor's,Home Improvement,455,0,29100,Rejected,0,,36,Not Funded,N/A,0,0
LN102173,21-08-2023,37,Female,North,42200,17,OWN,Bachelor's,Education,814,0,27100,Approved,26490,6.03,48,Fully Paid,Good Loan,26490,798.67
LN102174,11-10-2024,53,Male,North,65100,21,RENT,High School,Debt Consolidation,445,0,39700,Rejected,0,,12,Not Funded,N/A,0,0
LN102175,16-10-2022,36,Male,East,51800,34,OWN,Master's,Debt Consolidation,811,1,14700,Approved,12530,6.38,36,Current,Good Loan,6979.14,222.63
LN102176,16-08-2023,49,Female,Central,36800,14,MORTGAGE,High School,Education,568,0,27800,Rejected,0,,36,Not Funded,N/A,0,0
LN102177,27-07-2023,29,Female,Central,31200,6,MORTGAGE,Bachelor's,Debt Consolidation,710,0,7500,Approved,6940,8.32,48,Fully Paid,Good Loan,6940,288.7
LN102178,28-01-2022,53,Female,South,48700,12,RENT,Master's,Debt Consolidation,543,0,32400,Approved,29180,12.87,60,Current,Good Loan,21346.53,1373.65
LN102179,11-08-2024,49,Female,West,21500,15,MORTGAGE,High School,Debt Consolidation,595,1,31700,Rejected,0,,36,Not Funded,N/A,0,0
LN102180,12-02-2022,33,Male,East,47000,20,MORTGAGE,High School,Home Improvement,613,0,29300,Rejected,0,,24,Not Funded,N/A,0,0
LN102181,27-02-2023,41,Male,East,89500,27,RENT,High School,Car,579,0,5600,Approved,4820,12.99,36,Current,Good Loan,2344.55,152.28
LN102182,26-06-2022,41,Male,West,49500,9,MORTGAGE,Master's,Car,776,0,39500,Approved,36800,7.36,12,Fully Paid,Good Loan,36800,1354.24
LN102183,13-06-2023,25,Male,South,58200,18,RENT,Bachelor's,Car,418,0,37800,Approved,34040,17.43,12,Fully Paid,Good Loan,34040,2966.59
LN102184,23-08-2024,30,Female,Central,55100,16,MORTGAGE,High School,Debt Consolidation,833,0,15400,Approved,15320,4,36,Fully Paid,Good Loan,15320,306.4
LN102185,17-07-2022,26,Female,West,29000,0,OWN,Master's,Personal,773,1,23500,Approved,21650,9.14,12,Fully Paid,Good Loan,21650,989.41
LN102186,02-09-2023,33,Male,West,119500,12,RENT,Bachelor's,Business,511,0,35700,Approved,35310,11.07,24,Charged Off,Bad Loan,5264.93,291.41
LN102187,21-04-2024,21,Male,South,45100,19,MORTGAGE,High School,Car,765,1,20300,Rejected,0,,36,Not Funded,N/A,0,0
LN102188,02-05-2024,40,Male,North,54100,5,RENT,Bachelor's,Personal,465,0,24400,Rejected,0,,24,Not Funded,N/A,0,0
LN102189,22-01-2022,28,Male,South,40300,22,MORTGAGE,Bachelor's,Business,779,0,24500,Approved,22240,5.66,48,Fully Paid,Good Loan,22240,629.39
LN102190,16-12-2024,30,Male,West,90400,23,OWN,High School,Debt Consolidation,682,0,26300,Approved,25850,9.71,60,Fully Paid,Good Loan,25850,1255.02
LN102191,25-12-2024,29,Male,Central,28100,4,RENT,Bachelor's,Business,360,1,23400,Rejected,0,,48,Not Funded,N/A,0,0
LN102192,21-04-2024,61,Female,South,97300,31,RENT,High School,Home Improvement,578,0,16800,Approved,16360,11.81,36,Fully Paid,Good Loan,16360,966.06
LN102193,08-04-2022,23,Male,West,47200,16,MORTGAGE,Bachelor's,Debt Consolidation,508,0,22000,Rejected,0,,60,Not Funded,N/A,0,0
LN102194,11-03-2023,31,Male,East,42600,10,MORTGAGE,High School,Debt Consolidation,336,0,35000,Rejected,0,,36,Not Funded,N/A,0,0
LN102195,29-09-2023,32,Female,South,40800,26,RENT,High School,Business,433,0,34700,Rejected,0,,60,Not Funded,N/A,0,0
LN102196,11-08-2023,30,Male,West,122300,3,RENT,Master's,Debt Consolidation,711,0,31100,Approved,29450,7.27,36,Current,Good Loan,25534.29,928.17
LN102197,10-12-2022,45,Male,West,26300,22,RENT,Bachelor's,Car,447,0,17200,Rejected,0,,60,Not Funded,N/A,0,0
LN102198,25-07-2023,45,Male,North,42600,22,RENT,High School,Debt Consolidation,696,0,31700,Approved,29110,9.4,24,Fully Paid,Good Loan,29110,1368.17
LN102199,03-09-2023,31,Male,South,30300,33,MORTGAGE,Master's,Business,551,0,16100,Rejected,0,,12,Not Funded,N/A,0,0
LN102200,31-08-2022,56,Male,East,24000,20,RENT,Master's,Debt Consolidation,802,0,26900,Approved,25440,7.33,36,Current,Good Loan,14935.55,547.39
LN102201,15-07-2023,59,Female,North,97500,21,MORTGAGE,High School,Car,806,0,23100,Approved,20320,5.83,48,Current,Good Loan,14203.64,414.04
LN102202,17-08-2024,46,Male,Central,53500,0,RENT,Bachelor's,Education,543,0,12700,Approved,11880,15.04,48,Charged Off,Bad Loan,1377.13,103.56
LN102203,01-02-2022,34,Female,East,32100,31,RENT,Bachelor's,Debt Consolidation,666,0,18700,Approved,16180,11.25,36,Current,Good Loan,7557.37,425.1
LN102204,26-01-2023,59,Male,North,78700,27,RENT,Bachelor's,Medical,749,0,33400,Approved,32450,6.95,24,Fully Paid,Good Loan,32450,1127.64
LN102205,04-10-2022,60,Male,North,45200,17,MORTGAGE,Master's,Debt Consolidation,419,1,36600,Rejected,0,,36,Not Funded,N/A,0,0
LN102206,16-06-2023,21,Male,Central,40500,6,RENT,Bachelor's,Medical,608,0,9000,Rejected,0,,60,Not Funded,N/A,0,0
LN102207,18-01-2023,24,Male,West,70200,5,OWN,PhD,Business,511,0,18800,Rejected,0,,12,Not Funded,N/A,0,0
LN102208,27-12-2024,50,Male,West,44800,13,RENT,Master's,Debt Consolidation,583,1,17900,Rejected,0,,24,Not Funded,N/A,0,0
LN102209,02-06-2024,32,Male,North,35100,29,RENT,High School,Business,553,1,20100,Rejected,0,,12,Not Funded,N/A,0,0
LN102210,02-08-2022,55,Male,Central,74100,13,MORTGAGE,Master's,Debt Consolidation,829,0,39100,Approved,36310,6.74,48,Fully Paid,Good Loan,36310,1223.65
LN102211,11-01-2023,33,Male,South,50800,8,RENT,Bachelor's,Education,562,2,21200,Rejected,0,,12,Not Funded,N/A,0,0
LN102212,14-01-2024,51,Male,West,75800,30,MORTGAGE,Bachelor's,Medical,576,0,33400,Approved,32750,12.91,12,Current,Good Loan,9053.21,584.38
LN102213,01-08-2022,58,Male,Central,45200,1,OWN,Master's,Medical,340,2,26900,Rejected,0,,36,Not Funded,N/A,0,0
LN102214,20-03-2022,63,Male,North,85700,17,RENT,Bachelor's,Car,722,0,5200,Approved,4540,7.17,48,Fully Paid,Good Loan,4540,162.76
LN102215,20-09-2023,43,Female,East,54500,4,MORTGAGE,High School,Education,808,0,28100,Approved,26810,6.53,12,Fully Paid,Good Loan,26810,875.35
LN102216,27-08-2023,24,Female,North,87300,25,MORTGAGE,Master's,Business,663,1,26200,Approved,25010,10.72,60,Current,Good Loan,17629.25,944.93
LN102217,21-02-2024,36,Male,East,86000,22,OWN,High School,Car,842,0,30600,Approved,27830,5.9,12,Charged Off,Bad Loan,9125.41,269.2
LN102218,27-09-2024,27,Male,South,94500,11,RENT,Bachelor's,Car,760,0,3900,Approved,3400,7.1,36,Current,Good Loan,1920,68.16
LN102219,11-11-2023,42,Male,Central,55900,13,RENT,Bachelor's,Medical,752,0,10400,Approved,9050,8.02,24,Fully Paid,Good Loan,9050,362.9
LN102220,27-02-2022,49,Female,South,64400,12,MORTGAGE,High School,Personal,614,0,31000,Approved,29790,11.64,24,Charged Off,Bad Loan,4787.04,278.61
LN102221,15-11-2024,31,Male,East,48800,34,RENT,Master's,Personal,659,0,15500,Approved,13690,10.29,24,Current,Good Loan,3897.63,200.53
LN102222,30-05-2024,53,Female,Central,36200,14,MORTGAGE,High School,Debt Consolidation,533,0,36500,Approved,34330,14.69,60,Fully Paid,Good Loan,34330,2521.54
LN102223,23-03-2023,49,Male,Central,133500,34,OWN,PhD,Debt Consolidation,342,0,21200,Rejected,0,,12,Not Funded,N/A,0,0
LN102224,07-03-2022,59,Male,East,38600,18,RENT,Master's,Home Improvement,527,0,1000,Approved,940,12.77,48,Fully Paid,Good Loan,940,60.02
LN102225,03-12-2024,32,Male,South,81400,14,MORTGAGE,Bachelor's,Personal,632,0,28300,Approved,28190,9.64,12,Fully Paid,Good Loan,28190,1358.76
LN102226,08-10-2024,27,Male,North,75100,7,OWN,Bachelor's,Debt Consolidation,791,0,21000,Approved,19880,7.77,24,Fully Paid,Good Loan,19880,772.34
LN102227,15-08-2022,59,Female,North,58800,22,OWN,Bachelor's,Medical,505,0,13400,Rejected,0,,24,Not Funded,N/A,0,0
LN102228,13-02-2024,62,Male,East,50500,12,MORTGAGE,Bachelor's,Car,388,0,1800,Rejected,0,,48,Not Funded,N/A,0,0
LN102229,10-11-2023,46,Male,North,50800,22,MORTGAGE,Bachelor's,Personal,398,1,8800,Rejected,0,,12,Not Funded,N/A,0,0
LN102230,24-08-2023,60,Female,South,40300,30,RENT,Master's,Education,336,0,7300,Rejected,0,,24,Not Funded,N/A,0,0
LN102231,14-01-2023,29,Female,North,56500,29,OWN,Bachelor's,Home Improvement,673,0,23700,Approved,21840,7.19,48,Fully Paid,Good Loan,21840,785.15
LN102232,10-12-2023,61,Male,East,31800,1,RENT,Master's,Debt Consolidation,690,0,31000,Approved,30780,8.56,36,Fully Paid,Good Loan,30780,1317.38
LN102233,03-11-2022,54,Male,South,75800,10,RENT,Bachelor's,Personal,733,1,10100,Approved,8860,8.28,24,Current,Good Loan,7898.72,327.01
LN102234,18-02-2024,33,Male,North,48900,24,RENT,Bachelor's,Personal,785,0,28200,Approved,24020,7.19,36,Fully Paid,Good Loan,24020,863.52
LN102235,19-05-2023,56,Male,South,35100,28,MORTGAGE,High School,Car,691,0,36100,Rejected,0,,12,Not Funded,N/A,0,0
LN102236,25-09-2022,45,Female,East,30500,21,RENT,Bachelor's,Personal,655,2,25200,Rejected,0,,60,Not Funded,N/A,0,0
LN102237,08-01-2022,44,Male,West,51100,18,MORTGAGE,Master's,Debt Consolidation,354,0,31300,Rejected,0,,12,Not Funded,N/A,0,0
LN102238,23-05-2023,64,Male,South,51900,8,MORTGAGE,Bachelor's,Education,613,1,9000,Approved,8010,12.19,60,Fully Paid,Good Loan,8010,488.21
LN102239,21-04-2023,37,Male,West,42900,28,RENT,Master's,Debt Consolidation,403,0,3900,Rejected,0,,48,Not Funded,N/A,0,0
LN102240,13-06-2022,22,Female,North,67900,9,RENT,Master's,Medical,315,0,15300,Rejected,0,,60,Not Funded,N/A,0,0
LN102241,30-04-2023,33,Male,North,63400,21,RENT,High School,Debt Consolidation,708,0,28700,Approved,27360,10.53,48,Current,Good Loan,21694.05,1142.19
LN102242,21-07-2023,51,Male,North,55600,23,RENT,High School,Debt Consolidation,328,0,27800,Rejected,0,,24,Not Funded,N/A,0,0
LN102243,23-06-2024,49,Female,East,35700,7,RENT,Bachelor's,Car,655,0,38200,Approved,33320,10.09,12,Current,Good Loan,29367.97,1481.61
LN102244,13-07-2023,48,Male,West,38800,5,RENT,Bachelor's,Medical,678,0,25600,Approved,21950,9.3,48,Current,Good Loan,14786.04,687.55
LN102245,26-08-2022,47,Female,North,28900,6,OWN,High School,Personal,810,0,17000,Rejected,0,,12,Not Funded,N/A,0,0
LN102246,08-07-2023,35,Male,East,49700,19,MORTGAGE,High School,Education,646,1,32100,Rejected,0,,12,Not Funded,N/A,0,0
LN102247,07-04-2024,51,Male,East,69700,16,MORTGAGE,Master's,Home Improvement,802,1,7000,Approved,6350,5.06,48,Charged Off,Bad Loan,1773.97,44.88
LN102248,13-04-2023,60,Female,Central,31400,7,RENT,Bachelor's,Business,324,0,32700,Rejected,0,,48,Not Funded,N/A,0,0
LN102249,21-01-2023,35,Female,West,42100,12,RENT,Bachelor's,Personal,391,0,15300,Rejected,0,,60,Not Funded,N/A,0,0
LN102250,14-02-2024,53,Male,West,52900,23,MORTGAGE,Bachelor's,Education,628,0,7000,Approved,6430,13.52,24,Fully Paid,Good Loan,6430,434.67
LN102251,27-04-2024,40,Female,East,69700,30,MORTGAGE,High School,Car,837,0,7300,Approved,7100,4.39,24,Current,Good Loan,1965.25,43.14
LN102252,22-01-2023,62,Female,Central,27900,22,RENT,Bachelor's,Debt Consolidation,641,0,39400,Approved,38920,10.31,36,Fully Paid,Good Loan,38920,2006.33
LN102253,26-05-2024,32,Female,Central,147100,16,RENT,High School,Home Improvement,747,0,25300,Approved,25190,8.93,60,Current,Good Loan,6061.03,270.62
LN102254,16-09-2022,57,Male,East,76000,23,OWN,Master's,Personal,695,0,7800,Approved,7600,7.96,60,Fully Paid,Good Loan,7600,302.48
LN102255,10-10-2022,29,Male,South,41400,9,RENT,High School,Debt Consolidation,841,0,11500,Approved,10640,4,12,Current,Good Loan,6770.59,135.41
LN102256,09-02-2022,43,Female,South,33500,30,RENT,Master's,Business,825,0,15500,Approved,13710,4,12,Current,Good Loan,7084.48,141.69
LN102257,01-05-2023,28,Female,South,61600,19,RENT,Bachelor's,Home Improvement,801,0,3200,Approved,3010,6.35,48,Fully Paid,Good Loan,3010,95.57
LN102258,17-07-2024,52,Male,East,67000,15,MORTGAGE,Bachelor's,Education,706,1,5200,Rejected,0,,36,Not Funded,N/A,0,0
LN102259,08-08-2022,34,Male,South,34700,13,MORTGAGE,Master's,Debt Consolidation,429,0,30700,Rejected,0,,12,Not Funded,N/A,0,0
LN102260,11-10-2024,47,Male,Central,32800,2,RENT,High School,Education,430,0,31700,Rejected,0,,60,Not Funded,N/A,0,0
LN102261,20-10-2024,45,Male,East,36200,29,RENT,High School,Personal,817,0,39500,Approved,36450,6.88,36,Charged Off,Bad Loan,6007.5,206.66
LN102262,05-09-2023,33,Male,West,55800,17,MORTGAGE,Bachelor's,Debt Consolidation,448,0,3600,Rejected,0,,60,Not Funded,N/A,0,0
LN102263,16-07-2024,41,Male,East,56100,5,RENT,Master's,Business,575,0,35700,Rejected,0,,60,Not Funded,N/A,0,0
LN102264,19-11-2023,51,Male,West,143500,19,RENT,High School,Debt Consolidation,495,0,13400,Approved,12300,15.13,60,Current,Good Loan,8571.89,648.46
LN102265,05-09-2023,57,Female,South,20500,34,RENT,High School,Home Improvement,708,0,13800,Approved,12650,8.97,24,Fully Paid,Good Loan,12650,567.35
LN102266,17-09-2022,63,Male,East,40000,18,RENT,Bachelor's,Home Improvement,370,0,6000,Rejected,0,,60,Not Funded,N/A,0,0
LN102267,16-09-2024,25,Male,East,42700,25,MORTGAGE,Bachelor's,Business,498,0,39500,Rejected,0,,24,Not Funded,N/A,0,0
LN102268,23-08-2024,33,Male,South,67400,34,MORTGAGE,High School,Debt Consolidation,844,0,39300,Approved,34660,5.42,12,Fully Paid,Good Loan,34660,939.29
LN102269,01-01-2023,48,Female,Central,68700,11,MORTGAGE,Bachelor's,Home Improvement,764,1,34700,Approved,31010,7.48,60,Current,Good Loan,12391.64,463.45
LN102270,28-06-2023,63,Male,North,49500,7,MORTGAGE,Bachelor's,Education,389,0,4500,Rejected,0,,48,Not Funded,N/A,0,0
LN102271,11-10-2023,45,Male,East,106900,9,OWN,High School,Personal,300,0,33800,Rejected,0,,48,Not Funded,N/A,0,0
LN102272,24-03-2024,55,Female,North,32800,20,OWN,Bachelor's,Debt Consolidation,466,0,25700,Rejected,0,,24,Not Funded,N/A,0,0
LN102273,05-11-2024,59,Female,Central,39600,28,RENT,Bachelor's,Education,848,0,6000,Approved,5750,4,24,Fully Paid,Good Loan,5750,115
LN102274,29-07-2023,27,Female,South,30000,30,RENT,Master's,Business,541,0,11200,Rejected,0,,36,Not Funded,N/A,0,0
LN102275,09-10-2024,58,Female,East,50700,6,MORTGAGE,Bachelor's,Debt Consolidation,433,0,27900,Rejected,0,,60,Not Funded,N/A,0,0
LN102276,01-11-2023,52,Female,North,46700,33,MORTGAGE,High School,Business,551,0,32300,Rejected,0,,60,Not Funded,N/A,0,0
LN102277,26-09-2022,23,Female,South,77200,33,OWN,Bachelor's,Medical,321,1,34100,Rejected,0,,60,Not Funded,N/A,0,0
LN102278,12-07-2024,59,Male,Central,124800,29,MORTGAGE,PhD,Business,371,0,22200,Rejected,0,,60,Not Funded,N/A,0,0
LN102279,04-09-2022,57,Male,North,106000,3,MORTGAGE,Bachelor's,Debt Consolidation,820,0,21900,Approved,19720,5.22,36,Current,Good Loan,6407.99,167.25
LN102280,11-05-2022,42,Male,West,31200,29,RENT,Bachelor's,Car,800,0,27700,Rejected,0,,12,Not Funded,N/A,0,0
LN102281,19-12-2022,28,Male,North,55500,24,RENT,Bachelor's,Debt Consolidation,607,0,31300,Rejected,0,,24,Not Funded,N/A,0,0
LN102282,15-07-2022,37,Male,South,76800,13,OWN,High School,Debt Consolidation,550,0,7700,Rejected,0,,24,Not Funded,N/A,0,0
LN102283,18-07-2024,47,Male,East,73200,23,OWN,Bachelor's,Education,503,1,29900,Rejected,0,,48,Not Funded,N/A,0,0
LN102284,18-10-2024,53,Female,East,153500,30,RENT,Bachelor's,Debt Consolidation,307,0,14300,Rejected,0,,60,Not Funded,N/A,0,0
LN102285,07-10-2023,37,Male,East,49100,27,MORTGAGE,Bachelor's,Debt Consolidation,407,0,16000,Rejected,0,,24,Not Funded,N/A,0,0
LN102286,15-08-2022,62,Male,East,56100,24,MORTGAGE,High School,Business,822,0,4000,Approved,3680,6.46,48,Fully Paid,Good Loan,3680,118.86
LN102287,02-12-2023,32,Female,South,148500,18,RENT,Master's,Medical,672,0,23900,Approved,20560,10.7,36,Fully Paid,Good Loan,20560,1099.96
LN102288,22-09-2022,47,Male,South,65400,3,OWN,High School,Home Improvement,685,0,4600,Approved,4110,5.99,48,Current,Good Loan,1012.49,30.32
LN102289,08-10-2023,28,Male,North,41400,33,MORTGAGE,Bachelor's,Education,482,1,36600,Rejected,0,,60,Not Funded,N/A,0,0
LN102290,30-07-2022,43,Male,West,34900,31,RENT,Master's,Car,608,2,25200,Rejected,0,,48,Not Funded,N/A,0,0
LN102291,31-07-2024,62,Female,West,59500,24,RENT,High School,Personal,478,0,39600,Rejected,0,,60,Not Funded,N/A,0,0
LN102292,02-04-2023,49,Male,North,87600,21,RENT,Master's,Debt Consolidation,526,0,10600,Approved,9830,14.08,36,Fully Paid,Good Loan,9830,692.03
LN102293,26-12-2023,40,Female,North,87000,27,RENT,Bachelor's,Education,817,0,27500,Approved,25370,6.36,36,Fully Paid,Good Loan,25370,806.77
LN102294,08-09-2024,36,Male,North,36600,17,RENT,Bachelor's,Debt Consolidation,311,1,38600,Rejected,0,,36,Not Funded,N/A,0,0
LN102295,11-08-2023,37,Male,Central,56800,6,RENT,Bachelor's,Car,549,1,12600,Rejected,0,,48,Not Funded,N/A,0,0
LN102296,21-04-2023,36,Male,West,44200,10,MORTGAGE,Master's,Car,717,0,4800,Approved,4400,8.39,60,Charged Off,Bad Loan,961.32,40.33
LN102297,12-09-2024,39,Female,South,50700,10,MORTGAGE,Master's,Home Improvement,676,0,25700,Approved,23340,10.28,24,Current,Good Loan,13573.38,697.67
LN102298,05-06-2022,28,Female,East,81400,8,MORTGAGE,Bachelor's,Education,497,0,15300,Rejected,0,,60,Not Funded,N/A,0,0
LN102299,09-07-2022,58,Female,South,53000,34,MORTGAGE,Bachelor's,Car,747,0,11600,Approved,11310,5.55,48,Current,Good Loan,7119.09,197.55
LN102300,07-09-2024,58,Female,East,72700,22,OWN,Bachelor's,Business,336,0,39700,Rejected,0,,36,Not Funded,N/A,0,0
LN102301,30-06-2023,49,Male,West,73700,32,OWN,Bachelor's,Medical,720,0,30400,Approved,27960,8.45,12,Charged Off,Bad Loan,8038.29,339.62
LN102302,10-02-2022,61,Female,South,41200,0,RENT,High School,Car,307,0,19900,Rejected,0,,24,Not Funded,N/A,0,0
LN102303,03-11-2022,56,Male,Central,94200,19,RENT,Master's,Car,464,0,3000,Approved,2700,14.46,60,Current,Good Loan,1968.95,142.36
LN102304,31-07-2024,46,Female,East,33100,4,RENT,PhD,Business,419,0,8500,Rejected,0,,60,Not Funded,N/A,0,0
LN102305,04-12-2022,51,Male,North,30700,28,MORTGAGE,Master's,Personal,671,0,12700,Approved,11400,9.22,12,Fully Paid,Good Loan,11400,525.54
LN102306,10-08-2024,64,Male,East,43700,25,OWN,Bachelor's,Education,532,0,20000,Approved,18330,14.7,36,Current,Good Loan,12060.47,886.44
LN102307,06-10-2022,32,Male,South,34900,2,MORTGAGE,Master's,Debt Consolidation,729,1,20400,Approved,18680,9.05,12,Charged Off,Bad Loan,4170.16,188.7
LN102308,14-06-2024,37,Male,Central,71100,20,MORTGAGE,Master's,Education,586,0,2000,Rejected,0,,36,Not Funded,N/A,0,0
LN102309,30-09-2022,35,Male,South,171700,12,MORTGAGE,Bachelor's,Debt Consolidation,694,0,37800,Approved,37440,9.07,60,Current,Good Loan,23894.33,1083.61
LN102310,16-04-2024,29,Female,South,90000,30,MORTGAGE,Master's,Home Improvement,719,0,22200,Approved,20170,7.02,36,Current,Good Loan,13322.22,467.61
LN102311,12-09-2023,59,Male,West,37500,16,OWN,High School,Car,751,1,1800,Approved,1550,6.4,24,Fully Paid,Good Loan,1550,49.6
LN102312,11-05-2024,62,Male,East,34600,34,MORTGAGE,High School,Personal,571,0,28400,Approved,24280,13.66,48,Charged Off,Bad Loan,6288.03,429.47
LN102313,19-07-2024,32,Female,South,84100,22,MORTGAGE,High School,Car,585,0,3800,Approved,3230,13.77,48,Current,Good Loan,666.58,45.89
LN102314,16-10-2022,52,Male,Central,31800,2,MORTGAGE,High School,Home Improvement,338,2,29100,Rejected,0,,36,Not Funded,N/A,0,0
LN102315,25-12-2023,45,Female,South,34800,1,RENT,Bachelor's,Business,796,1,28400,Approved,28380,5.82,60,Fully Paid,Good Loan,28380,825.86
LN102316,11-06-2024,59,Male,South,64000,2,RENT,Master's,Personal,787,0,39400,Approved,33790,5.33,60,Fully Paid,Good Loan,33790,900.5
LN102317,29-09-2022,38,Female,Central,42500,19,RENT,Bachelor's,Personal,671,0,14300,Approved,12920,12.23,36,Fully Paid,Good Loan,12920,790.06
LN102318,25-12-2024,35,Female,North,57200,8,RENT,Bachelor's,Personal,848,2,6600,Approved,6270,5.47,12,Current,Good Loan,4365.36,119.39
LN102319,28-04-2023,52,Male,North,46700,3,OWN,Bachelor's,Home Improvement,709,2,4600,Rejected,0,,12,Not Funded,N/A,0,0
LN102320,24-07-2024,26,Male,East,53500,24,RENT,Bachelor's,Car,555,0,3800,Rejected,0,,12,Not Funded,N/A,0,0
LN102321,05-09-2022,64,Male,North,80300,0,RENT,Bachelor's,Car,775,0,32600,Approved,31690,8.74,60,Fully Paid,Good Loan,31690,1384.85
LN102322,05-06-2022,63,Female,Central,71700,11,MORTGAGE,Bachelor's,Debt Consolidation,510,0,29000,Rejected,0,,36,Not Funded,N/A,0,0
LN102323,06-12-2024,55,Male,South,81900,23,MORTGAGE,Bachelor's,Debt Consolidation,704,0,39100,Approved,37380,8.98,36,Charged Off,Bad Loan,7869.05,353.32
LN102324,30-03-2023,54,Male,East,72200,8,OWN,Bachelor's,Car,830,0,13100,Approved,11300,4.98,60,Fully Paid,Good Loan,11300,281.37
LN102325,20-07-2022,58,Male,North,74500,19,RENT,Bachelor's,Home Improvement,694,0,32300,Approved,29140,8.72,36,Fully Paid,Good Loan,29140,1270.5
LN102326,04-05-2022,25,Female,South,54100,4,OWN,Master's,Debt Consolidation,429,2,4600,Rejected,0,,24,Not Funded,N/A,0,0
LN102327,01-01-2022,38,Male,East,28200,19,RENT,High School,Debt Consolidation,324,0,36300,Rejected,0,,12,Not Funded,N/A,0,0
LN102328,25-08-2024,36,Female,East,51600,20,OWN,Bachelor's,Home Improvement,389,1,3000,Rejected,0,,36,Not Funded,N/A,0,0
LN102329,04-05-2024,28,Male,West,62500,1,MORTGAGE,PhD,Debt Consolidation,572,1,31700,Rejected,0,,60,Not Funded,N/A,0,0
LN102330,02-10-2023,45,Male,South,56000,20,MORTGAGE,PhD,Debt Consolidation,640,1,13000,Rejected,0,,36,Not Funded,N/A,0,0
LN102331,10-07-2022,52,Male,West,65400,23,RENT,High School,Debt Consolidation,511,0,8100,Approved,7280,15.35,60,Fully Paid,Good Loan,7280,558.74
LN102332,31-05-2023,46,Female,South,137000,8,MORTGAGE,Bachelor's,Car,647,0,28500,Approved,25040,9.61,36,Fully Paid,Good Loan,25040,1203.17
LN102333,18-03-2023,42,Female,East,43200,29,MORTGAGE,Bachelor's,Debt Consolidation,595,0,35900,Approved,35240,13.59,48,Current,Good Loan,8242.1,560.05
LN102334,23-05-2022,51,Male,East,45200,17,RENT,High School,Home Improvement,689,1,30800,Rejected,0,,24,Not Funded,N/A,0,0
LN102335,17-06-2023,63,Male,North,93300,9,RENT,Bachelor's,Business,387,0,13200,Rejected,0,,48,Not Funded,N/A,0,0
LN102336,15-08-2022,30,Female,East,57300,20,OWN,Bachelor's,Medical,726,0,14800,Approved,14670,9.6,36,Current,Good Loan,3472.77,166.69
LN102337,06-08-2024,32,Male,North,66500,21,MORTGAGE,Bachelor's,Debt Consolidation,469,0,8400,Rejected,0,,60,Not Funded,N/A,0,0
LN102338,05-04-2023,48,Male,East,41500,16,OWN,High School,Home Improvement,446,0,33100,Rejected,0,,36,Not Funded,N/A,0,0
LN102339,05-07-2023,26,Male,West,39000,4,MORTGAGE,Master's,Debt Consolidation,539,2,5200,Rejected,0,,60,Not Funded,N/A,0,0
LN102340,28-01-2023,40,Male,North,31500,5,RENT,Bachelor's,Personal,354,0,36200,Rejected,0,,12,Not Funded,N/A,0,0
LN102341,24-04-2024,25,Male,Central,58500,9,RENT,Bachelor's,Education,819,0,24400,Rejected,0,,12,Not Funded,N/A,0,0
LN102342,29-07-2022,43,Male,South,34900,1,OWN,Bachelor's,Debt Consolidation,598,0,24000,Rejected,0,,36,Not Funded,N/A,0,0
LN102343,08-10-2023,29,Male,Central,33000,6,MORTGAGE,PhD,Car,303,1,33700,Rejected,0,,12,Not Funded,N/A,0,0
LN102344,07-08-2022,49,Female,North,72900,3,RENT,PhD,Debt Consolidation,663,0,27000,Approved,26150,10.94,36,Fully Paid,Good Loan,26150,1430.4
LN102345,11-02-2023,36,Male,Central,40700,18,MORTGAGE,Bachelor's,Home Improvement,591,1,12900,Rejected,0,,12,Not Funded,N/A,0,0
LN102346,06-06-2024,42,Female,North,31600,27,RENT,Bachelor's,Business,688,0,14600,Approved,13060,10.2,24,Fully Paid,Good Loan,13060,666.06
LN102347,12-07-2023,28,Male,South,30100,19,OWN,Bachelor's,Business,770,0,7700,Approved,7200,8.28,48,Current,Good Loan,6034.26,249.82
LN102348,04-07-2023,40,Female,Central,81700,29,RENT,Bachelor's,Education,830,0,19100,Approved,17090,5.54,12,Current,Good Loan,3914.52,108.43
LN102349,22-05-2022,34,Male,South,51600,1,RENT,High School,Debt Consolidation,725,0,5300,Approved,5020,8.61,24,Charged Off,Bad Loan,1327.88,57.17
LN102350,04-09-2023,59,Female,North,45300,2,RENT,Bachelor's,Medical,698,0,26500,Approved,24180,6.69,48,Current,Good Loan,9164.47,306.55
LN102351,16-05-2023,57,Male,West,58500,24,RENT,Bachelor's,Home Improvement,603,0,7600,Approved,6710,13.39,60,Fully Paid,Good Loan,6710,449.23
LN102352,19-04-2024,54,Female,East,56100,1,MORTGAGE,High School,Debt Consolidation,403,0,34700,Rejected,0,,48,Not Funded,N/A,0,0
LN102353,03-12-2023,31,Male,East,42700,14,MORTGAGE,Bachelor's,Medical,630,0,28300,Approved,24160,11.69,48,Current,Good Loan,20174.1,1179.18
LN102354,19-08-2023,60,Male,North,46600,2,MORTGAGE,Bachelor's,Personal,663,0,35800,Rejected,0,,24,Not Funded,N/A,0,0
LN102355,08-10-2022,53,Female,West,75300,4,MORTGAGE,Bachelor's,Home Improvement,665,0,4400,Approved,4080,10.59,36,Charged Off,Bad Loan,1046.97,55.44
LN102356,28-02-2023,51,Male,North,78500,26,RENT,Master's,Business,381,0,32100,Rejected,0,,24,Not Funded,N/A,0,0
LN102357,05-05-2024,64,Male,Central,37200,4,MORTGAGE,High School,Education,384,0,35400,Rejected,0,,48,Not Funded,N/A,0,0
LN102358,27-09-2022,54,Female,West,96400,16,OWN,Master's,Car,518,0,2700,Approved,2590,17.02,48,Current,Good Loan,937.21,79.76
LN102359,03-06-2022,27,Male,West,133800,11,RENT,Bachelor's,Debt Consolidation,667,0,40000,Approved,35810,11.29,24,Fully Paid,Good Loan,35810,2021.47
LN102360,06-09-2023,43,Male,South,47500,30,RENT,High School,Business,541,0,12700,Approved,11510,14.92,12,Charged Off,Bad Loan,4270.7,318.59
LN102361,24-10-2023,27,Female,Central,47000,32,MORTGAGE,Bachelor's,Medical,461,0,9300,Approved,8390,15.07,48,Current,Good Loan,4608.25,347.23
LN102362,24-03-2022,45,Male,East,36200,28,RENT,Bachelor's,Debt Consolidation,478,0,17200,Rejected,0,,48,Not Funded,N/A,0,0
LN102363,04-08-2024,23,Female,Central,40100,2,RENT,Bachelor's,Business,391,0,1300,Rejected,0,,60,Not Funded,N/A,0,0
LN102364,17-06-2024,58,Male,South,62700,29,MORTGAGE,Bachelor's,Business,799,1,35600,Approved,30370,7.03,36,Charged Off,Bad Loan,7003.05,246.16
LN102365,11-10-2022,40,Female,West,153700,21,OWN,Master's,Car,805,1,11500,Approved,11240,6.68,24,Fully Paid,Good Loan,11240,375.42
LN102366,06-09-2024,54,Male,East,75200,31,MORTGAGE,Master's,Medical,468,0,21300,Rejected,0,,48,Not Funded,N/A,0,0
LN102367,22-06-2022,64,Female,North,46700,9,MORTGAGE,Master's,Debt Consolidation,686,0,25300,Approved,21660,8.97,12,Current,Good Loan,13135.92,589.15
LN102368,22-12-2024,64,Male,South,44800,31,RENT,Master's,Debt Consolidation,620,0,31900,Approved,30830,10.83,12,Current,Good Loan,9967.86,539.76
LN102369,02-02-2024,50,Male,North,40200,3,MORTGAGE,High School,Medical,400,0,10800,Rejected,0,,60,Not Funded,N/A,0,0
LN102370,25-09-2023,37,Female,South,87300,28,MORTGAGE,Bachelor's,Medical,595,0,29000,Approved,28160,11.57,12,Fully Paid,Good Loan,28160,1629.06
LN102371,26-02-2024,30,Male,South,48600,7,MORTGAGE,Master's,Debt Consolidation,492,0,5600,Approved,5270,14.52,24,Current,Good Loan,2159.55,156.78
LN102372,31-07-2024,55,Female,East,66500,19,RENT,Master's,Home Improvement,760,0,28500,Approved,25530,7.14,12,Current,Good Loan,17070.96,609.43
LN102373,08-10-2024,40,Female,East,48700,6,MORTGAGE,Bachelor's,Car,585,0,36900,Approved,34760,12.98,60,Current,Good Loan,11403.74,740.1
LN102374,02-02-2023,38,Male,East,140500,0,MORTGAGE,Master's,Debt Consolidation,515,0,4300,Approved,3980,15.58,60,Current,Good Loan,1072.38,83.54
LN102375,22-07-2024,64,Female,North,42600,24,MORTGAGE,High School,Home Improvement,755,1,5600,Approved,5290,6.63,12,Fully Paid,Good Loan,5290,175.36
LN102376,07-11-2023,47,Male,West,39500,25,RENT,Bachelor's,Education,527,0,22700,Rejected,0,,48,Not Funded,N/A,0,0
LN102377,24-07-2024,56,Male,Central,43600,8,RENT,Bachelor's,Medical,660,0,2800,Rejected,0,,12,Not Funded,N/A,0,0
LN102378,10-04-2023,43,Male,South,65600,22,RENT,Bachelor's,Education,342,0,8300,Rejected,0,,60,Not Funded,N/A,0,0
LN102379,13-10-2022,52,Female,North,103300,1,RENT,Bachelor's,Home Improvement,480,0,8400,Rejected,0,,48,Not Funded,N/A,0,0
LN102380,22-09-2022,30,Male,East,65600,25,MORTGAGE,Master's,Personal,810,0,19800,Approved,18490,7.75,60,Charged Off,Bad Loan,6807.29,263.78
LN102381,16-11-2022,31,Female,West,74500,13,MORTGAGE,High School,Debt Consolidation,761,0,10700,Approved,10040,7.1,48,Fully Paid,Good Loan,10040,356.42
LN102382,04-11-2023,58,Male,West,69900,30,MORTGAGE,Master's,Business,585,0,19500,Approved,17070,12.49,12,Fully Paid,Good Loan,17070,1066.02
LN102383,30-03-2024,26,Female,East,25600,25,OWN,Bachelor's,Business,596,0,21300,Rejected,0,,36,Not Funded,N/A,0,0
LN102384,30-03-2022,61,Male,North,53800,18,RENT,Bachelor's,Debt Consolidation,336,0,29500,Rejected,0,,24,Not Funded,N/A,0,0
LN102385,31-03-2024,54,Female,West,47000,4,MORTGAGE,Bachelor's,Business,382,1,37900,Rejected,0,,48,Not Funded,N/A,0,0
LN102386,27-09-2024,56,Male,South,50800,5,RENT,Master's,Debt Consolidation,556,0,20600,Rejected,0,,60,Not Funded,N/A,0,0
LN102387,30-11-2022,57,Male,South,37400,34,RENT,Bachelor's,Home Improvement,516,0,14800,Approved,13840,14.3,60,Fully Paid,Good Loan,13840,989.56
LN102388,10-08-2022,37,Male,North,80100,15,RENT,High School,Home Improvement,821,0,11100,Approved,10180,6.96,36,Fully Paid,Good Loan,10180,354.26
LN102389,10-02-2022,60,Female,South,55400,30,OWN,Bachelor's,Medical,325,0,25800,Rejected,0,,60,Not Funded,N/A,0,0
LN102390,09-03-2022,60,Male,East,55200,17,RENT,High School,Personal,550,0,37800,Approved,36910,10.62,60,Fully Paid,Good Loan,36910,1959.92
LN102391,14-09-2024,32,Female,West,50700,13,RENT,Bachelor's,Debt Consolidation,514,0,30800,Approved,29050,12.79,60,Fully Paid,Good Loan,29050,1857.75
LN102392,29-05-2023,41,Male,Central,40800,24,MORTGAGE,High School,Personal,619,0,9000,Approved,8520,12.17,48,Fully Paid,Good Loan,8520,518.44
LN102393,26-11-2023,60,Female,North,24300,14,RENT,Bachelor's,Personal,710,0,35800,Approved,32480,8.91,48,Charged Off,Bad Loan,12315.39,548.65
LN102394,05-11-2024,39,Male,Central,61200,25,RENT,Bachelor's,Debt Consolidation,758,0,29700,Approved,28710,7.43,24,Fully Paid,Good Loan,28710,1066.58
LN102395,22-04-2023,23,Male,West,57000,10,MORTGAGE,High School,Personal,623,0,6000,Approved,5240,10.18,36,Fully Paid,Good Loan,5240,266.72
LN102396,21-12-2024,38,Male,South,68900,6,RENT,Master's,Business,829,0,28800,Approved,26220,5.66,12,Charged Off,Bad Loan,5545.71,156.94
LN102397,30-05-2024,39,Male,Central,56000,17,OWN,Bachelor's,Car,638,0,12300,Approved,10540,11.39,36,Fully Paid,Good Loan,10540,600.25
LN102398,08-03-2023,26,Male,West,33300,19,MORTGAGE,Bachelor's,Personal,527,0,20200,Approved,17520,13.67,24,Current,Good Loan,3835.48,262.16
LN102399,25-09-2022,36,Female,South,37900,1,RENT,Master's,Car,535,0,12700,Rejected,0,,48,Not Funded,N/A,0,0
LN102400,24-11-2024,28,Female,Central,99000,25,RENT,Bachelor's,Home Improvement,665,0,4300,Approved,3940,11.06,48,Charged Off,Bad Loan,172.52,9.54
LN102401,18-02-2024,38,Female,West,62500,22,MORTGAGE,Bachelor's,Education,733,0,31000,Approved,29590,8.03,36,Current,Good Loan,13581.83,545.31
LN102402,09-05-2023,63,Male,West,77800,31,RENT,Bachelor's,Business,748,1,33300,Rejected,0,,12,Not Funded,N/A,0,0
LN102403,23-10-2023,59,Male,Central,81900,12,MORTGAGE,Bachelor's,Home Improvement,806,1,10000,Approved,8540,6.28,48,Fully Paid,Good Loan,8540,268.16
LN102404,09-10-2024,32,Female,South,34800,12,MORTGAGE,Bachelor's,Debt Consolidation,575,2,10300,Rejected,0,,48,Not Funded,N/A,0,0
LN102405,24-11-2024,30,Male,West,46500,16,MORTGAGE,High School,Home Improvement,361,0,17800,Rejected,0,,36,Not Funded,N/A,0,0
LN102406,03-09-2024,27,Female,West,73600,24,MORTGAGE,Bachelor's,Car,630,0,32600,Approved,31240,11.21,36,Current,Good Loan,25017.86,1402.25
LN102407,27-04-2023,21,Male,South,37500,21,OWN,Bachelor's,Car,486,0,4000,Rejected,0,,12,Not Funded,N/A,0,0
LN102408,29-12-2023,56,Female,North,45100,26,RENT,Bachelor's,Personal,836,0,32500,Approved,29150,4.42,12,Current,Good Loan,17846.71,394.41
LN102409,25-04-2023,41,Male,West,42900,16,RENT,Bachelor's,Debt Consolidation,804,0,37000,Approved,34900,7.67,36,Fully Paid,Good Loan,34900,1338.42
LN102410,24-12-2024,57,Female,North,38900,25,MORTGAGE,Bachelor's,Education,620,0,22900,Rejected,0,,12,Not Funded,N/A,0,0
LN102411,28-10-2024,44,Male,West,51100,13,RENT,Bachelor's,Education,492,0,3400,Approved,3270,13.5,24,Charged Off,Bad Loan,1098.53,74.15
LN102412,09-12-2022,45,Female,Central,43500,13,MORTGAGE,Bachelor's,Debt Consolidation,553,0,11500,Rejected,0,,36,Not Funded,N/A,0,0
LN102413,28-11-2022,27,Male,South,45300,11,MORTGAGE,High School,Home Improvement,613,0,5300,Rejected,0,,60,Not Funded,N/A,0,0
LN102414,14-03-2023,62,Female,North,61100,4,RENT,Bachelor's,Home Improvement,523,0,11100,Rejected,0,,12,Not Funded,N/A,0,0
LN102415,23-06-2022,37,Female,South,84900,3,RENT,Master's,Personal,730,0,32700,Approved,31780,7.66,36,Current,Good Loan,11675.35,447.17
LN102416,13-07-2023,49,Male,East,76400,28,MORTGAGE,Bachelor's,Personal,655,0,3200,Approved,3090,11.43,60,Charged Off,Bad Loan,430.8,24.62
LN102417,11-06-2023,50,Male,Central,58700,24,MORTGAGE,Master's,Car,726,0,12100,Approved,12060,8.39,24,Current,Good Loan,8212.88,344.53
LN102418,21-10-2023,27,Male,East,113300,3,RENT,Bachelor's,Business,691,0,21200,Approved,18350,7.33,24,Fully Paid,Good Loan,18350,672.53
LN102419,26-01-2022,53,Male,North,72900,15,MORTGAGE,Master's,Debt Consolidation,521,0,35100,Rejected,0,,48,Not Funded,N/A,0,0
LN102420,30-03-2024,27,Male,East,77800,1,MORTGAGE,High School,Personal,402,0,10700,Approved,9400,16.52,60,Fully Paid,Good Loan,9400,776.44
LN102421,28-08-2023,44,Male,West,50300,22,RENT,High School,Debt Consolidation,617,0,31400,Rejected,0,,60,Not Funded,N/A,0,0
LN102422,10-02-2023,31,Male,South,45500,3,RENT,High School,Business,836,2,23800,Rejected,0,,60,Not Funded,N/A,0,0
LN102423,20-08-2022,29,Female,West,64200,19,RENT,Master's,Debt Consolidation,518,0,27400,Rejected,0,,24,Not Funded,N/A,0,0
LN102424,17-06-2023,32,Female,South,81500,16,MORTGAGE,Bachelor's,Personal,737,1,34600,Approved,31600,9.4,48,Current,Good Loan,16127.29,757.98
LN102425,20-05-2023,55,Male,West,58600,5,MORTGAGE,Bachelor's,Debt Consolidation,468,2,2000,Rejected,0,,24,Not Funded,N/A,0,0
LN102426,28-06-2022,24,Female,South,40700,17,OWN,Master's,Debt Consolidation,371,0,21700,Rejected,0,,36,Not Funded,N/A,0,0
LN102427,12-05-2022,56,Female,South,30400,19,RENT,High School,Medical,755,0,30100,Approved,26050,7.14,60,Fully Paid,Good Loan,26050,929.98
LN102428,14-12-2022,48,Male,Central,26600,33,OWN,Bachelor's,Debt Consolidation,374,1,35500,Rejected,0,,60,Not Funded,N/A,0,0
LN102429,24-06-2023,33,Male,East,55200,23,MORTGAGE,Bachelor's,Personal,562,0,6200,Rejected,0,,48,Not Funded,N/A,0,0
LN102430,11-02-2024,43,Male,South,78200,17,RENT,Bachelor's,Home Improvement,768,2,14300,Approved,14240,6.17,48,Fully Paid,Good Loan,14240,439.3
LN102431,17-03-2022,39,Female,Central,19200,29,RENT,High School,Personal,817,0,4100,Approved,3680,5.28,60,Current,Good Loan,2991.14,78.97
LN102432,02-08-2023,62,Female,West,41200,0,MORTGAGE,Bachelor's,Education,498,0,33600,Rejected,0,,24,Not Funded,N/A,0,0
LN102433,03-05-2024,57,Male,South,38300,22,MORTGAGE,Bachelor's,Education,637,1,34400,Rejected,0,,48,Not Funded,N/A,0,0
LN102434,13-07-2022,59,Female,East,64300,28,MORTGAGE,High School,Personal,337,0,19900,Rejected,0,,60,Not Funded,N/A,0,0
LN102435,13-12-2022,44,Male,Central,40100,31,MORTGAGE,High School,Business,618,0,1800,Approved,1570,12.3,36,Current,Good Loan,962.74,59.21
LN102436,08-08-2024,36,Male,West,31100,1,RENT,High School,Home Improvement,439,0,5000,Approved,4440,16.49,48,Fully Paid,Good Loan,4440,366.08
LN102437,02-08-2022,53,Female,South,41200,16,RENT,Bachelor's,Debt Consolidation,547,1,25300,Rejected,0,,12,Not Funded,N/A,0,0
LN102438,27-07-2023,32,Female,East,38400,1,RENT,High School,Debt Consolidation,726,0,39300,Approved,38570,8.15,36,Current,Good Loan,33656.59,1371.51
LN102439,19-02-2024,54,Male,East,54500,3,RENT,Bachelor's,Medical,494,0,33700,Approved,29720,13.3,60,Charged Off,Bad Loan,3720.19,247.39
LN102440,19-09-2022,27,Male,West,49200,33,MORTGAGE,Master's,Debt Consolidation,514,0,32100,Rejected,0,,48,Not Funded,N/A,0,0
LN102441,31-12-2023,31,Female,North,66100,0,OWN,Master's,Home Improvement,840,0,17300,Approved,15230,4.76,48,Current,Good Loan,7655.5,182.2
LN102442,10-10-2022,51,Female,West,54000,22,RENT,Master's,Home Improvement,688,0,39400,Approved,36740,8.59,24,Fully Paid,Good Loan,36740,1577.98
LN102443,28-12-2022,49,Female,North,85500,5,MORTGAGE,Bachelor's,Education,728,0,33200,Approved,30040,8.35,60,Fully Paid,Good Loan,30040,1254.17
LN102444,17-03-2023,33,Male,West,44300,15,RENT,Bachelor's,Debt Consolidation,451,0,14100,Rejected,0,,12,Not Funded,N/A,0,0
LN102445,03-04-2022,51,Male,Central,71600,1,RENT,Bachelor's,Car,402,1,30200,Rejected,0,,60,Not Funded,N/A,0,0
LN102446,23-01-2024,22,Male,North,62500,11,RENT,PhD,Debt Consolidation,704,0,17900,Approved,15890,8.16,48,Current,Good Loan,10020.47,408.84
LN102447,16-05-2024,59,Male,South,47400,26,RENT,Master's,Medical,587,0,26800,Rejected,0,,48,Not Funded,N/A,0,0
LN102448,22-05-2022,35,Female,East,73800,18,RENT,Bachelor's,Car,432,1,38800,Rejected,0,,12,Not Funded,N/A,0,0
LN102449,19-01-2024,31,Male,West,37800,27,RENT,Bachelor's,Debt Consolidation,745,0,10600,Approved,10210,8.01,36,Fully Paid,Good Loan,10210,408.91
LN102450,15-10-2023,54,Male,South,94600,34,RENT,Bachelor's,Car,701,0,32000,Approved,29040,9.63,60,Fully Paid,Good Loan,29040,1398.28
LN102451,02-12-2023,59,Male,West,38200,3,RENT,High School,Medical,334,1,24000,Rejected,0,,60,Not Funded,N/A,0,0
LN102452,24-09-2024,24,Male,Central,29600,6,MORTGAGE,Master's,Car,643,0,38000,Approved,36060,9.46,60,Charged Off,Bad Loan,10344.55,489.3
LN102453,18-02-2022,31,Female,West,28600,24,RENT,Bachelor's,Business,783,0,6200,Approved,6020,8.14,24,Fully Paid,Good Loan,6020,245.01
LN102454,30-05-2024,49,Female,West,56400,16,OWN,Bachelor's,Debt Consolidation,820,1,29100,Approved,28490,5.25,12,Charged Off,Bad Loan,2527.51,66.35
LN102455,09-07-2023,22,Male,South,42000,13,MORTGAGE,High School,Personal,687,0,2400,Approved,2240,10.8,36,Current,Good Loan,1199.24,64.76
LN102456,08-02-2023,36,Female,Central,58800,1,OWN,High School,Medical,844,1,10600,Approved,9830,4.71,60,Fully Paid,Good Loan,9830,231.5
LN102457,10-06-2024,59,Female,South,33000,23,MORTGAGE,High School,Debt Consolidation,310,0,13500,Rejected,0,,36,Not Funded,N/A,0,0
LN102458,14-05-2024,33,Female,North,67500,14,MORTGAGE,High School,Personal,437,0,17900,Rejected,0,,36,Not Funded,N/A,0,0
LN102459,25-08-2023,57,Male,South,58900,32,RENT,Bachelor's,Personal,430,0,38600,Rejected,0,,36,Not Funded,N/A,0,0
LN102460,07-12-2022,37,Male,West,44100,11,MORTGAGE,High School,Home Improvement,698,0,3600,Approved,3100,9.8,48,Fully Paid,Good Loan,3100,151.9
LN102461,05-12-2023,41,Male,Central,71800,18,RENT,PhD,Debt Consolidation,550,0,7600,Approved,7150,12.29,60,Charged Off,Bad Loan,63.87,3.92
LN102462,14-11-2022,64,Female,North,70200,4,RENT,Bachelor's,Business,665,0,8900,Approved,8350,10.31,60,Current,Good Loan,4271.91,220.22
LN102463,10-09-2023,39,Female,West,56500,0,RENT,Bachelor's,Personal,720,0,17500,Approved,15690,9.71,60,Charged Off,Bad Loan,1233.23,59.87
LN102464,17-01-2023,27,Male,West,80800,8,MORTGAGE,Bachelor's,Debt Consolidation,723,0,3400,Approved,2910,10.42,12,Charged Off,Bad Loan,613.01,31.94
LN102465,21-08-2022,58,Male,East,89300,33,RENT,High School,Business,461,0,38700,Rejected,0,,24,Not Funded,N/A,0,0
LN102466,27-03-2024,28,Male,West,38000,28,OWN,Master's,Medical,394,0,22800,Rejected,0,,24,Not Funded,N/A,0,0
LN102467,07-07-2023,33,Male,North,90200,1,RENT,Bachelor's,Debt Consolidation,461,0,32700,Rejected,0,,24,Not Funded,N/A,0,0
LN102468,05-05-2024,57,Female,North,36100,18,OWN,High School,Business,660,0,31100,Approved,28970,10.2,24,Fully Paid,Good Loan,28970,1477.47
LN102469,29-03-2024,22,Male,Central,76700,27,RENT,High School,Debt Consolidation,528,0,26800,Rejected,0,,48,Not Funded,N/A,0,0
LN102470,02-07-2022,61,Male,East,83000,34,MORTGAGE,Bachelor's,Business,415,0,36300,Rejected,0,,12,Not Funded,N/A,0,0
LN102471,30-11-2024,31,Female,South,50100,21,MORTGAGE,Bachelor's,Home Improvement,520,0,36200,Approved,33910,14.78,12,Fully Paid,Good Loan,33910,2505.95
LN102472,01-02-2023,44,Male,West,52900,3,MORTGAGE,Bachelor's,Debt Consolidation,762,0,6000,Approved,5400,6.93,48,Fully Paid,Good Loan,5400,187.11
LN102473,18-02-2024,26,Female,Central,47400,7,RENT,Bachelor's,Car,614,0,36200,Approved,34400,10.55,60,Fully Paid,Good Loan,34400,1814.6
LN102474,25-06-2024,46,Male,East,37400,0,MORTGAGE,Bachelor's,Home Improvement,629,0,21400,Approved,21250,10.15,48,Fully Paid,Good Loan,21250,1078.44
LN102475,07-05-2022,27,Male,South,40700,6,RENT,Bachelor's,Education,585,2,11500,Rejected,0,,24,Not Funded,N/A,0,0
LN102476,01-01-2022,59,Male,East,67700,24,MORTGAGE,Bachelor's,Medical,481,0,24700,Rejected,0,,12,Not Funded,N/A,0,0
LN102477,19-01-2022,39,Female,West,79600,28,MORTGAGE,Bachelor's,Debt Consolidation,755,0,12000,Approved,11770,6.55,48,Charged Off,Bad Loan,2953.37,96.72
LN102478,07-08-2023,26,Male,North,53800,0,RENT,High School,Debt Consolidation,574,0,19700,Approved,18540,12.85,24,Fully Paid,Good Loan,18540,1191.2
LN102479,01-04-2023,63,Male,North,34400,17,RENT,Bachelor's,Debt Consolidation,336,0,32800,Rejected,0,,24,Not Funded,N/A,0,0
LN102480,14-08-2024,49,Female,South,32300,3,RENT,High School,Home Improvement,742,0,2300,Rejected,0,,36,Not Funded,N/A,0,0
LN102481,21-03-2023,63,Male,East,51700,19,OWN,High School,Car,335,1,8100,Rejected,0,,60,Not Funded,N/A,0,0
LN102482,25-08-2023,59,Male,South,42700,7,MORTGAGE,Bachelor's,Medical,367,0,38300,Rejected,0,,60,Not Funded,N/A,0,0
LN102483,13-04-2022,22,Male,South,92400,26,RENT,Bachelor's,Car,709,0,18400,Approved,17880,8.7,60,Current,Good Loan,7906.82,343.95
LN102484,14-09-2024,39,Male,North,39500,34,RENT,High School,Medical,659,0,12800,Approved,11480,9.88,12,Fully Paid,Good Loan,11480,567.11
LN102485,04-06-2023,24,Female,North,70900,24,RENT,High School,Debt Consolidation,420,0,37000,Rejected,0,,12,Not Funded,N/A,0,0
LN102486,08-05-2024,26,Female,South,41000,13,RENT,PhD,Home Improvement,781,0,36500,Approved,32420,7.91,12,Current,Good Loan,23679.56,936.53
LN102487,23-06-2022,57,Female,East,47700,30,MORTGAGE,Bachelor's,Debt Consolidation,588,0,2700,Approved,2530,13.52,12,Charged Off,Bad Loan,62.01,4.19
LN102488,01-10-2024,48,Female,East,58500,4,MORTGAGE,High School,Debt Consolidation,389,2,15100,Rejected,0,,24,Not Funded,N/A,0,0
LN102489,07-03-2023,50,Male,East,68400,16,MORTGAGE,High School,Business,511,0,36600,Rejected,0,,60,Not Funded,N/A,0,0
LN102490,28-12-2023,27,Female,South,65500,9,OWN,Bachelor's,Home Improvement,371,2,8000,Rejected,0,,12,Not Funded,N/A,0,0
LN102491,29-04-2024,29,Male,South,42100,15,MORTGAGE,Bachelor's,Business,589,0,23600,Rejected,0,,60,Not Funded,N/A,0,0
LN102492,16-09-2024,45,Male,South,56700,3,MORTGAGE,High School,Debt Consolidation,666,0,13500,Approved,11850,9.71,24,Current,Good Loan,3400.2,165.08
LN102493,01-10-2023,53,Male,North,45800,4,MORTGAGE,Bachelor's,Business,326,1,29700,Rejected,0,,12,Not Funded,N/A,0,0
LN102494,24-02-2023,21,Male,North,28500,19,MORTGAGE,Bachelor's,Debt Consolidation,719,0,7200,Approved,6800,9.12,36,Charged Off,Bad Loan,1892.8,86.31
LN102495,17-08-2023,26,Female,South,60100,5,OWN,Bachelor's,Home Improvement,661,0,24200,Approved,22760,9.4,48,Charged Off,Bad Loan,3645.19,171.32
LN102496,30-04-2023,38,Male,Central,95600,10,MORTGAGE,PhD,Home Improvement,754,0,1000,Approved,900,6.81,12,Current,Good Loan,186.46,6.35
LN102497,16-02-2023,30,Male,South,108500,16,RENT,High School,Debt Consolidation,771,0,10800,Approved,10450,6.73,12,Fully Paid,Good Loan,10450,351.64
LN102498,24-07-2024,48,Male,Central,62500,2,OWN,Master's,Home Improvement,668,0,7300,Rejected,0,,36,Not Funded,N/A,0,0
LN102499,28-11-2022,31,Male,South,60700,15,MORTGAGE,Master's,Debt Consolidation,625,0,9200,Approved,8280,7.11,24,Fully Paid,Good Loan,8280,294.35
LN102500,17-10-2023,53,Male,South,16700,25,RENT,Bachelor's,Home Improvement,709,0,34600,Approved,32950,8.82,48,Charged Off,Bad Loan,7242.75,319.41
LN102501,10-02-2022,21,Female,West,184800,23,MORTGAGE,Master's,Debt Consolidation,802,1,36700,Approved,34730,5.44,24,Current,Good Loan,7003.21,190.49
LN102502,16-08-2024,33,Male,North,103100,33,RENT,Bachelor's,Personal,324,0,30400,Rejected,0,,36,Not Funded,N/A,0,0
LN102503,15-04-2022,57,Female,North,76200,19,MORTGAGE,Master's,Debt Consolidation,460,0,24000,Rejected,0,,12,Not Funded,N/A,0,0
LN102504,21-07-2022,40,Male,Central,56000,16,OWN,Bachelor's,Personal,494,0,10000,Rejected,0,,48,Not Funded,N/A,0,0
LN102505,26-03-2023,21,Male,East,19900,19,RENT,High School,Business,720,1,11700,Rejected,0,,24,Not Funded,N/A,0,0
LN102506,28-06-2024,23,Female,North,58800,15,OWN,Bachelor's,Business,312,0,13100,Rejected,0,,12,Not Funded,N/A,0,0
LN102507,29-07-2022,38,Female,North,55000,3,MORTGAGE,High School,Medical,706,0,31300,Approved,26660,10.61,60,Charged Off,Bad Loan,9412.53,499.33
LN102508,17-07-2023,61,Male,Central,28700,17,MORTGAGE,High School,Education,654,1,10900,Rejected,0,,36,Not Funded,N/A,0,0
LN102509,14-12-2023,34,Female,Central,66300,34,RENT,Bachelor's,Debt Consolidation,545,0,39000,Rejected,0,,24,Not Funded,N/A,0,0
LN102510,10-02-2024,51,Female,South,94500,29,RENT,Master's,Debt Consolidation,387,0,32100,Rejected,0,,60,Not Funded,N/A,0,0
LN102511,30-03-2023,47,Female,North,63100,17,MORTGAGE,Bachelor's,Medical,738,0,40000,Approved,36650,7.61,24,Fully Paid,Good Loan,36650,1394.53
LN102512,29-10-2023,37,Female,West,63100,20,RENT,Master's,Debt Consolidation,720,0,18900,Approved,17730,6.72,24,Current,Good Loan,5893.84,198.03
LN102513,21-09-2023,49,Female,South,64900,31,MORTGAGE,High School,Business,555,0,24000,Approved,23800,16.32,60,Fully Paid,Good Loan,23800,1942.08
LN102514,22-01-2023,56,Male,South,46900,4,MORTGAGE,Bachelor's,Personal,575,1,11900,Rejected,0,,36,Not Funded,N/A,0,0
LN102515,23-10-2022,57,Female,West,76200,22,OWN,Bachelor's,Business,306,0,24500,Rejected,0,,36,Not Funded,N/A,0,0
LN102516,15-09-2022,46,Male,South,107500,29,RENT,High School,Debt Consolidation,799,0,39000,Approved,35370,7.67,60,Fully Paid,Good Loan,35370,1356.44
LN102517,25-09-2022,37,Female,East,55200,26,RENT,High School,Debt Consolidation,545,0,2200,Approved,1980,13.48,36,Current,Good Loan,1222.39,82.39
LN102518,23-02-2023,42,Male,Central,38600,14,MORTGAGE,Master's,Debt Consolidation,645,0,12300,Approved,11610,9.68,48,Current,Good Loan,5516.67,267.01
LN102519,23-08-2022,45,Male,West,29000,13,MORTGAGE,Bachelor's,Education,503,0,12000,Rejected,0,,48,Not Funded,N/A,0,0
LN102520,12-09-2024,22,Male,South,67900,20,OWN,Bachelor's,Business,781,1,39300,Approved,35460,7.98,12,Current,Good Loan,8154.66,325.37
LN102521,28-07-2023,42,Male,South,71400,33,MORTGAGE,Master's,Business,779,1,6200,Approved,5980,7.77,60,Fully Paid,Good Loan,5980,232.32
LN102522,18-02-2022,25,Male,South,63800,25,MORTGAGE,PhD,Debt Consolidation,393,0,32700,Rejected,0,,48,Not Funded,N/A,0,0
LN102523,11-08-2022,24,Female,South,48700,24,RENT,Master's,Debt Consolidation,609,0,11700,Approved,11040,10.72,24,Current,Good Loan,9495.41,508.95
LN102524,09-07-2024,56,Female,East,61400,30,RENT,Master's,Personal,819,0,34600,Approved,32680,4,36,Fully Paid,Good Loan,32680,653.6
LN102525,04-10-2022,26,Female,South,42600,5,RENT,High School,Debt Consolidation,729,2,20000,Rejected,0,,48,Not Funded,N/A,0,0
LN102526,24-02-2023,41,Male,North,39300,3,RENT,High School,Home Improvement,469,0,10400,Rejected,0,,48,Not Funded,N/A,0,0
LN102527,03-09-2023,33,Female,North,34600,23,MORTGAGE,PhD,Debt Consolidation,418,0,28700,Rejected,0,,60,Not Funded,N/A,0,0
LN102528,10-01-2023,57,Male,South,34800,30,MORTGAGE,Bachelor's,Debt Consolidation,362,0,33800,Rejected,0,,24,Not Funded,N/A,0,0
LN102529,14-03-2022,45,Male,East,68800,18,MORTGAGE,Bachelor's,Personal,416,2,19300,Rejected,0,,48,Not Funded,N/A,0,0
LN102530,19-11-2024,46,Female,East,48000,10,MORTGAGE,High School,Debt Consolidation,408,0,28800,Rejected,0,,24,Not Funded,N/A,0,0
LN102531,14-07-2022,59,Female,East,39900,28,MORTGAGE,Master's,Education,792,0,8100,Approved,7910,6.75,36,Current,Good Loan,3730.52,125.91
LN102532,26-04-2024,40,Male,West,29400,4,MORTGAGE,High School,Home Improvement,716,0,37600,Approved,34320,9.98,36,Fully Paid,Good Loan,34320,1712.57
LN102533,30-11-2024,53,Male,West,73300,17,MORTGAGE,High School,Education,624,0,4800,Approved,4330,11.75,36,Current,Good Loan,1791.7,105.26
LN102534,22-12-2024,34,Male,South,87700,2,RENT,High School,Car,539,0,9700,Rejected,0,,12,Not Funded,N/A,0,0
LN102535,23-01-2022,56,Male,North,34200,10,RENT,Bachelor's,Debt Consolidation,815,0,12200,Approved,11060,8.76,60,Current,Good Loan,4959.03,217.21
LN102536,26-12-2022,37,Male,East,51200,20,MORTGAGE,Bachelor's,Debt Consolidation,551,0,7000,Rejected,0,,36,Not Funded,N/A,0,0
LN102537,14-07-2023,41,Female,South,35600,29,MORTGAGE,Bachelor's,Debt Consolidation,485,0,16900,Approved,14710,15.43,12,Fully Paid,Good Loan,14710,1134.88
LN102538,03-11-2023,36,Female,North,50800,18,MORTGAGE,High School,Home Improvement,712,0,18900,Approved,17600,9.11,12,Charged Off,Bad Loan,1725.14,78.58
LN102539,10-11-2023,36,Female,Central,71200,24,RENT,Master's,Business,803,1,21200,Approved,19060,6.12,60,Fully Paid,Good Loan,19060,583.24
LN102540,16-03-2023,40,Male,South,112200,34,RENT,PhD,Personal,832,2,2600,Rejected,0,,36,Not Funded,N/A,0,0
LN102541,21-07-2024,49,Female,East,44300,11,RENT,High School,Debt Consolidation,453,0,9500,Rejected,0,,60,Not Funded,N/A,0,0
LN102542,07-01-2022,48,Male,East,74200,25,RENT,Master's,Medical,523,0,32500,Rejected,0,,60,Not Funded,N/A,0,0
LN102543,25-02-2023,28,Male,North,75100,4,MORTGAGE,PhD,Debt Consolidation,717,0,32600,Approved,29070,10.3,48,Current,Good Loan,9477.12,488.07
LN102544,12-04-2024,44,Male,North,50600,18,MORTGAGE,Bachelor's,Debt Consolidation,784,0,13900,Approved,12170,5.88,60,Current,Good Loan,3042.59,89.45
LN102545,13-07-2023,23,Female,East,91300,26,MORTGAGE,High School,Education,459,0,19000,Rejected,0,,12,Not Funded,N/A,0,0
LN102546,02-07-2024,45,Female,South,46700,28,RENT,PhD,Personal,350,0,8200,Rejected,0,,36,Not Funded,N/A,0,0
LN102547,03-10-2024,39,Male,South,65900,11,RENT,High School,Debt Consolidation,579,0,33100,Approved,30930,12.31,60,Fully Paid,Good Loan,30930,1903.74
LN102548,06-05-2022,53,Male,Central,41900,18,MORTGAGE,High School,Debt Consolidation,471,0,38300,Rejected,0,,12,Not Funded,N/A,0,0
LN102549,30-01-2023,22,Male,South,68800,8,MORTGAGE,Bachelor's,Education,631,0,12400,Approved,11440,10.98,36,Current,Good Loan,9437.21,518.1
LN102550,27-03-2024,35,Female,North,65800,17,OWN,Bachelor's,Medical,592,0,31500,Rejected,0,,24,Not Funded,N/A,0,0
LN102551,30-05-2024,42,Male,South,92400,28,RENT,Bachelor's,Car,365,0,14700,Rejected,0,,12,Not Funded,N/A,0,0
LN102552,30-07-2023,30,Male,East,123700,2,MORTGAGE,Bachelor's,Debt Consolidation,569,1,1100,Approved,1010,13.45,24,Current,Good Loan,790.76,53.18
LN102553,21-11-2022,38,Female,South,81800,22,MORTGAGE,Bachelor's,Medical,643,0,24400,Approved,23540,10.91,24,Fully Paid,Good Loan,23540,1284.11
LN102554,18-07-2024,42,Male,North,73300,29,OWN,Bachelor's,Home Improvement,570,0,17000,Rejected,0,,48,Not Funded,N/A,0,0
LN102555,12-04-2024,47,Male,South,45400,23,OWN,Bachelor's,Business,360,0,30600,Rejected,0,,24,Not Funded,N/A,0,0
LN102556,20-11-2024,33,Male,North,19500,3,OWN,Bachelor's,Debt Consolidation,435,2,30200,Rejected,0,,12,Not Funded,N/A,0,0
LN102557,16-04-2024,53,Female,East,97200,27,OWN,Master's,Debt Consolidation,558,0,37900,Approved,36210,12.24,60,Current,Good Loan,19956.63,1221.35
LN102558,14-07-2024,25,Male,East,124900,15,MORTGAGE,Master's,Personal,555,1,18100,Approved,17400,13.44,36,Charged Off,Bad Loan,1532.03,102.95
LN102559,19-03-2023,46,Female,North,62400,12,RENT,Bachelor's,Business,630,1,19800,Rejected,0,,48,Not Funded,N/A,0,0
LN102560,16-03-2022,33,Female,South,34400,7,MORTGAGE,High School,Debt Consolidation,692,0,16600,Approved,15450,7.4,36,Fully Paid,Good Loan,15450,571.65
LN102561,11-07-2023,47,Male,South,100700,24,RENT,Master's,Medical,843,1,12600,Approved,12130,4,12,Fully Paid,Good Loan,12130,242.6
LN102562,29-12-2022,34,Male,East,89100,1,RENT,High School,Education,553,0,25900,Approved,23060,13.63,60,Fully Paid,Good Loan,23060,1571.54
LN102563,24-03-2023,44,Male,South,21700,29,MORTGAGE,High School,Home Improvement,566,1,33300,Rejected,0,,24,Not Funded,N/A,0,0
LN102564,19-09-2022,23,Male,South,57700,2,MORTGAGE,Master's,Business,306,0,7200,Rejected,0,,24,Not Funded,N/A,0,0
LN102565,05-05-2022,50,Female,Central,60400,22,MORTGAGE,Bachelor's,Home Improvement,738,0,39300,Approved,37280,8.38,12,Current,Good Loan,17700.21,741.64
LN102566,29-06-2024,55,Female,North,26300,28,RENT,Bachelor's,Debt Consolidation,850,0,27700,Approved,23870,5.02,12,Fully Paid,Good Loan,23870,599.14
LN102567,02-09-2022,34,Male,Central,33300,29,MORTGAGE,Master's,Personal,303,0,31400,Rejected,0,,36,Not Funded,N/A,0,0
LN102568,26-06-2023,32,Male,North,88500,10,OWN,PhD,Business,841,1,40000,Approved,37110,7.04,36,Fully Paid,Good Loan,37110,1306.27
LN102569,30-04-2023,48,Male,South,55900,20,MORTGAGE,Bachelor's,Car,606,1,20700,Rejected,0,,36,Not Funded,N/A,0,0
LN102570,02-05-2022,64,Male,East,35300,26,MORTGAGE,Master's,Business,761,1,3800,Rejected,0,,24,Not Funded,N/A,0,0
LN102571,05-05-2022,49,Female,North,40100,23,MORTGAGE,Bachelor's,Education,847,0,31800,Approved,30150,4.38,12,Current,Good Loan,11090.98,242.89
LN102572,19-06-2022,63,Male,North,31600,30,OWN,High School,Debt Consolidation,650,0,35000,Approved,34350,11.7,48,Fully Paid,Good Loan,34350,2009.48
LN102573,04-05-2022,37,Female,South,56000,29,RENT,Master's,Business,798,0,7300,Approved,6750,6.82,24,Fully Paid,Good Loan,6750,230.18
LN102574,24-11-2024,60,Male,Central,76000,0,RENT,High School,Medical,510,0,1900,Rejected,0,,48,Not Funded,N/A,0,0
LN102575,08-10-2023,41,Female,South,92000,0,RENT,Bachelor's,Debt Consolidation,412,0,6300,Rejected,0,,36,Not Funded,N/A,0,0
LN102576,25-02-2024,43,Female,East,40100,7,RENT,Bachelor's,Education,416,0,13600,Rejected,0,,36,Not Funded,N/A,0,0
LN102577,20-07-2022,40,Male,West,46200,33,RENT,Bachelor's,Debt Consolidation,615,0,37000,Approved,32410,11.36,12,Fully Paid,Good Loan,32410,1840.89
LN102578,04-01-2023,31,Male,West,67900,15,MORTGAGE,High School,Car,732,0,1100,Approved,950,10.11,60,Fully Paid,Good Loan,950,48.02
LN102579,07-03-2024,54,Male,West,83200,26,RENT,Master's,Personal,314,0,32300,Rejected,0,,60,Not Funded,N/A,0,0
LN102580,18-03-2022,30,Male,South,64000,3,RENT,Bachelor's,Education,500,0,34300,Approved,31560,14.45,36,Charged Off,Bad Loan,1293.25,93.44
LN102581,28-02-2022,30,Female,North,95800,18,RENT,High School,Debt Consolidation,646,0,32600,Approved,30860,9.49,60,Current,Good Loan,9198.74,436.48
LN102582,07-03-2023,63,Female,South,122700,28,OWN,Bachelor's,Business,423,1,4200,Approved,3660,14,60,Current,Good Loan,2758.71,193.11
LN102583,30-09-2023,26,Female,North,26000,2,MORTGAGE,Bachelor's,Medical,455,0,27500,Rejected,0,,36,Not Funded,N/A,0,0
LN102584,19-04-2022,56,Female,North,107300,10,RENT,Bachelor's,Personal,708,0,38200,Approved,37040,8.51,12,Current,Good Loan,18397.04,782.79
LN102585,04-10-2024,44,Male,North,97200,7,RENT,High School,Debt Consolidation,507,0,5700,Approved,5340,10.56,24,Current,Good Loan,4097.64,216.36
LN102586,09-03-2022,32,Female,Central,31900,32,MORTGAGE,Bachelor's,Medical,765,0,2200,Approved,1880,6.83,60,Fully Paid,Good Loan,1880,64.2
LN102587,28-12-2024,63,Female,Central,66700,7,MORTGAGE,High School,Debt Consolidation,463,1,35100,Rejected,0,,48,Not Funded,N/A,0,0
LN102588,01-11-2022,43,Male,North,72100,24,MORTGAGE,Master's,Medical,576,0,26200,Rejected,0,,60,Not Funded,N/A,0,0
LN102589,05-11-2023,47,Male,North,33200,23,OWN,High School,Car,693,2,26200,Rejected,0,,24,Not Funded,N/A,0,0
LN102590,31-12-2022,57,Male,North,52700,25,MORTGAGE,Bachelor's,Car,349,0,38600,Rejected,0,,24,Not Funded,N/A,0,0
LN102591,31-03-2024,26,Male,South,58100,25,OWN,Bachelor's,Education,443,0,31000,Rejected,0,,24,Not Funded,N/A,0,0
LN102592,09-12-2022,21,Male,North,33300,16,RENT,Bachelor's,Business,465,1,16500,Rejected,0,,24,Not Funded,N/A,0,0
LN102593,04-08-2024,26,Female,Central,46500,26,OWN,High School,Car,366,0,18000,Rejected,0,,48,Not Funded,N/A,0,0
LN102594,17-06-2024,42,Female,North,101800,28,MORTGAGE,High School,Business,319,0,6600,Rejected,0,,12,Not Funded,N/A,0,0
LN102595,01-02-2024,61,Male,North,115600,8,RENT,High School,Debt Consolidation,368,1,12900,Rejected,0,,24,Not Funded,N/A,0,0
LN102596,07-12-2022,44,Male,North,33000,13,RENT,Bachelor's,Personal,753,0,18400,Approved,17250,8.39,24,Fully Paid,Good Loan,17250,723.64
LN102597,30-07-2024,45,Female,Central,16300,4,MORTGAGE,High School,Home Improvement,324,0,11200,Rejected,0,,48,Not Funded,N/A,0,0
LN102598,18-01-2023,35,Female,Central,94500,29,RENT,High School,Education,609,1,36700,Rejected,0,,60,Not Funded,N/A,0,0
LN102599,30-09-2024,46,Male,West,123000,27,MORTGAGE,High School,Debt Consolidation,311,0,1500,Rejected,0,,60,Not Funded,N/A,0,0
LN102600,27-10-2022,28,Female,South,80400,7,MORTGAGE,Master's,Debt Consolidation,533,0,23900,Approved,21530,10.64,48,Fully Paid,Good Loan,21530,1145.4
LN102601,19-05-2022,44,Female,North,47600,14,RENT,PhD,Business,432,1,31100,Rejected,0,,60,Not Funded,N/A,0,0
LN102602,25-12-2022,58,Female,South,33300,27,RENT,Bachelor's,Business,574,0,29600,Approved,27230,11.94,36,Fully Paid,Good Loan,27230,1625.63
LN102603,15-04-2024,26,Male,South,71500,32,OWN,Bachelor's,Home Improvement,451,0,26100,Rejected,0,,12,Not Funded,N/A,0,0
LN102604,28-04-2023,55,Male,West,87100,5,RENT,High School,Home Improvement,751,1,17000,Approved,15680,7.27,60,Current,Good Loan,13933.76,506.49
LN102605,27-06-2024,62,Female,South,40300,11,RENT,Bachelor's,Home Improvement,515,1,36800,Rejected,0,,48,Not Funded,N/A,0,0
LN102606,15-05-2024,21,Male,South,61300,6,RENT,Bachelor's,Medical,609,0,13800,Approved,13000,13.56,36,Current,Good Loan,10479.32,710.5
LN102607,19-05-2022,56,Female,East,44600,27,OWN,Bachelor's,Home Improvement,532,1,30300,Rejected,0,,12,Not Funded,N/A,0,0
LN102608,22-09-2024,32,Male,South,76100,6,MORTGAGE,Bachelor's,Personal,792,0,37100,Approved,36610,7.17,24,Fully Paid,Good Loan,36610,1312.47
LN102609,11-03-2023,58,Male,East,21500,0,MORTGAGE,Bachelor's,Debt Consolidation,448,0,6000,Rejected,0,,60,Not Funded,N/A,0,0
LN102610,24-05-2023,31,Male,South,64800,23,RENT,High School,Personal,636,2,37900,Rejected,0,,12,Not Funded,N/A,0,0
LN102611,30-09-2022,32,Male,North,46000,18,RENT,High School,Education,755,0,31300,Approved,28450,8.28,12,Fully Paid,Good Loan,28450,1177.83
LN102612,14-04-2022,62,Female,South,123600,31,RENT,High School,Home Improvement,778,0,25000,Approved,24870,5.58,24,Current,Good Loan,8690.89,242.48
LN102613,01-02-2024,59,Male,Central,62300,29,MORTGAGE,High School,Debt Consolidation,806,0,15600,Approved,14530,6.09,12,Current,Good Loan,8817.74,268.5
LN102614,26-02-2024,27,Female,South,74500,0,RENT,High School,Car,574,0,36300,Approved,33210,12.07,60,Current,Good Loan,12655.32,763.75
LN102615,14-06-2022,31,Female,South,35400,31,MORTGAGE,High School,Personal,480,0,2700,Rejected,0,,36,Not Funded,N/A,0,0
LN102616,25-09-2024,56,Male,North,49000,19,MORTGAGE,High School,Personal,733,1,17800,Rejected,0,,60,Not Funded,N/A,0,0
LN102617,04-06-2023,51,Female,East,64700,20,RENT,High School,Home Improvement,450,1,30500,Rejected,0,,48,Not Funded,N/A,0,0
LN102618,01-06-2023,53,Male,West,46100,18,OWN,High School,Debt Consolidation,770,0,32600,Approved,27900,6.48,12,Fully Paid,Good Loan,27900,903.96
LN102619,19-10-2023,33,Female,South,48600,29,RENT,High School,Home Improvement,503,0,8900,Rejected,0,,24,Not Funded,N/A,0,0
LN102620,05-09-2023,38,Male,South,61000,27,RENT,Bachelor's,Home Improvement,763,0,2900,Approved,2470,6.07,48,Current,Good Loan,562.39,17.07
LN102621,13-06-2022,61,Male,Central,25100,31,OWN,Bachelor's,Debt Consolidation,626,1,32300,Rejected,0,,12,Not Funded,N/A,0,0
LN102622,05-03-2022,44,Male,West,42800,29,RENT,PhD,Business,448,0,17500,Rejected,0,,12,Not Funded,N/A,0,0
LN102623,24-09-2022,29,Female,East,77300,22,RENT,Master's,Education,576,0,6600,Approved,6450,13.57,36,Charged Off,Bad Loan,607.77,41.24
LN102624,03-09-2022,51,Female,South,45400,26,MORTGAGE,Bachelor's,Medical,334,2,4300,Rejected,0,,24,Not Funded,N/A,0,0
LN102625,30-01-2023,61,Male,South,155000,25,RENT,Bachelor's,Debt Consolidation,515,1,26000,Approved,24680,13.21,60,Charged Off,Bad Loan,5310.86,350.78
LN102626,21-04-2023,30,Male,West,56400,2,OWN,High School,Debt Consolidation,300,0,23700,Rejected,0,,12,Not Funded,N/A,0,0
LN102627,03-09-2024,22,Male,East,23500,30,RENT,PhD,Home Improvement,767,0,34300,Approved,32210,7.54,48,Current,Good Loan,26818.5,1011.06
LN102628,09-11-2024,58,Female,East,66200,1,RENT,Master's,Car,765,0,2200,Approved,2010,5.53,24,Current,Good Loan,1504.73,41.61
LN102629,12-07-2023,35,Male,North,33700,9,MORTGAGE,Master's,Personal,750,0,34900,Approved,31800,7.05,60,Current,Good Loan,9913.22,349.44
LN102630,14-10-2024,23,Female,East,63100,18,RENT,High School,Debt Consolidation,369,0,35600,Rejected,0,,48,Not Funded,N/A,0,0
LN102631,01-06-2024,63,Male,West,42000,30,OWN,Bachelor's,Business,556,0,18400,Approved,16100,12.82,24,Fully Paid,Good Loan,16100,1032.01
LN102632,27-05-2022,51,Female,Central,43300,28,RENT,High School,Home Improvement,391,0,4000,Rejected,0,,36,Not Funded,N/A,0,0
LN102633,28-10-2023,26,Female,North,86300,24,RENT,Master's,Business,671,0,37900,Approved,36890,8.33,48,Current,Good Loan,7829.37,326.09
LN102634,12-09-2023,23,Female,East,26600,31,RENT,High School,Debt Consolidation,398,0,3800,Rejected,0,,24,Not Funded,N/A,0,0
LN102635,30-03-2024,31,Female,East,43500,16,RENT,Bachelor's,Business,809,1,24000,Approved,23940,4.7,60,Fully Paid,Good Loan,23940,562.59
LN102636,13-05-2024,35,Male,Central,41400,22,MORTGAGE,High School,Debt Consolidation,806,0,20200,Approved,17180,6.49,12,Fully Paid,Good Loan,17180,557.49
LN102637,05-08-2023,48,Female,West,98900,17,RENT,Master's,Medical,642,2,33600,Rejected,0,,24,Not Funded,N/A,0,0
LN102638,19-10-2024,30,Female,Central,46300,10,MORTGAGE,High School,Home Improvement,545,1,20600,Rejected,0,,48,Not Funded,N/A,0,0
LN102639,26-11-2023,58,Female,Central,35500,19,RENT,Master's,Business,771,0,19300,Approved,16410,7.84,60,Current,Good Loan,7707.49,302.13
LN102640,11-02-2023,27,Male,South,60100,12,RENT,Bachelor's,Education,578,1,35300,Rejected,0,,12,Not Funded,N/A,0,0
LN102641,03-02-2023,35,Male,West,36200,23,RENT,Bachelor's,Car,809,0,38600,Approved,37250,6.69,60,Fully Paid,Good Loan,37250,1246.01
LN102642,16-12-2023,38,Male,East,38700,19,MORTGAGE,High School,Debt Consolidation,730,2,22400,Rejected,0,,12,Not Funded,N/A,0,0
LN102643,05-12-2023,38,Male,North,73900,27,RENT,Master's,Business,741,0,18700,Approved,17800,7.7,36,Fully Paid,Good Loan,17800,685.3
LN102644,31-01-2024,61,Male,North,15000,34,RENT,Master's,Car,560,0,33400,Rejected,0,,36,Not Funded,N/A,0,0
LN102645,14-05-2023,44,Female,North,35100,20,OWN,Bachelor's,Home Improvement,554,0,33400,Approved,32420,11.61,60,Fully Paid,Good Loan,32420,1881.98
LN102646,31-08-2024,22,Female,West,40000,5,RENT,Bachelor's,Home Improvement,760,0,13500,Approved,12630,9.03,12,Current,Good Loan,11240.52,507.51
LN102647,23-03-2022,60,Female,South,108600,6,RENT,High School,Debt Consolidation,564,0,23500,Approved,20090,13.54,12,Current,Good Loan,9611.31,650.69
LN102648,27-08-2023,40,Male,Central,66200,28,RENT,High School,Medical,814,1,7000,Approved,6050,7.72,24,Fully Paid,Good Loan,6050,233.53
LN102649,11-02-2024,54,Male,East,53400,22,RENT,Bachelor's,Debt Consolidation,744,0,25800,Approved,25270,8.62,24,Fully Paid,Good Loan,25270,1089.14
LN102650,21-06-2024,63,Female,West,51700,4,MORTGAGE,Bachelor's,Education,522,0,33500,Rejected,0,,36,Not Funded,N/A,0,0
LN102651,31-12-2022,46,Male,South,57300,21,RENT,Bachelor's,Home Improvement,491,1,8300,Rejected,0,,36,Not Funded,N/A,0,0
LN102652,12-06-2022,27,Male,South,60500,8,MORTGAGE,Bachelor's,Home Improvement,739,0,13600,Approved,12720,7.41,12,Current,Good Loan,5638.36,208.9
LN102653,07-12-2024,58,Female,South,57300,31,RENT,Bachelor's,Business,568,0,18500,Rejected,0,,12,Not Funded,N/A,0,0
LN102654,26-05-2023,50,Male,South,130100,9,OWN,Master's,Business,340,0,34000,Approved,30040,18.05,48,Current,Good Loan,9078.4,819.33
LN102655,26-04-2022,62,Male,West,44500,27,RENT,Bachelor's,Home Improvement,340,0,29500,Rejected,0,,24,Not Funded,N/A,0,0
LN102656,29-07-2024,25,Female,East,58600,10,MORTGAGE,Bachelor's,Debt Consolidation,630,1,13400,Approved,11970,10.57,12,Current,Good Loan,4680.29,247.35
LN102657,03-12-2022,31,Male,North,55100,6,RENT,Master's,Business,474,0,10500,Rejected,0,,12,Not Funded,N/A,0,0
LN102658,30-05-2024,21,Female,West,82700,29,MORTGAGE,Bachelor's,Debt Consolidation,732,0,28100,Approved,26920,7.84,36,Fully Paid,Good Loan,26920,1055.26
LN102659,07-01-2024,54,Male,North,39700,33,MORTGAGE,Bachelor's,Debt Consolidation,748,0,19700,Approved,19570,8.06,60,Current,Good Loan,10591.16,426.82
LN102660,19-04-2024,21,Female,South,45900,27,RENT,Master's,Medical,622,1,24100,Rejected,0,,36,Not Funded,N/A,0,0
LN102661,27-05-2022,39,Male,East,27400,31,MORTGAGE,Master's,Medical,579,0,26300,Rejected,0,,12,Not Funded,N/A,0,0
LN102662,19-03-2023,22,Female,North,84500,15,MORTGAGE,Bachelor's,Debt Consolidation,393,0,22800,Rejected,0,,24,Not Funded,N/A,0,0
LN102663,16-04-2024,41,Male,West,27300,0,RENT,High School,Debt Consolidation,639,1,24900,Rejected,0,,60,Not Funded,N/A,0,0
LN102664,02-11-2024,40,Female,West,69100,33,RENT,Bachelor's,Debt Consolidation,719,1,35600,Approved,34350,9.95,48,Fully Paid,Good Loan,34350,1708.91
LN102665,31-07-2024,43,Male,West,115400,22,RENT,High School,Medical,504,0,34900,Approved,32650,14.31,36,Current,Good Loan,26239.23,1877.42
LN102666,14-10-2022,41,Male,North,128900,19,RENT,Bachelor's,Medical,559,0,6800,Approved,6680,10.99,48,Charged Off,Bad Loan,1708.65,93.89
LN102667,21-12-2023,44,Female,South,47200,17,RENT,Bachelor's,Home Improvement,690,0,23900,Approved,22470,8.67,24,Charged Off,Bad Loan,2513.85,108.98
LN102668,25-04-2023,24,Male,South,46400,17,MORTGAGE,High School,Car,577,0,18100,Rejected,0,,60,Not Funded,N/A,0,0
LN102669,22-01-2022,32,Male,Central,52400,20,RENT,Bachelor's,Personal,780,0,12100,Approved,11840,8.41,24,Fully Paid,Good Loan,11840,497.87
LN102670,14-11-2023,42,Male,North,81300,7,RENT,Bachelor's,Personal,750,0,25600,Approved,23870,7.9,60,Current,Good Loan,20855.1,823.78
LN102671,24-06-2024,40,Male,South,51000,33,MORTGAGE,Master's,Personal,590,0,20900,Approved,20660,11.99,48,Current,Good Loan,10271.17,615.76
LN102672,16-11-2022,38,Male,Central,47900,10,MORTGAGE,High School,Car,404,1,31200,Rejected,0,,48,Not Funded,N/A,0,0
LN102673,06-05-2022,21,Male,West,87800,9,OWN,Bachelor's,Debt Consolidation,676,0,4600,Approved,4390,10.64,24,Current,Good Loan,2482.51,132.07
LN102674,04-10-2022,50,Male,West,55300,7,MORTGAGE,Bachelor's,Debt Consolidation,489,0,12800,Rejected,0,,60,Not Funded,N/A,0,0
LN102675,13-07-2022,53,Female,Central,50600,7,MORTGAGE,High School,Car,494,0,2000,Rejected,0,,48,Not Funded,N/A,0,0
LN102676,27-11-2023,44,Male,South,36500,18,RENT,Bachelor's,Home Improvement,676,0,30100,Rejected,0,,60,Not Funded,N/A,0,0
LN102677,26-02-2022,34,Male,South,86000,0,MORTGAGE,Master's,Home Improvement,317,0,36600,Approved,36320,20.7,48,Current,Good Loan,19537.01,2022.08
LN102678,19-01-2022,56,Female,North,60500,2,MORTGAGE,High School,Debt Consolidation,558,0,23900,Rejected,0,,12,Not Funded,N/A,0,0
LN102679,21-09-2022,25,Female,North,53900,31,MORTGAGE,Bachelor's,Medical,671,0,25100,Approved,23900,9.1,48,Current,Good Loan,13156.95,598.64
LN102680,04-03-2024,31,Male,East,23400,15,RENT,Bachelor's,Home Improvement,359,0,2800,Rejected,0,,12,Not Funded,N/A,0,0
LN102681,23-04-2022,44,Male,North,83200,29,MORTGAGE,High School,Debt Consolidation,404,1,20600,Rejected,0,,24,Not Funded,N/A,0,0
LN102682,26-06-2023,51,Female,West,32500,27,MORTGAGE,High School,Education,725,0,21500,Approved,19860,9.29,12,Fully Paid,Good Loan,19860,922.5
LN102683,09-10-2023,33,Male,North,66400,27,RENT,Master's,Personal,560,0,2500,Rejected,0,,24,Not Funded,N/A,0,0
LN102684,02-08-2023,36,Male,South,38200,15,MORTGAGE,Master's,Business,345,2,31500,Rejected,0,,12,Not Funded,N/A,0,0
LN102685,24-12-2024,44,Male,West,33400,32,RENT,Bachelor's,Education,825,0,11900,Approved,11490,7.91,24,Fully Paid,Good Loan,11490,454.43
LN102686,25-01-2022,33,Female,South,82300,24,MORTGAGE,Bachelor's,Debt Consolidation,776,0,29200,Approved,25350,7.87,48,Fully Paid,Good Loan,25350,997.52
LN102687,01-01-2022,44,Male,West,56700,17,MORTGAGE,Master's,Debt Consolidation,566,0,16700,Rejected,0,,36,Not Funded,N/A,0,0
LN102688,29-06-2024,46,Female,Central,55200,25,RENT,High School,Business,833,1,39800,Approved,38910,5.85,36,Current,Good Loan,13515.54,395.33
LN102689,21-05-2022,22,Female,West,130300,5,MORTGAGE,Master's,Car,405,0,9300,Rejected,0,,36,Not Funded,N/A,0,0
LN102690,10-10-2023,36,Male,South,129400,2,OWN,Bachelor's,Personal,816,0,3300,Approved,3230,7.82,12,Fully Paid,Good Loan,3230,126.29
LN102691,07-07-2022,58,Female,Central,48500,5,RENT,Master's,Education,695,0,39200,Approved,34160,10.73,36,Current,Good Loan,30015.53,1610.33
LN102692,20-07-2022,21,Male,North,30100,13,RENT,High School,Home Improvement,448,0,10500,Rejected,0,,24,Not Funded,N/A,0,0
LN102693,14-09-2022,31,Female,West,102400,17,MORTGAGE,Master's,Medical,579,0,25800,Approved,25520,9.99,12,Fully Paid,Good Loan,25520,1274.72
LN102694,01-07-2023,55,Male,North,29600,15,MORTGAGE,Bachelor's,Debt Consolidation,824,0,15600,Approved,15220,5.43,12,Current,Good Loan,11791.92,320.15
LN102695,13-07-2022,63,Male,North,67100,23,RENT,High School,Debt Consolidation,325,2,25900,Rejected,0,,48,Not Funded,N/A,0,0
LN102696,04-12-2023,49,Male,Central,48000,12,MORTGAGE,Bachelor's,Medical,581,0,24200,Approved,22200,14.59,24,Current,Good Loan,8042.77,586.72
LN102697,12-03-2024,57,Male,South,56100,0,OWN,Bachelor's,Medical,783,0,28600,Approved,28210,5.96,24,Current,Good Loan,14364.85,428.07
LN102698,30-07-2024,37,Male,West,94100,13,MORTGAGE,High School,Car,363,0,1700,Approved,1450,19.03,48,Charged Off,Bad Loan,573.5,54.57
LN102699,18-02-2023,59,Male,South,38000,16,RENT,Bachelor's,Business,410,0,33600,Rejected,0,,60,Not Funded,N/A,0,0
LN102700,28-06-2024,62,Male,West,41200,12,MORTGAGE,Bachelor's,Car,387,0,19700,Rejected,0,,48,Not Funded,N/A,0,0
LN102701,07-07-2022,48,Female,Central,76200,12,MORTGAGE,High School,Debt Consolidation,721,0,21200,Approved,18350,8.11,60,Fully Paid,Good Loan,18350,744.09
LN102702,14-02-2022,49,Male,South,121200,8,MORTGAGE,Bachelor's,Debt Consolidation,739,1,17000,Approved,15590,8.31,36,Fully Paid,Good Loan,15590,647.76
LN102703,24-03-2022,63,Female,East,164900,5,RENT,High School,Car,427,0,39600,Rejected,0,,36,Not Funded,N/A,0,0
LN102704,24-12-2022,23,Male,East,28200,5,MORTGAGE,High School,Home Improvement,593,2,32300,Rejected,0,,36,Not Funded,N/A,0,0
LN102705,25-12-2024,30,Male,Central,44900,29,RENT,High School,Debt Consolidation,448,0,13100,Rejected,0,,36,Not Funded,N/A,0,0
LN102706,24-07-2024,62,Male,South,34100,13,MORTGAGE,High School,Medical,626,0,31500,Approved,29200,8.21,48,Current,Good Loan,24096.77,989.17
LN102707,10-01-2023,34,Male,East,79300,3,RENT,Master's,Car,439,2,18000,Rejected,0,,36,Not Funded,N/A,0,0
LN102708,11-06-2022,32,Male,South,55700,33,OWN,Master's,Business,421,1,34900,Rejected,0,,48,Not Funded,N/A,0,0
LN102709,18-11-2022,62,Male,North,80400,1,MORTGAGE,Master's,Business,822,1,2200,Approved,1930,8.14,24,Current,Good Loan,1347.51,54.84
LN102710,26-03-2023,50,Female,North,45400,16,OWN,High School,Medical,683,0,14900,Approved,14770,10.21,24,Current,Good Loan,4011.71,204.8
LN102711,02-11-2024,52,Female,East,74200,13,RENT,Bachelor's,Medical,582,0,17800,Approved,15130,11.99,12,Charged Off,Bad Loan,5294.13,317.38
LN102712,03-07-2022,52,Male,Central,50000,16,MORTGAGE,Bachelor's,Car,746,1,30000,Approved,25510,8.99,24,Fully Paid,Good Loan,25510,1146.67
LN102713,21-04-2022,62,Female,South,57800,29,OWN,High School,Education,493,0,8100,Rejected,0,,60,Not Funded,N/A,0,0
LN102714,23-05-2023,52,Male,East,41800,28,OWN,Master's,Debt Consolidation,505,0,12200,Approved,10990,13.12,60,Fully Paid,Good Loan,10990,720.94
LN102715,22-10-2022,46,Male,East,99900,6,OWN,PhD,Business,845,1,29200,Approved,26560,5.51,36,Fully Paid,Good Loan,26560,731.73
LN102716,22-06-2024,21,Female,South,30700,8,RENT,Bachelor's,Home Improvement,363,0,4000,Rejected,0,,12,Not Funded,N/A,0,0
LN102717,31-08-2024,62,Male,Central,51500,22,RENT,High School,Debt Consolidation,316,0,8800,Rejected,0,,48,Not Funded,N/A,0,0
LN102718,24-09-2023,22,Male,South,120700,13,RENT,Bachelor's,Debt Consolidation,734,0,30400,Approved,29620,8.72,48,Fully Paid,Good Loan,29620,1291.43
LN102719,16-11-2024,37,Male,North,96200,19,RENT,High School,Debt Consolidation,404,1,35100,Rejected,0,,48,Not Funded,N/A,0,0
LN102720,03-01-2024,50,Male,North,37100,16,RENT,High School,Debt Consolidation,739,0,29400,Approved,25410,8.49,36,Fully Paid,Good Loan,25410,1078.65
LN102721,17-11-2022,59,Male,Central,37900,31,MORTGAGE,Bachelor's,Business,527,0,21600,Rejected,0,,12,Not Funded,N/A,0,0
LN102722,01-07-2024,27,Male,Central,68300,24,MORTGAGE,Bachelor's,Business,694,1,4900,Approved,4540,7.46,24,Charged Off,Bad Loan,1686.6,62.91
LN102723,13-03-2023,47,Male,South,72600,29,MORTGAGE,High School,Home Improvement,512,0,33300,Approved,31950,13.78,24,Current,Good Loan,7851.56,540.97
LN102724,20-02-2024,29,Male,North,92500,26,MORTGAGE,High School,Home Improvement,597,1,5800,Rejected,0,,36,Not Funded,N/A,0,0
LN102725,12-12-2024,42,Female,East,28700,26,RENT,Bachelor's,Business,724,0,16000,Approved,15670,8.88,60,Fully Paid,Good Loan,15670,695.75
LN102726,27-12-2023,54,Male,West,97900,30,MORTGAGE,PhD,Debt Consolidation,700,0,3000,Approved,2610,10.7,48,Current,Good Loan,861.68,46.1
LN102727,31-01-2022,21,Female,East,36100,25,RENT,Bachelor's,Business,823,0,28700,Approved,27000,7.63,60,Current,Good Loan,15263.89,582.32
LN102728,03-12-2022,29,Female,Central,98800,13,MORTGAGE,High School,Medical,697,0,20600,Approved,19880,8.41,24,Charged Off,Bad Loan,1775.21,74.65
LN102729,02-07-2022,40,Female,West,26200,20,RENT,Bachelor's,Car,559,0,36400,Approved,36060,10.83,36,Fully Paid,Good Loan,36060,1952.65
LN102730,12-11-2024,39,Female,Central,32800,27,OWN,Bachelor's,Home Improvement,425,0,6400,Rejected,0,,60,Not Funded,N/A,0,0
LN102731,28-06-2023,56,Male,East,117500,14,OWN,Master's,Medical,525,1,32900,Rejected,0,,24,Not Funded,N/A,0,0
LN102732,30-10-2024,60,Male,South,120500,29,RENT,Bachelor's,Education,632,0,20900,Approved,18880,10.43,36,Fully Paid,Good Loan,18880,984.59
LN102733,22-10-2023,24,Male,West,56700,24,RENT,High School,Business,629,0,15300,Approved,14250,11.1,48,Charged Off,Bad Loan,1389.07,77.09
LN102734,09-06-2022,29,Female,South,46700,10,MORTGAGE,High School,Personal,564,2,26100,Rejected,0,,12,Not Funded,N/A,0,0
LN102735,03-11-2024,61,Female,South,53800,10,MORTGAGE,Master's,Education,470,0,31800,Approved,31140,17.27,24,Charged Off,Bad Loan,5635.41,486.62
LN102736,16-02-2023,42,Male,North,65300,27,MORTGAGE,High School,Home Improvement,300,2,18200,Rejected,0,,12,Not Funded,N/A,0,0
LN102737,08-10-2024,38,Male,East,68000,4,RENT,Bachelor's,Medical,540,1,10100,Rejected,0,,36,Not Funded,N/A,0,0
LN102738,22-02-2022,32,Female,East,47400,27,MORTGAGE,High School,Personal,319,0,36700,Rejected,0,,24,Not Funded,N/A,0,0
LN102739,12-02-2023,62,Male,East,22700,7,RENT,Bachelor's,Personal,614,0,13200,Approved,11450,9.77,48,Fully Paid,Good Loan,11450,559.33
LN102740,26-04-2024,63,Male,North,42400,25,RENT,High School,Personal,772,0,39900,Approved,39290,6.62,48,Fully Paid,Good Loan,39290,1300.5
LN102741,11-11-2024,59,Male,East,26900,5,RENT,High School,Debt Consolidation,440,1,30900,Rejected,0,,36,Not Funded,N/A,0,0
LN102742,19-11-2024,29,Female,North,76500,31,OWN,Bachelor's,Home Improvement,632,0,27800,Approved,27760,11.43,12,Fully Paid,Good Loan,27760,1586.48
LN102743,04-12-2023,26,Male,West,64000,31,RENT,Bachelor's,Home Improvement,349,0,1500,Rejected,0,,60,Not Funded,N/A,0,0
LN102744,17-09-2022,39,Male,South,51500,11,MORTGAGE,Bachelor's,Home Improvement,760,1,18500,Approved,16780,5.41,48,Fully Paid,Good Loan,16780,453.9
LN102745,18-12-2024,27,Female,West,48400,5,RENT,Bachelor's,Debt Consolidation,690,0,20600,Approved,19320,6.81,12,Fully Paid,Good Loan,19320,657.85
LN102746,15-02-2024,36,Male,West,131200,12,RENT,Bachelor's,Car,354,0,15700,Rejected,0,,12,Not Funded,N/A,0,0
LN102747,01-11-2024,25,Female,West,90800,33,OWN,Bachelor's,Education,350,1,6800,Rejected,0,,24,Not Funded,N/A,0,0
LN102748,29-04-2024,36,Male,West,59400,22,RENT,Bachelor's,Education,789,1,15300,Rejected,0,,60,Not Funded,N/A,0,0
LN102749,20-12-2022,21,Male,East,42500,16,OWN,Bachelor's,Home Improvement,631,0,3900,Approved,3740,10.83,36,Charged Off,Bad Loan,1199.46,64.95
LN102750,22-05-2024,57,Female,North,96800,0,OWN,Bachelor's,Home Improvement,569,0,12300,Approved,12200,10.94,48,Charged Off,Bad Loan,864.29,47.28
LN102751,17-09-2024,59,Female,West,56900,6,MORTGAGE,Master's,Medical,661,0,4300,Approved,3920,8.77,60,Charged Off,Bad Loan,921.35,40.4
LN102752,14-10-2024,39,Male,South,40500,12,RENT,Bachelor's,Business,444,0,30300,Rejected,0,,12,Not Funded,N/A,0,0
LN102753,21-10-2022,57,Male,South,41500,13,MORTGAGE,Bachelor's,Education,428,0,27200,Rejected,0,,60,Not Funded,N/A,0,0
LN102754,28-07-2022,37,Female,South,73000,16,OWN,Bachelor's,Debt Consolidation,674,1,37700,Approved,36750,5.72,24,Fully Paid,Good Loan,36750,1051.05
LN102755,28-03-2024,46,Male,Central,83200,29,OWN,Bachelor's,Business,804,2,15800,Rejected,0,,24,Not Funded,N/A,0,0
LN102756,25-01-2023,42,Female,South,72100,33,MORTGAGE,Bachelor's,Debt Consolidation,300,0,31700,Rejected,0,,12,Not Funded,N/A,0,0
LN102757,21-11-2022,28,Female,South,72800,26,RENT,Master's,Debt Consolidation,666,0,23900,Approved,20360,11.16,12,Current,Good Loan,13332.54,743.96
LN102758,28-07-2024,53,Male,Central,47200,24,MORTGAGE,Bachelor's,Education,837,0,26200,Approved,24470,5.4,36,Fully Paid,Good Loan,24470,660.69
LN102759,07-06-2024,22,Female,West,42400,34,MORTGAGE,Master's,Debt Consolidation,794,0,22400,Approved,21950,4.34,48,Fully Paid,Good Loan,21950,476.32
LN102760,30-10-2023,50,Male,North,57900,8,RENT,Bachelor's,Personal,473,0,31400,Approved,30530,15.25,48,Fully Paid,Good Loan,30530,2327.91
LN102761,25-09-2023,40,Female,Central,52200,5,MORTGAGE,High School,Education,824,0,2600,Approved,2530,7.41,60,Fully Paid,Good Loan,2530,93.74
LN102762,31-07-2023,38,Male,South,34500,25,MORTGAGE,Master's,Education,333,0,4100,Rejected,0,,48,Not Funded,N/A,0,0
LN102763,17-05-2022,63,Female,West,53400,26,MORTGAGE,Master's,Debt Consolidation,617,1,4700,Rejected,0,,12,Not Funded,N/A,0,0
LN102764,04-03-2023,30,Female,East,73900,30,MORTGAGE,High School,Debt Consolidation,510,0,12300,Rejected,0,,60,Not Funded,N/A,0,0
LN102765,04-09-2023,44,Female,East,45400,2,RENT,High School,Business,610,0,24100,Approved,22910,10.85,48,Fully Paid,Good Loan,22910,1242.87
LN102766,29-06-2024,24,Female,West,110700,23,RENT,Bachelor's,Personal,393,0,26200,Rejected,0,,36,Not Funded,N/A,0,0
LN102767,29-03-2024,57,Male,North,30800,14,RENT,High School,Debt Consolidation,488,0,28800,Rejected,0,,12,Not Funded,N/A,0,0
LN102768,21-05-2022,24,Male,North,37400,5,RENT,Bachelor's,Business,813,0,11900,Approved,10750,4,12,Fully Paid,Good Loan,10750,215
LN102769,26-06-2022,33,Female,West,41900,10,RENT,PhD,Debt Consolidation,503,0,26400,Rejected,0,,48,Not Funded,N/A,0,0
LN102770,17-07-2022,45,Female,South,78400,29,OWN,High School,Medical,790,0,5600,Approved,5040,7.35,36,Current,Good Loan,2930.71,107.7
LN102771,16-09-2023,33,Female,Central,59600,34,MORTGAGE,High School,Education,353,0,1400,Rejected,0,,36,Not Funded,N/A,0,0
LN102772,22-11-2023,38,Female,South,36400,28,RENT,Bachelor's,Debt Consolidation,775,0,28100,Approved,23970,6.65,24,Fully Paid,Good Loan,23970,797
LN102773,05-02-2023,44,Male,North,23300,22,RENT,High School,Education,393,0,28900,Rejected,0,,12,Not Funded,N/A,0,0
LN102774,16-04-2023,22,Male,West,31800,2,MORTGAGE,Master's,Personal,613,1,25300,Rejected,0,,12,Not Funded,N/A,0,0
LN102775,06-08-2022,53,Male,South,24600,25,RENT,High School,Business,659,1,11100,Approved,10160,12.82,48,Charged Off,Bad Loan,143.62,9.21
LN102776,17-07-2024,39,Female,North,80300,13,MORTGAGE,Bachelor's,Debt Consolidation,467,0,37200,Approved,36880,13.96,48,Fully Paid,Good Loan,36880,2574.22
LN102777,24-09-2023,29,Male,South,33600,18,RENT,High School,Debt Consolidation,697,0,35200,Approved,31300,10.21,36,Current,Good Loan,6797.01,346.99
LN102778,08-08-2024,48,Female,Central,73600,20,RENT,Bachelor's,Personal,836,0,21100,Approved,21040,4,12,Fully Paid,Good Loan,21040,420.8
LN102779,24-06-2024,55,Male,South,69200,20,MORTGAGE,Bachelor's,Business,693,2,39600,Rejected,0,,48,Not Funded,N/A,0,0
LN102780,24-06-2022,59,Male,South,92600,8,MORTGAGE,Master's,Home Improvement,655,0,12600,Approved,12380,7.42,36,Fully Paid,Good Loan,12380,459.3
LN102781,23-01-2022,30,Male,South,39300,12,RENT,Bachelor's,Debt Consolidation,347,0,20200,Rejected,0,,12,Not Funded,N/A,0,0
LN102782,23-08-2022,21,Male,North,65000,23,OWN,Master's,Personal,731,0,37200,Approved,36470,8.47,24,Charged Off,Bad Loan,5289.19,224
LN102783,02-11-2024,62,Female,North,57200,10,RENT,Bachelor's,Education,352,0,19000,Rejected,0,,12,Not Funded,N/A,0,0
LN102784,17-07-2024,41,Male,West,57300,28,RENT,Master's,Debt Consolidation,540,0,19400,Rejected,0,,24,Not Funded,N/A,0,0
LN102785,07-06-2023,29,Male,Central,53700,16,MORTGAGE,High School,Debt Consolidation,694,0,4100,Approved,3540,9.96,12,Charged Off,Bad Loan,218.69,10.89
LN102786,07-03-2023,35,Male,North,79100,25,MORTGAGE,Bachelor's,Personal,326,0,9200,Rejected,0,,36,Not Funded,N/A,0,0
LN102787,03-03-2024,55,Female,East,75300,25,RENT,Bachelor's,Medical,358,0,7200,Rejected,0,,12,Not Funded,N/A,0,0
LN102788,17-06-2023,25,Female,Central,54100,11,MORTGAGE,High School,Debt Consolidation,485,0,23000,Rejected,0,,48,Not Funded,N/A,0,0
LN102789,05-09-2024,61,Male,North,44100,17,RENT,Bachelor's,Education,440,0,13400,Rejected,0,,36,Not Funded,N/A,0,0
LN102790,20-03-2024,42,Female,North,41800,8,OWN,Master's,Home Improvement,356,0,4000,Rejected,0,,24,Not Funded,N/A,0,0
LN102791,01-07-2024,61,Male,Central,55000,2,MORTGAGE,Bachelor's,Medical,749,0,20900,Approved,19410,7.23,12,Current,Good Loan,8151.28,294.67
LN102792,20-05-2024,43,Male,West,59900,9,RENT,High School,Debt Consolidation,405,0,27100,Rejected,0,,24,Not Funded,N/A,0,0
LN102793,24-06-2023,27,Female,North,52000,1,RENT,High School,Home Improvement,579,0,29700,Approved,27750,11.7,48,Fully Paid,Good Loan,27750,1623.38
LN102794,20-10-2024,43,Male,South,30300,7,MORTGAGE,High School,Debt Consolidation,767,1,33700,Rejected,0,,36,Not Funded,N/A,0,0
LN102795,15-08-2022,64,Female,North,47200,17,MORTGAGE,PhD,Debt Consolidation,732,0,19800,Approved,17640,8.68,24,Current,Good Loan,4581.71,198.85
LN102796,22-05-2024,45,Male,South,42700,30,MORTGAGE,Bachelor's,Debt Consolidation,639,1,16200,Approved,14480,10.9,60,Charged Off,Bad Loan,2571.62,140.15
LN102797,10-06-2024,47,Female,West,54500,13,OWN,Bachelor's,Debt Consolidation,813,1,27700,Approved,25490,5.19,12,Current,Good Loan,11975.17,310.76
LN102798,02-11-2024,61,Male,East,169600,32,RENT,Bachelor's,Debt Consolidation,698,0,1500,Approved,1430,6.86,24,Fully Paid,Good Loan,1430,49.05
LN102799,29-07-2022,26,Male,East,65700,28,MORTGAGE,High School,Car,481,1,25700,Rejected,0,,60,Not Funded,N/A,0,0
LN102800,11-01-2024,54,Female,South,95600,32,MORTGAGE,High School,Car,601,0,16800,Approved,15100,11.75,60,Fully Paid,Good Loan,15100,887.12
LN102801,01-02-2023,29,Male,North,39800,34,MORTGAGE,Bachelor's,Debt Consolidation,482,0,18700,Rejected,0,,48,Not Funded,N/A,0,0
LN102802,31-01-2022,53,Male,North,54700,1,MORTGAGE,Master's,Education,809,1,12600,Approved,11630,5.86,24,Charged Off,Bad Loan,4417.76,129.44
LN102803,16-06-2024,26,Male,West,94200,34,RENT,Master's,Medical,394,0,6000,Rejected,0,,48,Not Funded,N/A,0,0
LN102804,11-10-2023,57,Female,East,26600,31,RENT,Master's,Debt Consolidation,713,0,16700,Approved,15820,9.13,12,Fully Paid,Good Loan,15820,722.18
LN102805,25-11-2022,51,Male,South,48800,22,MORTGAGE,Master's,Debt Consolidation,455,0,13000,Rejected,0,,36,Not Funded,N/A,0,0
LN102806,09-08-2024,54,Male,South,71600,4,MORTGAGE,High School,Business,396,0,38400,Rejected,0,,60,Not Funded,N/A,0,0
LN102807,13-09-2023,61,Female,West,52400,15,OWN,High School,Home Improvement,668,0,37800,Approved,33810,10.52,24,Fully Paid,Good Loan,33810,1778.41
LN102808,11-06-2022,49,Male,East,42000,23,RENT,High School,Education,537,0,26100,Rejected,0,,12,Not Funded,N/A,0,0
LN102809,15-02-2024,34,Female,South,43000,27,RENT,Bachelor's,Business,312,0,36200,Rejected,0,,24,Not Funded,N/A,0,0
LN102810,01-10-2022,56,Male,South,62400,24,RENT,Bachelor's,Debt Consolidation,600,1,30300,Rejected,0,,60,Not Funded,N/A,0,0
LN102811,23-10-2024,56,Male,North,26700,6,RENT,Bachelor's,Education,481,0,14500,Approved,12620,13.58,36,Current,Good Loan,5967.11,405.17
LN102812,17-11-2024,35,Male,West,57300,6,OWN,Bachelor's,Debt Consolidation,454,0,24600,Rejected,0,,12,Not Funded,N/A,0,0
LN102813,22-11-2022,28,Female,East,75100,21,RENT,Bachelor's,Home Improvement,690,0,9600,Approved,8200,8.65,60,Charged Off,Bad Loan,1504.07,65.05
LN102814,28-07-2024,46,Male,West,46000,21,MORTGAGE,Bachelor's,Medical,476,0,27800,Rejected,0,,12,Not Funded,N/A,0,0
LN102815,24-06-2023,56,Male,Central,26800,26,MORTGAGE,High School,Medical,368,0,2700,Rejected,0,,24,Not Funded,N/A,0,0
LN102816,03-05-2023,41,Male,Central,43000,32,MORTGAGE,Master's,Home Improvement,607,0,33400,Approved,31680,11.52,60,Fully Paid,Good Loan,31680,1824.77
LN102817,01-04-2024,48,Male,South,51200,31,MORTGAGE,Master's,Debt Consolidation,844,0,23700,Approved,23450,4,60,Current,Good Loan,17431.8,348.64
LN102818,24-12-2024,24,Male,North,33400,31,MORTGAGE,Bachelor's,Medical,352,1,3300,Rejected,0,,60,Not Funded,N/A,0,0
LN102819,22-12-2022,36,Male,South,54900,0,MORTGAGE,Bachelor's,Car,515,0,35000,Rejected,0,,36,Not Funded,N/A,0,0
LN102820,23-08-2022,42,Female,North,58500,9,RENT,Bachelor's,Personal,337,0,35200,Rejected,0,,60,Not Funded,N/A,0,0
LN102821,15-08-2022,32,Male,West,93100,3,OWN,High School,Home Improvement,727,0,34300,Approved,33480,7.3,12,Current,Good Loan,20797.22,759.1
LN102822,18-02-2022,36,Male,Central,50300,28,MORTGAGE,High School,Debt Consolidation,560,1,31200,Rejected,0,,60,Not Funded,N/A,0,0
LN102823,28-04-2022,60,Male,West,57000,6,RENT,High School,Personal,673,0,27400,Approved,26210,9.28,36,Current,Good Loan,13146.79,610.01
LN102824,23-02-2022,58,Male,South,42300,5,MORTGAGE,Bachelor's,Home Improvement,330,0,16500,Rejected,0,,36,Not Funded,N/A,0,0
LN102825,19-07-2023,62,Male,North,43700,10,MORTGAGE,High School,Debt Consolidation,692,0,6300,Approved,6220,8.1,24,Current,Good Loan,5061.87,205.01
LN102826,03-12-2024,57,Female,South,74400,8,OWN,Master's,Business,724,1,12300,Approved,12000,4.43,12,Current,Good Loan,8704.53,192.81
LN102827,22-02-2022,49,Female,West,48800,29,RENT,PhD,Debt Consolidation,304,0,14500,Rejected,0,,48,Not Funded,N/A,0,0
LN102828,12-07-2023,38,Female,South,78600,21,MORTGAGE,High School,Home Improvement,353,1,15000,Rejected,0,,12,Not Funded,N/A,0,0
LN102829,17-05-2024,30,Female,North,53000,8,RENT,High School,Home Improvement,803,0,23100,Approved,21420,7.62,48,Fully Paid,Good Loan,21420,816.1
LN102830,02-02-2023,62,Male,South,32400,32,RENT,Bachelor's,Personal,807,2,9100,Rejected,0,,12,Not Funded,N/A,0,0
LN102831,06-11-2023,59,Male,Central,39700,25,MORTGAGE,Master's,Education,752,0,8400,Approved,7370,8.39,60,Current,Good Loan,4441.66,186.33
LN102832,22-01-2023,38,Female,West,160900,15,MORTGAGE,Bachelor's,Business,499,0,29000,Approved,27920,15.64,48,Fully Paid,Good Loan,27920,2183.34
LN102833,21-04-2022,21,Male,Central,51800,8,MORTGAGE,Bachelor's,Business,572,0,1300,Rejected,0,,12,Not Funded,N/A,0,0
LN102834,06-09-2023,59,Male,West,26200,22,MORTGAGE,Master's,Education,525,0,6800,Rejected,0,,24,Not Funded,N/A,0,0
LN102835,17-01-2022,41,Female,East,32500,14,MORTGAGE,Bachelor's,Car,770,0,18000,Approved,17600,7.41,36,Fully Paid,Good Loan,17600,652.08
LN102836,02-06-2024,21,Female,North,39300,18,OWN,High School,Debt Consolidation,317,1,6800,Rejected,0,,12,Not Funded,N/A,0,0
LN102837,25-06-2023,35,Male,South,36200,15,RENT,PhD,Business,309,1,38400,Rejected,0,,12,Not Funded,N/A,0,0
LN102838,20-06-2022,24,Male,East,33000,24,RENT,High School,Home Improvement,338,0,27100,Rejected,0,,36,Not Funded,N/A,0,0
LN102839,13-02-2023,40,Female,Central,104600,34,MORTGAGE,High School,Business,340,0,17900,Rejected,0,,48,Not Funded,N/A,0,0
LN102840,10-01-2024,30,Female,South,73100,12,RENT,Bachelor's,Business,343,2,5400,Rejected,0,,48,Not Funded,N/A,0,0
LN102841,07-05-2024,43,Female,North,49500,6,RENT,High School,Debt Consolidation,496,0,16000,Rejected,0,,60,Not Funded,N/A,0,0
LN102842,18-08-2022,61,Female,East,41600,33,MORTGAGE,PhD,Business,598,1,26400,Approved,25770,11.18,60,Charged Off,Bad Loan,4567.22,255.31
LN102843,29-04-2022,54,Male,North,50400,13,MORTGAGE,Bachelor's,Medical,508,1,38800,Rejected,0,,60,Not Funded,N/A,0,0
LN102844,23-02-2024,53,Male,East,120700,22,MORTGAGE,Master's,Debt Consolidation,758,0,19400,Approved,18190,7.13,24,Fully Paid,Good Loan,18190,648.47
LN102845,10-04-2023,54,Male,South,36700,22,OWN,High School,Debt Consolidation,535,0,28000,Approved,24280,14.02,36,Current,Good Loan,5702.67,399.76
LN102846,14-04-2022,59,Male,South,26600,16,RENT,High School,Debt Consolidation,814,0,8600,Approved,8040,4.83,48,Current,Good Loan,2166.41,52.32
LN102847,29-11-2023,30,Female,South,73200,12,RENT,Bachelor's,Education,659,1,25300,Rejected,0,,24,Not Funded,N/A,0,0
LN102848,24-06-2022,40,Female,East,85300,26,RENT,Master's,Business,682,1,10300,Approved,8840,10.8,60,Fully Paid,Good Loan,8840,477.36
LN102849,15-01-2024,21,Male,East,104100,1,RENT,High School,Car,726,0,8700,Approved,7950,8.23,36,Fully Paid,Good Loan,7950,327.14
LN102850,27-10-2023,33,Male,South,46200,29,MORTGAGE,Bachelor's,Debt Consolidation,643,0,20900,Approved,20280,12.06,60,Charged Off,Bad Loan,7816.59,471.34
LN102851,02-02-2022,21,Male,Central,46500,3,RENT,High School,Home Improvement,553,0,9300,Approved,8420,14.09,12,Charged Off,Bad Loan,2014.17,141.9
LN102852,24-02-2022,25,Female,North,134000,29,MORTGAGE,Master's,Business,847,2,29100,Approved,27010,4.96,60,Fully Paid,Good Loan,27010,669.85
LN102853,03-06-2023,36,Male,North,70800,2,MORTGAGE,Master's,Business,806,0,37600,Approved,32610,5.13,36,Fully Paid,Good Loan,32610,836.45
LN102854,26-01-2024,35,Male,East,52100,13,RENT,Bachelor's,Business,817,0,16400,Approved,14490,6.26,48,Fully Paid,Good Loan,14490,453.54
LN102855,12-01-2022,48,Male,North,67900,10,RENT,Bachelor's,Home Improvement,629,1,13600,Rejected,0,,36,Not Funded,N/A,0,0
LN102856,21-12-2023,51,Male,East,44500,22,RENT,High School,Debt Consolidation,787,1,7900,Approved,7700,6.74,48,Fully Paid,Good Loan,7700,259.49
LN102857,09-07-2023,43,Female,Central,62000,31,MORTGAGE,High School,Car,781,0,16200,Approved,15340,7.24,36,Fully Paid,Good Loan,15340,555.31
LN102858,08-01-2023,63,Male,West,61600,2,RENT,High School,Debt Consolidation,771,0,22800,Approved,22240,6.31,36,Current,Good Loan,15154.4,478.12
LN102859,29-04-2023,37,Male,East,78900,0,MORTGAGE,High School,Home Improvement,831,0,15500,Approved,14580,6.31,48,Current,Good Loan,3510.42,110.75
LN102860,30-08-2024,54,Male,East,34800,8,RENT,Master's,Debt Consolidation,736,0,25300,Approved,24580,8.62,12,Fully Paid,Good Loan,24580,1059.4
LN102861,15-09-2023,33,Male,North,63600,8,OWN,Bachelor's,Medical,721,0,26800,Approved,26730,7.6,36,Current,Good Loan,17755.94,674.73
LN102862,03-11-2022,34,Female,South,32000,11,MORTGAGE,High School,Home Improvement,461,0,4800,Rejected,0,,36,Not Funded,N/A,0,0
LN102863,02-04-2023,31,Male,South,126000,0,MORTGAGE,Master's,Debt Consolidation,733,1,28200,Approved,26000,8.13,24,Fully Paid,Good Loan,26000,1056.9
LN102864,09-06-2022,48,Male,Central,44900,15,MORTGAGE,PhD,Debt Consolidation,315,2,36100,Rejected,0,,60,Not Funded,N/A,0,0
LN102865,27-11-2022,62,Female,South,25700,29,MORTGAGE,Bachelor's,Debt Consolidation,364,2,2000,Rejected,0,,24,Not Funded,N/A,0,0
LN102866,15-02-2024,52,Male,East,189100,7,MORTGAGE,Bachelor's,Medical,372,0,22500,Approved,20810,19.28,36,Charged Off,Bad Loan,8064.53,777.42
LN102867,13-08-2022,55,Female,Central,42900,9,MORTGAGE,High School,Medical,503,0,24600,Rejected,0,,36,Not Funded,N/A,0,0
LN102868,09-09-2024,51,Male,West,56500,32,MORTGAGE,Bachelor's,Personal,553,0,28700,Approved,26290,13.83,36,Current,Good Loan,5297,366.29
LN102869,30-12-2023,37,Male,Central,25300,21,MORTGAGE,Bachelor's,Debt Consolidation,828,0,16000,Approved,14380,4.19,12,Fully Paid,Good Loan,14380,301.26
LN102870,04-12-2024,29,Female,East,52900,15,RENT,PhD,Debt Consolidation,494,0,32900,Approved,28180,16.93,24,Charged Off,Bad Loan,10137.3,858.12
LN102871,18-12-2024,30,Female,South,115000,18,RENT,Bachelor's,Debt Consolidation,550,0,22100,Rejected,0,,60,Not Funded,N/A,0,0
LN102872,06-10-2023,28,Male,West,74400,10,RENT,Master's,Debt Consolidation,849,0,16900,Approved,14810,4.88,12,Charged Off,Bad Loan,5668.89,138.32
LN102873,08-09-2023,41,Male,South,25200,10,MORTGAGE,High School,Medical,584,0,29100,Approved,26690,13.25,48,Current,Good Loan,15701.52,1040.23
LN102874,14-07-2022,33,Male,North,38400,13,RENT,Bachelor's,Personal,842,0,37200,Approved,33950,5.08,36,Charged Off,Bad Loan,1559.12,39.6
LN102875,04-05-2023,25,Male,West,81900,25,MORTGAGE,High School,Debt Consolidation,782,0,32700,Approved,28730,4,12,Current,Good Loan,11874.51,237.49
LN102876,06-06-2022,26,Male,East,72100,19,RENT,Master's,Home Improvement,609,0,37300,Approved,36310,11.89,48,Current,Good Loan,25876.08,1538.33
LN102877,02-09-2023,50,Female,Central,43500,19,RENT,High School,Home Improvement,480,0,11400,Approved,10860,16.4,36,Charged Off,Bad Loan,4337.22,355.65
LN102878,16-02-2023,51,Male,Central,64800,4,RENT,Bachelor's,Car,544,0,5600,Rejected,0,,12,Not Funded,N/A,0,0
LN102879,16-04-2023,37,Male,Central,31600,0,RENT,High School,Business,740,0,21800,Approved,21140,5.77,36,Charged Off,Bad Loan,5391.23,155.54
LN102880,31-05-2023,31,Female,North,30100,10,MORTGAGE,Bachelor's,Personal,574,0,2700,Rejected,0,,24,Not Funded,N/A,0,0
LN102881,28-01-2023,40,Male,West,17600,9,MORTGAGE,Bachelor's,Education,523,0,27300,Approved,24210,14.25,36,Current,Good Loan,7723.6,550.31
LN102882,23-09-2023,29,Female,West,82200,27,RENT,Bachelor's,Medical,666,0,10400,Approved,9410,10.43,60,Fully Paid,Good Loan,9410,490.73
LN102883,31-08-2023,22,Male,Central,51700,33,OWN,High School,Debt Consolidation,838,0,18700,Approved,18680,4,60,Fully Paid,Good Loan,18680,373.6
LN102884,06-09-2024,57,Male,South,54300,12,RENT,Bachelor's,Personal,549,0,26600,Approved,23160,12.54,36,Current,Good Loan,13039.91,817.6
LN102885,10-03-2023,21,Female,North,15000,24,MORTGAGE,Bachelor's,Education,312,1,19800,Rejected,0,,12,Not Funded,N/A,0,0
LN102886,24-06-2023,24,Male,Central,53000,22,MORTGAGE,PhD,Business,607,0,10200,Approved,9470,12.71,48,Current,Good Loan,6549.9,416.25
LN102887,05-10-2022,56,Male,South,69400,11,RENT,High School,Home Improvement,491,0,35300,Rejected,0,,48,Not Funded,N/A,0,0
LN102888,21-08-2022,45,Female,East,21200,1,RENT,Master's,Debt Consolidation,318,0,30800,Rejected,0,,60,Not Funded,N/A,0,0
LN102889,28-12-2022,23,Female,South,55300,19,RENT,Bachelor's,Debt Consolidation,638,0,24400,Approved,21800,9.88,60,Fully Paid,Good Loan,21800,1076.92
LN102890,26-01-2022,29,Female,South,52600,15,MORTGAGE,High School,Debt Consolidation,325,0,28200,Rejected,0,,12,Not Funded,N/A,0,0
LN102891,14-11-2024,42,Male,West,43900,13,RENT,Bachelor's,Personal,305,0,17200,Rejected,0,,24,Not Funded,N/A,0,0
LN102892,22-05-2023,43,Male,South,97600,1,RENT,Bachelor's,Medical,440,0,15700,Rejected,0,,60,Not Funded,N/A,0,0
LN102893,24-09-2022,32,Female,West,87600,15,RENT,High School,Medical,326,1,7200,Rejected,0,,60,Not Funded,N/A,0,0
LN102894,06-04-2023,30,Male,North,241100,3,RENT,Bachelor's,Medical,404,1,32300,Rejected,0,,36,Not Funded,N/A,0,0
LN102895,01-04-2023,54,Male,South,31400,12,RENT,Bachelor's,Business,821,0,15900,Approved,14250,5.35,24,Fully Paid,Good Loan,14250,381.19
LN102896,27-12-2024,63,Female,South,65700,0,RENT,Bachelor's,Debt Consolidation,578,0,28000,Approved,25750,8.88,24,Current,Good Loan,17763.23,788.69
LN102897,03-10-2024,30,Male,West,106400,8,MORTGAGE,Bachelor's,Debt Consolidation,602,0,12700,Approved,10810,11.12,60,Current,Good Loan,3548.13,197.28
LN102898,12-05-2024,50,Male,South,39700,20,RENT,Bachelor's,Personal,311,0,32000,Approved,28200,20.18,36,Charged Off,Bad Loan,9209.7,929.26
LN102899,06-05-2023,42,Female,East,116000,17,MORTGAGE,Bachelor's,Debt Consolidation,376,0,5100,Rejected,0,,12,Not Funded,N/A,0,0
LN102900,08-12-2024,26,Male,West,63800,31,OWN,High School,Education,317,0,25400,Rejected,0,,48,Not Funded,N/A,0,0
LN102901,18-07-2023,22,Male,West,24700,33,MORTGAGE,Bachelor's,Education,473,0,32500,Rejected,0,,60,Not Funded,N/A,0,0
LN102902,04-08-2022,50,Male,East,30400,19,MORTGAGE,High School,Business,700,0,26700,Approved,26320,10.48,48,Fully Paid,Good Loan,26320,1379.17
LN102903,13-07-2023,22,Female,South,41700,1,MORTGAGE,High School,Personal,386,0,28100,Rejected,0,,48,Not Funded,N/A,0,0
LN102904,08-06-2022,52,Male,South,52100,3,MORTGAGE,Bachelor's,Debt Consolidation,642,0,21500,Approved,20300,12.08,48,Fully Paid,Good Loan,20300,1226.12
LN102905,04-05-2023,62,Male,East,94600,6,RENT,High School,Medical,748,0,22800,Approved,22390,7.82,60,Fully Paid,Good Loan,22390,875.45
LN102906,17-11-2023,36,Female,North,52000,21,RENT,Bachelor's,Education,353,0,3600,Rejected,0,,12,Not Funded,N/A,0,0
LN102907,04-03-2024,32,Female,Central,92900,19,RENT,Bachelor's,Personal,726,0,10800,Approved,10670,8.09,24,Current,Good Loan,9273.01,375.09
LN102908,05-01-2022,21,Male,West,56900,34,RENT,Master's,Personal,377,0,29200,Approved,28410,17.54,36,Charged Off,Bad Loan,1995.48,175
LN102909,27-12-2022,28,Female,South,54500,3,OWN,High School,Debt Consolidation,738,0,37900,Approved,33430,7.41,24,Fully Paid,Good Loan,33430,1238.58
LN102910,04-04-2023,33,Female,East,47500,19,OWN,Bachelor's,Home Improvement,796,2,22100,Rejected,0,,36,Not Funded,N/A,0,0
LN102911,05-09-2022,35,Female,Central,84300,34,RENT,Bachelor's,Car,471,0,29300,Rejected,0,,24,Not Funded,N/A,0,0
LN102912,03-08-2024,64,Male,South,57400,32,MORTGAGE,PhD,Debt Consolidation,849,0,27700,Approved,24010,4.95,60,Fully Paid,Good Loan,24010,594.25
LN102913,26-02-2023,28,Female,West,39000,20,MORTGAGE,Master's,Home Improvement,660,0,40000,Approved,38980,9.52,60,Fully Paid,Good Loan,38980,1855.45
LN102914,15-01-2022,30,Male,North,62900,13,MORTGAGE,Bachelor's,Education,535,0,32000,Approved,29800,12.44,48,Current,Good Loan,18701.9,1163.26
LN102915,06-01-2024,25,Male,East,44100,30,MORTGAGE,Bachelor's,Business,732,1,25500,Approved,24800,6.02,36,Fully Paid,Good Loan,24800,746.48
LN102916,04-10-2022,39,Male,Central,43000,21,RENT,Bachelor's,Education,315,0,5500,Rejected,0,,12,Not Funded,N/A,0,0
LN102917,29-03-2023,58,Female,East,92200,29,MORTGAGE,Bachelor's,Medical,795,0,15100,Approved,13720,6.18,60,Fully Paid,Good Loan,13720,423.95
LN102918,21-08-2023,31,Male,East,50400,28,MORTGAGE,Bachelor's,Medical,510,0,10800,Approved,10150,15.23,36,Current,Good Loan,3587.64,273.2
LN102919,22-03-2023,63,Male,Central,141600,28,MORTGAGE,Bachelor's,Medical,626,0,34300,Approved,32430,12.45,60,Current,Good Loan,21754.91,1354.24
LN102920,29-07-2022,40,Female,West,75400,6,RENT,High School,Personal,546,0,18400,Approved,17750,14.54,12,Current,Good Loan,13522.04,983.05
LN102921,15-12-2023,40,Female,West,38400,31,OWN,Bachelor's,Home Improvement,848,0,21900,Approved,21340,5.86,36,Fully Paid,Good Loan,21340,625.26
LN102922,29-10-2022,41,Female,East,37200,12,MORTGAGE,Master's,Debt Consolidation,802,0,38600,Approved,36650,6.58,48,Fully Paid,Good Loan,36650,1205.78
LN102923,03-01-2022,38,Male,East,31000,12,MORTGAGE,High School,Home Improvement,466,0,33600,Rejected,0,,36,Not Funded,N/A,0,0
LN102924,16-09-2024,30,Male,West,71200,13,RENT,Bachelor's,Personal,740,0,31800,Approved,30740,9.89,12,Charged Off,Bad Loan,9747.6,482.02
LN102925,04-06-2023,54,Female,Central,36800,5,RENT,Bachelor's,Debt Consolidation,652,0,6500,Approved,6410,9.03,48,Charged Off,Bad Loan,702.05,31.7
LN102926,08-05-2023,46,Male,West,19500,15,MORTGAGE,Bachelor's,Education,398,0,1900,Rejected,0,,60,Not Funded,N/A,0,0
LN102927,12-09-2023,50,Female,West,25800,20,RENT,Bachelor's,Home Improvement,417,0,5900,Rejected,0,,48,Not Funded,N/A,0,0
LN102928,27-11-2022,29,Male,North,33000,15,RENT,Master's,Personal,652,0,29900,Approved,27040,11.58,60,Charged Off,Bad Loan,8282.98,479.58
LN102929,29-11-2022,51,Female,West,63000,4,RENT,Bachelor's,Personal,800,0,17000,Approved,15570,7.39,12,Fully Paid,Good Loan,15570,575.31
LN102930,19-02-2022,62,Male,West,52200,23,RENT,Master's,Medical,338,1,5600,Rejected,0,,24,Not Funded,N/A,0,0
LN102931,12-05-2024,24,Male,West,82800,0,RENT,Bachelor's,Debt Consolidation,629,0,29800,Approved,25660,11.45,24,Fully Paid,Good Loan,25660,1469.04
LN102932,29-09-2022,26,Female,South,36000,9,RENT,Master's,Debt Consolidation,622,0,8600,Rejected,0,,12,Not Funded,N/A,0,0
LN102933,03-08-2023,34,Male,Central,46800,34,MORTGAGE,Master's,Debt Consolidation,797,1,24000,Approved,20980,6.5,60,Fully Paid,Good Loan,20980,681.85
LN102934,14-07-2023,24,Male,North,118900,30,OWN,Master's,Home Improvement,328,0,29900,Rejected,0,,48,Not Funded,N/A,0,0
LN102935,27-11-2023,46,Female,South,46500,14,MORTGAGE,PhD,Debt Consolidation,842,0,24700,Approved,21110,5.41,60,Fully Paid,Good Loan,21110,571.03
LN102936,22-03-2023,59,Male,West,59900,10,MORTGAGE,High School,Home Improvement,615,0,39800,Approved,36550,11.25,24,Current,Good Loan,28280.49,1590.78
LN102937,13-10-2024,37,Male,West,40300,8,MORTGAGE,Bachelor's,Debt Consolidation,850,0,17900,Approved,16270,4,48,Current,Good Loan,13065,261.3
LN102938,23-12-2022,39,Male,South,48900,1,RENT,Bachelor's,Medical,812,0,13200,Approved,11400,5.53,36,Fully Paid,Good Loan,11400,315.21
LN102939,01-10-2022,26,Male,West,67100,29,RENT,Bachelor's,Car,766,0,8800,Approved,7980,7.8,24,Charged Off,Bad Loan,1190.49,46.43
LN102940,08-11-2024,49,Male,South,72800,15,RENT,Master's,Business,498,1,20600,Rejected,0,,12,Not Funded,N/A,0,0
LN102941,07-11-2022,31,Female,North,57100,0,MORTGAGE,High School,Personal,481,0,34200,Rejected,0,,48,Not Funded,N/A,0,0
LN102942,19-05-2024,36,Female,North,48200,5,MORTGAGE,Bachelor's,Debt Consolidation,429,0,37900,Approved,37810,15.75,60,Fully Paid,Good Loan,37810,2977.54
LN102943,04-06-2024,50,Male,Central,57400,10,RENT,Bachelor's,Debt Consolidation,430,0,38900,Rejected,0,,36,Not Funded,N/A,0,0
LN102944,03-06-2022,45,Male,South,38900,32,MORTGAGE,High School,Debt Consolidation,304,0,21700,Rejected,0,,24,Not Funded,N/A,0,0
LN102945,12-09-2023,60,Female,North,49200,16,OWN,Bachelor's,Personal,466,0,24600,Rejected,0,,48,Not Funded,N/A,0,0
LN102946,01-06-2024,31,Female,West,62900,33,RENT,High School,Home Improvement,684,0,23700,Approved,21420,7.66,24,Current,Good Loan,6278.07,240.45
LN102947,07-03-2024,27,Male,South,84500,24,MORTGAGE,Master's,Personal,391,0,19200,Rejected,0,,12,Not Funded,N/A,0,0
LN102948,05-05-2022,46,Female,West,35900,21,RENT,High School,Debt Consolidation,486,0,6900,Rejected,0,,24,Not Funded,N/A,0,0
LN102949,11-09-2023,42,Female,Central,50000,25,MORTGAGE,High School,Car,764,0,3600,Approved,3450,7.7,60,Fully Paid,Good Loan,3450,132.82
LN102950,02-09-2022,45,Male,West,34500,26,MORTGAGE,High School,Home Improvement,818,0,18000,Approved,15780,5.71,60,Charged Off,Bad Loan,3921.65,111.96
LN102951,27-04-2024,39,Male,South,44400,8,MORTGAGE,High School,Medical,414,0,8300,Rejected,0,,12,Not Funded,N/A,0,0
LN102952,26-03-2023,51,Male,East,85000,4,MORTGAGE,Bachelor's,Personal,562,1,35600,Rejected,0,,12,Not Funded,N/A,0,0
LN102953,18-07-2024,46,Female,West,42600,17,MORTGAGE,Master's,Personal,643,0,30700,Approved,28620,10.41,36,Fully Paid,Good Loan,28620,1489.67
LN102954,04-06-2023,62,Female,South,51900,21,RENT,Bachelor's,Car,538,0,25100,Approved,24850,13.34,48,Fully Paid,Good Loan,24850,1657.5
LN102955,28-12-2022,61,Female,North,31100,11,RENT,High School,Debt Consolidation,608,0,2800,Rejected,0,,24,Not Funded,N/A,0,0
LN102956,08-01-2022,56,Male,East,42100,21,MORTGAGE,Bachelor's,Education,315,0,25300,Rejected,0,,12,Not Funded,N/A,0,0
LN102957,23-04-2023,43,Female,North,27000,5,RENT,Bachelor's,Car,361,0,25200,Rejected,0,,48,Not Funded,N/A,0,0
LN102958,10-05-2023,33,Female,Central,61400,26,RENT,Bachelor's,Home Improvement,620,1,18100,Rejected,0,,12,Not Funded,N/A,0,0
LN102959,12-04-2024,45,Female,West,63900,14,RENT,Bachelor's,Medical,667,0,26700,Approved,25600,10.04,12,Fully Paid,Good Loan,25600,1285.12
LN102960,28-11-2024,22,Male,North,63000,16,RENT,Bachelor's,Debt Consolidation,734,0,34500,Approved,30530,8.57,36,Current,Good Loan,27413.7,1174.68
LN102961,16-08-2023,22,Female,South,64900,2,RENT,Bachelor's,Debt Consolidation,591,0,30600,Approved,27300,13.11,60,Charged Off,Bad Loan,9908.26,649.49
LN102962,06-07-2022,36,Male,Central,63100,9,MORTGAGE,Bachelor's,Education,462,0,19500,Rejected,0,,48,Not Funded,N/A,0,0
LN102963,24-01-2024,29,Female,South,27300,24,RENT,Bachelor's,Home Improvement,540,0,11200,Rejected,0,,36,Not Funded,N/A,0,0
LN102964,03-04-2022,48,Female,West,38000,20,MORTGAGE,High School,Debt Consolidation,624,0,19600,Approved,18830,10.76,60,Current,Good Loan,4406.68,237.08
LN102965,27-03-2022,33,Male,South,19700,8,MORTGAGE,Master's,Debt Consolidation,674,0,37900,Approved,33010,10.15,12,Fully Paid,Good Loan,33010,1675.26
LN102966,03-12-2024,55,Female,Central,44000,23,MORTGAGE,High School,Education,428,1,33000,Rejected,0,,36,Not Funded,N/A,0,0
LN102967,17-05-2022,61,Male,West,36600,31,RENT,Bachelor's,Medical,422,1,2100,Rejected,0,,60,Not Funded,N/A,0,0
LN102968,25-02-2023,33,Female,North,53200,2,OWN,Master's,Debt Consolidation,763,1,31500,Approved,29110,6.97,60,Current,Good Loan,18913.75,659.14
LN102969,15-03-2022,51,Male,South,163900,32,RENT,High School,Personal,826,0,7700,Approved,7230,4.43,36,Fully Paid,Good Loan,7230,160.14
LN102970,20-06-2022,41,Female,East,77000,11,MORTGAGE,High School,Debt Consolidation,528,0,23300,Approved,21460,13.82,24,Fully Paid,Good Loan,21460,1482.89
LN102971,19-06-2022,52,Female,Central,107800,28,RENT,Bachelor's,Medical,443,0,32500,Approved,30790,16.53,36,Current,Good Loan,19813.91,1637.62
LN102972,21-05-2024,54,Male,North,78400,20,MORTGAGE,High School,Debt Consolidation,475,0,22900,Rejected,0,,12,Not Funded,N/A,0,0
LN102973,18-11-2022,28,Male,East,51800,33,RENT,Bachelor's,Business,352,0,16800,Rejected,0,,24,Not Funded,N/A,0,0
LN102974,01-04-2023,61,Male,South,53900,32,RENT,Master's,Business,634,1,13500,Rejected,0,,36,Not Funded,N/A,0,0
LN102975,01-08-2024,22,Male,Central,79900,31,RENT,Bachelor's,Business,592,0,12900,Approved,11390,11.54,60,Current,Good Loan,9695.96,559.46
LN102976,29-02-2024,58,Female,West,60600,19,MORTGAGE,Bachelor's,Medical,539,0,33700,Rejected,0,,48,Not Funded,N/A,0,0
LN102977,05-09-2023,52,Female,South,47600,2,RENT,Bachelor's,Car,742,0,33200,Approved,29410,8.5,36,Fully Paid,Good Loan,29410,1249.93
LN102978,07-06-2024,60,Female,North,102900,3,MORTGAGE,Master's,Debt Consolidation,435,0,33100,Rejected,0,,60,Not Funded,N/A,0,0
LN102979,15-12-2022,48,Female,North,66200,16,OWN,Bachelor's,Medical,370,0,12000,Rejected,0,,36,Not Funded,N/A,0,0
LN102980,10-01-2022,57,Male,East,28500,16,RENT,PhD,Home Improvement,307,0,32200,Rejected,0,,12,Not Funded,N/A,0,0
LN102981,10-01-2024,61,Female,South,50000,18,OWN,Bachelor's,Car,732,0,2400,Approved,2270,8.73,12,Fully Paid,Good Loan,2270,99.09
LN102982,29-10-2023,21,Female,South,55400,3,RENT,High School,Education,635,2,9100,Rejected,0,,60,Not Funded,N/A,0,0
LN102983,30-06-2023,61,Male,Central,45200,28,MORTGAGE,Bachelor's,Debt Consolidation,718,1,21100,Approved,19340,9.16,60,Charged Off,Bad Loan,242.35,11.1
LN102984,09-05-2022,30,Male,South,45600,16,OWN,Master's,Education,600,1,16900,Rejected,0,,24,Not Funded,N/A,0,0
LN102985,24-08-2023,24,Male,West,44900,21,OWN,High School,Personal,536,0,5400,Approved,4940,13.03,12,Fully Paid,Good Loan,4940,321.84
LN102986,28-08-2023,55,Female,North,24300,1,MORTGAGE,Bachelor's,Debt Consolidation,805,0,2600,Approved,2390,5.3,48,Fully Paid,Good Loan,2390,63.34
LN102987,23-11-2022,30,Female,North,22400,11,OWN,Bachelor's,Business,698,1,24800,Approved,24630,7.12,12,Fully Paid,Good Loan,24630,876.83
LN102988,06-09-2024,31,Female,South,40400,10,RENT,Master's,Education,622,1,13200,Rejected,0,,12,Not Funded,N/A,0,0
LN102989,08-02-2023,34,Male,West,45200,28,RENT,Bachelor's,Debt Consolidation,301,0,1600,Rejected,0,,48,Not Funded,N/A,0,0
LN102990,21-09-2023,58,Female,East,29700,19,RENT,Bachelor's,Education,484,0,17800,Rejected,0,,12,Not Funded,N/A,0,0
LN102991,19-12-2023,32,Male,Central,34200,4,RENT,Master's,Debt Consolidation,315,0,13000,Rejected,0,,36,Not Funded,N/A,0,0
LN102992,06-11-2024,37,Female,South,48300,24,MORTGAGE,Master's,Personal,578,2,23500,Rejected,0,,36,Not Funded,N/A,0,0
LN102993,01-10-2022,36,Male,South,86200,33,RENT,Bachelor's,Medical,650,0,37300,Approved,36140,9.6,12,Fully Paid,Good Loan,36140,1734.72
LN102994,16-11-2023,55,Male,Central,83600,11,OWN,Master's,Personal,669,0,13000,Approved,11870,11.72,12,Current,Good Loan,8747.34,512.59
LN102995,26-04-2022,22,Female,South,84900,27,MORTGAGE,High School,Home Improvement,677,1,39900,Rejected,0,,48,Not Funded,N/A,0,0
LN102996,10-05-2024,31,Female,South,34400,33,OWN,Master's,Debt Consolidation,354,0,4400,Rejected,0,,12,Not Funded,N/A,0,0
LN102997,24-11-2023,61,Male,North,49000,5,MORTGAGE,Bachelor's,Home Improvement,507,0,4400,Approved,3900,14.67,60,Current,Good Loan,2303.79,168.98
LN102998,20-11-2022,23,Male,West,94500,18,MORTGAGE,Bachelor's,Business,431,1,28800,Rejected,0,,36,Not Funded,N/A,0,0
LN102999,18-08-2024,49,Male,West,24500,11,RENT,Master's,Personal,665,0,30200,Approved,29430,9.4,12,Charged Off,Bad Loan,1322.51,62.16
LN103000,24-04-2022,38,Male,North,44100,24,MORTGAGE,Bachelor's,Car,655,0,17500,Rejected,0,,60,Not Funded,N/A,0,0
LN103001,17-12-2024,40,Male,South,59900,12,RENT,Bachelor's,Business,477,0,12200,Rejected,0,,12,Not Funded,N/A,0,0
LN103002,03-06-2022,34,Female,West,25200,16,RENT,High School,Medical,541,0,32000,Rejected,0,,24,Not Funded,N/A,0,0
LN103003,11-11-2022,54,Female,Central,65700,11,RENT,Master's,Personal,583,0,38300,Rejected,0,,60,Not Funded,N/A,0,0
LN103004,30-11-2024,51,Male,South,108700,2,MORTGAGE,Bachelor's,Car,736,0,39600,Approved,34940,7.91,36,Fully Paid,Good Loan,34940,1381.88
LN103005,15-04-2022,60,Male,Central,94000,23,RENT,High School,Education,824,0,25700,Approved,25250,7.3,36,Fully Paid,Good Loan,25250,921.62
LN103006,20-12-2022,62,Male,South,50000,7,RENT,Bachelor's,Business,370,0,29900,Rejected,0,,24,Not Funded,N/A,0,0
LN103007,12-10-2024,38,Male,North,78200,25,RENT,Bachelor's,Business,353,0,33100,Rejected,0,,60,Not Funded,N/A,0,0
LN103008,03-01-2024,50,Male,North,25000,7,RENT,Bachelor's,Medical,312,0,32200,Rejected,0,,60,Not Funded,N/A,0,0
LN103009,10-12-2023,45,Male,South,61400,31,MORTGAGE,High School,Car,675,0,39700,Approved,34310,9.77,48,Charged Off,Bad Loan,9772.92,477.41
LN103010,13-10-2023,39,Male,South,47200,31,MORTGAGE,Bachelor's,Debt Consolidation,559,0,32600,Approved,30150,12.06,12,Current,Good Loan,13461.91,811.75
LN103011,03-04-2024,28,Male,Central,50700,0,OWN,PhD,Business,379,0,26800,Rejected,0,,60,Not Funded,N/A,0,0
LN103012,04-08-2024,48,Male,North,56800,2,RENT,Master's,Medical,775,0,15700,Approved,14570,9.18,48,Current,Good Loan,2922.94,134.16
LN103013,23-10-2023,28,Male,South,64500,0,RENT,Master's,Education,359,0,24300,Rejected,0,,24,Not Funded,N/A,0,0
LN103014,09-04-2022,51,Male,North,28200,14,RENT,Master's,Business,346,0,35300,Rejected,0,,24,Not Funded,N/A,0,0
LN103015,11-08-2023,23,Female,West,34800,19,OWN,High School,Home Improvement,789,0,12900,Approved,11540,7.9,24,Charged Off,Bad Loan,679.69,26.85
LN103016,09-10-2022,23,Female,Central,48300,2,RENT,Bachelor's,Education,335,0,2200,Rejected,0,,48,Not Funded,N/A,0,0
LN103017,07-02-2023,64,Female,South,24300,14,RENT,Bachelor's,Education,830,0,13800,Approved,12840,5.05,36,Fully Paid,Good Loan,12840,324.21
LN103018,01-12-2023,42,Male,South,57600,20,RENT,High School,Home Improvement,555,1,38400,Rejected,0,,24,Not Funded,N/A,0,0
LN103019,18-07-2022,37,Male,North,78800,22,RENT,High School,Personal,585,0,32000,Approved,31530,13.93,48,Current,Good Loan,16333.12,1137.6
LN103020,23-11-2022,56,Male,South,101400,34,RENT,Bachelor's,Education,666,0,8300,Approved,7190,8.63,48,Current,Good Loan,5924.4,255.64
LN103021,03-06-2022,37,Male,North,56600,17,MORTGAGE,Bachelor's,Car,527,0,1500,Rejected,0,,12,Not Funded,N/A,0,0
LN103022,06-07-2023,34,Female,East,126600,16,MORTGAGE,High School,Debt Consolidation,470,0,27100,Approved,25790,14.55,24,Fully Paid,Good Loan,25790,1876.22
LN103023,09-02-2023,29,Male,West,53300,30,RENT,Bachelor's,Medical,796,0,23600,Approved,20320,4.36,36,Current,Good Loan,13836.2,301.63
LN103024,07-04-2023,50,Male,East,30800,25,MORTGAGE,Master's,Education,544,0,4200,Approved,4140,11.85,48,Fully Paid,Good Loan,4140,245.3
LN103025,12-05-2022,41,Female,South,52800,21,RENT,High School,Home Improvement,692,0,38700,Approved,34730,10.68,36,Charged Off,Bad Loan,101,5.39
LN103026,01-03-2024,32,Male,South,49400,34,MORTGAGE,Bachelor's,Debt Consolidation,823,0,25100,Approved,24120,4.72,36,Fully Paid,Good Loan,24120,569.23
LN103027,23-05-2024,57,Female,East,68300,10,MORTGAGE,Bachelor's,Home Improvement,597,0,26400,Approved,23540,11.82,24,Fully Paid,Good Loan,23540,1391.21
LN103028,25-03-2022,52,Male,East,61200,26,OWN,Master's,Home Improvement,756,0,34300,Approved,31860,8.43,24,Fully Paid,Good Loan,31860,1342.9
LN103029,24-01-2024,31,Female,North,59300,33,RENT,Bachelor's,Debt Consolidation,736,2,14100,Rejected,0,,12,Not Funded,N/A,0,0
LN103030,20-09-2023,40,Male,West,83700,17,MORTGAGE,High School,Education,645,0,22800,Approved,21470,11.01,36,Current,Good Loan,17233.28,948.69
LN103031,09-08-2022,55,Female,East,44600,26,OWN,High School,Home Improvement,777,0,23500,Approved,21020,4.42,36,Current,Good Loan,4971.98,109.88
LN103032,07-07-2023,31,Male,North,69000,3,MORTGAGE,Bachelor's,Car,484,0,38700,Rejected,0,,48,Not Funded,N/A,0,0
LN103033,22-04-2022,28,Female,North,61500,16,RENT,High School,Education,571,1,6100,Approved,5800,13.53,48,Fully Paid,Good Loan,5800,392.37
LN103034,07-09-2023,24,Male,Central,57000,5,MORTGAGE,Bachelor's,Home Improvement,760,0,30600,Approved,28050,7.66,48,Fully Paid,Good Loan,28050,1074.32
LN103035,12-07-2024,47,Female,South,52600,10,MORTGAGE,Bachelor's,Home Improvement,398,0,23400,Rejected,0,,36,Not Funded,N/A,0,0
LN103036,20-04-2023,64,Male,Central,30600,4,RENT,High School,Personal,733,0,34000,Rejected,0,,12,Not Funded,N/A,0,0
LN103037,15-04-2024,60,Male,South,48300,17,RENT,Bachelor's,Personal,772,0,33400,Approved,29130,7.24,60,Current,Good Loan,16866.45,610.57
LN103038,28-09-2022,58,Female,South,49700,24,MORTGAGE,Bachelor's,Home Improvement,568,2,1500,Rejected,0,,48,Not Funded,N/A,0,0
LN103039,25-02-2023,50,Female,West,39100,9,MORTGAGE,High School,Education,695,0,11000,Approved,10900,10.94,60,Charged Off,Bad Loan,1596.4,87.32
LN103040,08-12-2023,64,Male,North,29400,15,OWN,Master's,Personal,707,0,8100,Approved,7270,8.13,12,Fully Paid,Good Loan,7270,295.53
LN103041,09-02-2022,47,Female,South,42200,9,RENT,PhD,Personal,686,0,19000,Approved,16830,8.68,36,Fully Paid,Good Loan,16830,730.42
LN103042,08-07-2022,41,Male,South,43800,9,MORTGAGE,High School,Debt Consolidation,833,0,36300,Approved,30910,7.36,60,Fully Paid,Good Loan,30910,1137.49
LN103043,20-09-2024,40,Female,Central,29600,20,RENT,High School,Business,640,0,1200,Approved,1040,10.32,24,Fully Paid,Good Loan,1040,53.66
LN103044,20-06-2023,24,Female,East,29600,13,OWN,PhD,Medical,838,0,20000,Approved,19880,5.59,36,Current,Good Loan,12948.6,361.91
LN103045,24-10-2024,31,Male,South,21100,7,RENT,Bachelor's,Debt Consolidation,513,0,35500,Rejected,0,,24,Not Funded,N/A,0,0
LN103046,17-10-2022,33,Female,South,61900,0,RENT,Master's,Car,696,0,37100,Approved,33690,9.19,12,Fully Paid,Good Loan,33690,1548.06
LN103047,09-03-2023,29,Female,East,84100,15,RENT,Bachelor's,Business,343,0,26600,Rejected,0,,60,Not Funded,N/A,0,0
LN103048,16-04-2023,24,Male,North,54600,25,MORTGAGE,Bachelor's,Business,665,0,33400,Approved,29210,9.77,60,Fully Paid,Good Loan,29210,1426.91
LN103049,20-09-2023,32,Female,South,45200,5,RENT,Master's,Debt Consolidation,473,0,13600,Approved,12600,16.23,12,Charged Off,Bad Loan,2097.6,170.22
LN103050,06-10-2022,29,Male,South,29000,1,MORTGAGE,Bachelor's,Home Improvement,572,0,12200,Approved,11690,12.08,12,Charged Off,Bad Loan,1492.37,90.14
LN103051,26-05-2024,33,Female,East,20100,8,MORTGAGE,Bachelor's,Debt Consolidation,849,1,2900,Approved,2700,7.27,36,Fully Paid,Good Loan,2700,98.14
LN103052,04-08-2023,46,Female,South,53400,4,RENT,Bachelor's,Personal,789,0,20600,Approved,17620,5.68,12,Fully Paid,Good Loan,17620,500.41
LN103053,12-05-2024,58,Male,East,71500,4,RENT,Master's,Home Improvement,481,1,18800,Rejected,0,,48,Not Funded,N/A,0,0
LN103054,11-09-2022,62,Female,West,37300,7,RENT,PhD,Debt Consolidation,395,0,15500,Rejected,0,,24,Not Funded,N/A,0,0
LN103055,30-06-2022,33,Female,Central,87100,4,RENT,Bachelor's,Debt Consolidation,370,0,5400,Approved,4950,17.74,12,Charged Off,Bad Loan,614.24,54.48
LN103056,12-11-2023,59,Female,West,39700,4,MORTGAGE,High School,Home Improvement,610,0,10000,Approved,9050,12.21,48,Current,Good Loan,4228.94,258.18
LN103057,04-04-2024,48,Male,South,88300,16,MORTGAGE,High School,Education,626,0,8900,Approved,7870,9.37,60,Fully Paid,Good Loan,7870,368.71
LN103058,01-12-2023,39,Male,West,38100,8,RENT,Master's,Medical,646,0,37800,Rejected,0,,12,Not Funded,N/A,0,0
LN103059,20-07-2023,44,Female,Central,16300,33,MORTGAGE,High School,Personal,465,0,38700,Rejected,0,,24,Not Funded,N/A,0,0
LN103060,11-11-2023,39,Male,East,71800,32,RENT,High School,Education,515,1,1100,Rejected,0,,24,Not Funded,N/A,0,0
LN103061,26-01-2023,33,Male,South,35800,21,MORTGAGE,Master's,Home Improvement,643,0,7700,Rejected,0,,36,Not Funded,N/A,0,0
LN103062,31-07-2022,33,Female,North,27100,20,OWN,Bachelor's,Home Improvement,360,0,35700,Rejected,0,,60,Not Funded,N/A,0,0
LN103063,19-01-2023,48,Male,Central,67300,14,RENT,Master's,Business,485,0,2500,Rejected,0,,60,Not Funded,N/A,0,0
LN103064,08-12-2022,22,Female,South,36300,0,MORTGAGE,Bachelor's,Business,663,0,37800,Approved,33100,10.61,24,Charged Off,Bad Loan,4872,258.46
LN103065,23-04-2024,30,Female,North,28700,6,MORTGAGE,Bachelor's,Education,481,1,15800,Rejected,0,,48,Not Funded,N/A,0,0
LN103066,27-11-2024,42,Female,East,97700,22,RENT,High School,Business,333,0,22000,Rejected,0,,24,Not Funded,N/A,0,0
LN103067,24-02-2023,33,Male,West,49400,5,MORTGAGE,Bachelor's,Debt Consolidation,704,0,30800,Approved,28180,8.42,12,Fully Paid,Good Loan,28180,1186.38
LN103068,21-01-2024,29,Male,South,28400,19,MORTGAGE,High School,Business,437,1,10500,Rejected,0,,36,Not Funded,N/A,0,0
LN103069,02-11-2022,53,Male,West,44000,25,RENT,Bachelor's,Debt Consolidation,327,0,4900,Rejected,0,,12,Not Funded,N/A,0,0
LN103070,03-12-2023,34,Female,West,141400,11,MORTGAGE,Bachelor's,Debt Consolidation,405,0,32600,Approved,30080,17.83,60,Fully Paid,Good Loan,30080,2681.63
LN103071,18-05-2024,40,Male,South,57000,12,MORTGAGE,High School,Home Improvement,456,1,39400,Rejected,0,,12,Not Funded,N/A,0,0
LN103072,21-06-2023,35,Female,East,40600,12,OWN,Bachelor's,Business,406,1,26700,Rejected,0,,60,Not Funded,N/A,0,0
LN103073,25-07-2022,52,Female,East,67900,1,MORTGAGE,Master's,Debt Consolidation,532,1,33200,Rejected,0,,36,Not Funded,N/A,0,0
LN103074,11-05-2023,53,Female,Central,44200,31,RENT,PhD,Debt Consolidation,495,0,37700,Rejected,0,,60,Not Funded,N/A,0,0
LN103075,06-12-2024,37,Male,West,43100,30,MORTGAGE,Bachelor's,Home Improvement,501,0,9900,Rejected,0,,36,Not Funded,N/A,0,0
LN103076,19-05-2023,44,Male,Central,40300,10,MORTGAGE,High School,Debt Consolidation,408,0,14700,Rejected,0,,48,Not Funded,N/A,0,0
LN103077,11-11-2024,50,Female,South,79600,3,MORTGAGE,Master's,Personal,842,1,9500,Approved,8360,6.09,48,Fully Paid,Good Loan,8360,254.56
LN103078,01-08-2022,33,Male,South,59100,33,MORTGAGE,Bachelor's,Car,340,0,3400,Rejected,0,,36,Not Funded,N/A,0,0
LN103079,06-11-2022,36,Male,North,102700,15,OWN,PhD,Car,363,0,29600,Rejected,0,,24,Not Funded,N/A,0,0
LN103080,23-10-2023,22,Male,East,62200,30,RENT,Bachelor's,Business,714,1,6700,Approved,5880,10.15,36,Fully Paid,Good Loan,5880,298.41
LN103081,23-01-2024,37,Female,Central,107700,24,RENT,Bachelor's,Personal,671,1,4600,Approved,4320,9.01,60,Charged Off,Bad Loan,478.89,21.57
LN103082,29-09-2022,52,Female,South,72600,7,MORTGAGE,PhD,Medical,663,2,14900,Rejected,0,,48,Not Funded,N/A,0,0
LN103083,26-07-2024,63,Male,North,48200,7,MORTGAGE,Bachelor's,Home Improvement,535,0,3400,Approved,3280,11.99,48,Current,Good Loan,739.58,44.34
LN103084,01-02-2022,28,Female,North,51000,33,MORTGAGE,High School,Education,770,0,8000,Approved,7040,6.84,36,Current,Good Loan,2756.34,94.27
LN103085,19-03-2023,23,Male,South,123300,14,RENT,Bachelor's,Business,799,1,3700,Approved,3290,8.23,24,Current,Good Loan,695.72,28.63
LN103086,11-06-2022,32,Female,North,97400,4,RENT,High School,Business,722,0,35200,Approved,32030,8.66,36,Fully Paid,Good Loan,32030,1386.9
LN103087,06-02-2024,40,Male,South,108700,18,RENT,Bachelor's,Car,487,1,31400,Rejected,0,,60,Not Funded,N/A,0,0
LN103088,11-09-2022,36,Female,West,34400,9,MORTGAGE,Bachelor's,Business,839,0,34500,Approved,31710,4,60,Current,Good Loan,17336.86,346.74
LN103089,05-06-2023,34,Male,South,23300,8,RENT,High School,Medical,702,1,34900,Approved,31840,8.96,12,Charged Off,Bad Loan,1602.04,71.77
LN103090,03-09-2024,36,Male,East,37100,28,MORTGAGE,Master's,Debt Consolidation,793,0,37800,Approved,37740,6.67,24,Current,Good Loan,13015.1,434.05
LN103091,10-01-2022,63,Male,East,58400,18,OWN,Bachelor's,Personal,533,1,8300,Rejected,0,,48,Not Funded,N/A,0,0
LN103092,27-12-2023,53,Male,West,40500,12,RENT,High School,Debt Consolidation,791,0,36100,Approved,31060,6.21,60,Fully Paid,Good Loan,31060,964.41
LN103093,20-05-2023,50,Female,North,54800,15,RENT,High School,Personal,830,2,21500,Rejected,0,,60,Not Funded,N/A,0,0
LN103094,24-02-2024,32,Male,Central,44200,29,RENT,Master's,Education,611,0,7500,Approved,7360,11.56,24,Current,Good Loan,3083.16,178.21
LN103095,12-03-2023,35,Male,East,24500,4,RENT,Bachelor's,Business,412,0,26600,Approved,26070,16.73,36,Fully Paid,Good Loan,26070,2180.76
LN103096,02-06-2022,38,Male,South,65700,32,RENT,Master's,Home Improvement,800,0,13800,Approved,13720,7.77,12,Current,Good Loan,6917.43,268.74
LN103097,05-07-2024,48,Male,North,54900,18,MORTGAGE,High School,Home Improvement,643,0,2800,Rejected,0,,60,Not Funded,N/A,0,0
LN103098,18-05-2024,43,Male,North,98500,18,MORTGAGE,High School,Medical,657,0,4100,Approved,3590,12.12,12,Current,Good Loan,2737.73,165.91
LN103099,23-01-2024,34,Male,West,58200,16,RENT,Master's,Debt Consolidation,425,0,17500,Rejected,0,,48,Not Funded,N/A,0,0
LN103100,17-07-2023,50,Male,East,77000,23,MORTGAGE,Bachelor's,Debt Consolidation,381,0,33200,Approved,31290,18.43,12,Fully Paid,Good Loan,31290,2883.37
LN103101,04-05-2023,53,Male,South,37500,27,OWN,Bachelor's,Debt Consolidation,551,1,13100,Approved,12520,14.43,60,Current,Good Loan,4897.24,353.34
LN103102,13-06-2024,35,Male,South,63300,21,RENT,Master's,Home Improvement,681,0,30900,Approved,26870,9.84,36,Current,Good Loan,21147.53,1040.46
LN103103,14-04-2022,27,Female,Central,78000,15,MORTGAGE,High School,Home Improvement,398,0,3200,Approved,2800,17.29,60,Current,Good Loan,2391.57,206.75
LN103104,21-10-2024,35,Female,Central,69600,34,RENT,Master's,Education,751,0,16400,Approved,16310,7.88,48,Charged Off,Bad Loan,5805.87,228.75
LN103105,03-10-2024,62,Male,East,48900,26,RENT,Bachelor's,Personal,323,1,6000,Rejected,0,,12,Not Funded,N/A,0,0
LN103106,11-02-2023,58,Female,East,63400,11,MORTGAGE,High School,Car,716,1,34700,Approved,30310,5.47,36,Fully Paid,Good Loan,30310,828.98
LN103107,16-06-2022,64,Female,West,71700,27,RENT,Bachelor's,Car,652,0,38700,Approved,34330,11.31,36,Fully Paid,Good Loan,34330,1941.36
LN103108,24-05-2023,31,Male,West,93000,0,RENT,Master's,Education,372,0,13700,Rejected,0,,12,Not Funded,N/A,0,0
LN103109,09-11-2022,49,Female,South,42100,17,RENT,Bachelor's,Debt Consolidation,814,0,39600,Approved,36240,4.96,12,Fully Paid,Good Loan,36240,898.75
LN103110,02-02-2024,51,Male,North,32800,22,OWN,Bachelor's,Home Improvement,329,0,30300,Rejected,0,,12,Not Funded,N/A,0,0
LN103111,12-11-2023,45,Female,West,37300,21,RENT,Bachelor's,Debt Consolidation,749,0,1000,Approved,910,7.57,48,Current,Good Loan,566.97,21.46
LN103112,22-04-2023,44,Male,North,57800,3,MORTGAGE,Master's,Debt Consolidation,779,0,19900,Approved,19110,5.38,36,Fully Paid,Good Loan,19110,514.06
LN103113,14-03-2022,39,Male,North,54300,10,MORTGAGE,Master's,Home Improvement,756,0,33500,Approved,30470,8.7,60,Current,Good Loan,25600.61,1113.63
LN103114,05-08-2023,22,Male,West,71800,17,RENT,Master's,Car,326,0,21800,Rejected,0,,48,Not Funded,N/A,0,0
LN103115,19-09-2022,42,Female,East,78700,6,RENT,Bachelor's,Medical,655,0,22400,Approved,20130,10.57,12,Current,Good Loan,7199.28,380.48
LN103116,02-09-2022,40,Female,Central,23200,20,RENT,High School,Personal,318,0,18500,Rejected,0,,12,Not Funded,N/A,0,0
LN103117,15-07-2023,53,Male,East,43600,34,RENT,Master's,Debt Consolidation,827,0,16400,Approved,15220,5.61,60,Fully Paid,Good Loan,15220,426.92
LN103118,24-06-2022,28,Male,Central,59600,29,RENT,High School,Business,569,1,2100,Rejected,0,,60,Not Funded,N/A,0,0
LN103119,19-04-2022,45,Male,South,89500,16,RENT,Master's,Medical,445,0,25200,Rejected,0,,60,Not Funded,N/A,0,0
LN103120,02-07-2022,29,Male,West,52900,32,RENT,High School,Business,841,0,30900,Approved,29240,4.68,24,Fully Paid,Good Loan,29240,684.22
LN103121,11-07-2022,54,Male,South,100200,15,RENT,Bachelor's,Home Improvement,448,0,31800,Rejected,0,,48,Not Funded,N/A,0,0
LN103122,06-03-2022,43,Male,North,69400,14,MORTGAGE,Bachelor's,Car,482,0,25400,Rejected,0,,24,Not Funded,N/A,0,0
LN103123,20-08-2024,25,Female,South,64300,12,RENT,Master's,Home Improvement,341,0,14300,Rejected,0,,60,Not Funded,N/A,0,0
LN103124,13-05-2024,45,Female,West,51600,2,OWN,Master's,Personal,464,0,1900,Approved,1850,17.04,36,Charged Off,Bad Loan,506.23,43.13
LN103125,04-01-2023,28,Male,North,53600,23,RENT,High School,Debt Consolidation,393,0,35900,Approved,34250,17.51,48,Fully Paid,Good Loan,34250,2998.59
LN103126,30-04-2024,36,Male,East,62900,22,MORTGAGE,High School,Car,513,0,17700,Rejected,0,,24,Not Funded,N/A,0,0
LN103127,12-02-2022,35,Female,North,49600,0,OWN,PhD,Debt Consolidation,487,0,24400,Rejected,0,,12,Not Funded,N/A,0,0
LN103128,03-05-2023,21,Female,North,89400,31,RENT,High School,Debt Consolidation,387,0,8600,Approved,8560,17.71,48,Charged Off,Bad Loan,1768.19,156.57
LN103129,19-03-2022,42,Female,East,80500,32,MORTGAGE,Bachelor's,Home Improvement,757,0,6500,Approved,5720,7.12,36,Fully Paid,Good Loan,5720,203.63
LN103130,05-04-2024,23,Female,Central,92900,29,MORTGAGE,PhD,Business,771,0,4400,Approved,4220,7.37,36,Current,Good Loan,878.79,32.38
LN103131,05-11-2023,58,Female,South,33900,1,OWN,Master's,Home Improvement,353,0,32200,Rejected,0,,60,Not Funded,N/A,0,0
LN103132,02-12-2023,34,Male,East,33400,17,MORTGAGE,Bachelor's,Car,671,0,26200,Approved,25830,6.98,60,Charged Off,Bad Loan,8238.95,287.54
LN103133,29-01-2024,56,Male,Central,67500,29,RENT,Bachelor's,Medical,816,0,25200,Approved,24220,6.82,12,Fully Paid,Good Loan,24220,825.9
LN103134,29-12-2023,38,Female,West,52200,17,MORTGAGE,Bachelor's,Home Improvement,664,0,36900,Approved,36530,10.26,36,Charged Off,Bad Loan,1653.58,84.83
LN103135,13-07-2024,61,Male,West,60900,4,MORTGAGE,Bachelor's,Business,336,0,7200,Rejected,0,,60,Not Funded,N/A,0,0
LN103136,20-06-2024,38,Male,North,32800,4,RENT,High School,Home Improvement,418,0,7600,Rejected,0,,24,Not Funded,N/A,0,0
LN103137,07-06-2024,23,Male,East,28100,7,MORTGAGE,Master's,Debt Consolidation,708,0,8400,Approved,7330,7.43,60,Fully Paid,Good Loan,7330,272.31
LN103138,19-09-2024,30,Female,South,60200,8,MORTGAGE,High School,Medical,662,1,17500,Rejected,0,,12,Not Funded,N/A,0,0
LN103139,05-12-2022,59,Female,East,38500,31,RENT,Bachelor's,Debt Consolidation,668,0,35100,Approved,30900,11.54,12,Fully Paid,Good Loan,30900,1782.93
LN103140,12-07-2022,21,Male,West,74700,13,OWN,Bachelor's,Personal,452,0,35400,Approved,31260,13.58,24,Charged Off,Bad Loan,3667.55,249.03
LN103141,10-10-2022,47,Male,South,41100,12,RENT,Bachelor's,Home Improvement,622,0,24000,Approved,22120,11.82,48,Charged Off,Bad Loan,3082.41,182.17
LN103142,25-01-2023,47,Female,North,36300,17,MORTGAGE,High School,Education,593,0,26700,Approved,26170,13.74,36,Fully Paid,Good Loan,26170,1797.88
LN103143,26-09-2024,31,Male,Central,19500,3,RENT,Master's,Car,779,0,36000,Rejected,0,,12,Not Funded,N/A,0,0
LN103144,09-06-2023,25,Male,East,95000,21,OWN,Bachelor's,Debt Consolidation,777,0,25300,Approved,22410,7.47,36,Current,Good Loan,7386.67,275.89
LN103145,21-10-2023,27,Female,Central,74200,19,MORTGAGE,Bachelor's,Business,747,1,10000,Approved,9400,6.66,24,Fully Paid,Good Loan,9400,313.02
LN103146,17-12-2023,39,Male,East,27600,14,MORTGAGE,High School,Debt Consolidation,429,0,28500,Rejected,0,,24,Not Funded,N/A,0,0
LN103147,09-06-2024,49,Male,North,22100,6,OWN,High School,Business,641,0,31000,Rejected,0,,48,Not Funded,N/A,0,0
LN103148,28-03-2023,35,Female,East,41400,12,RENT,High School,Business,566,1,25800,Rejected,0,,12,Not Funded,N/A,0,0
LN103149,04-03-2023,55,Male,East,83000,33,RENT,High School,Debt Consolidation,637,0,11700,Approved,10600,10.75,24,Charged Off,Bad Loan,1491.29,80.16
LN103150,11-11-2024,57,Female,North,42700,29,MORTGAGE,High School,Business,774,1,16600,Approved,14840,5.6,60,Charged Off,Bad Loan,55.93,1.57
LN103151,01-06-2024,32,Male,East,49400,4,RENT,Bachelor's,Business,714,1,19400,Approved,18520,10.26,36,Fully Paid,Good Loan,18520,950.08
LN103152,09-11-2022,50,Male,South,84600,0,MORTGAGE,High School,Business,590,0,6700,Approved,6350,11.98,36,Current,Good Loan,5100.74,305.53
LN103153,19-04-2024,40,Male,East,34700,30,MORTGAGE,High School,Personal,471,0,18600,Approved,18160,15.25,60,Current,Good Loan,15119.74,1152.88
LN103154,03-06-2023,57,Male,South,39900,19,MORTGAGE,High School,Business,738,1,7300,Approved,7210,7.32,36,Fully Paid,Good Loan,7210,263.89
LN103155,10-01-2023,23,Female,East,59800,18,RENT,Bachelor's,Business,600,0,20500,Approved,20190,10.97,60,Current,Good Loan,10294.76,564.67
LN103156,27-03-2023,29,Female,South,47800,28,OWN,Bachelor's,Business,448,0,3000,Rejected,0,,36,Not Funded,N/A,0,0
LN103157,11-10-2024,61,Female,South,36500,9,MORTGAGE,Bachelor's,Education,564,0,38000,Rejected,0,,24,Not Funded,N/A,0,0
LN103158,18-08-2023,59,Male,North,74500,28,OWN,Bachelor's,Home Improvement,394,0,10600,Rejected,0,,48,Not Funded,N/A,0,0
LN103159,15-05-2023,46,Female,North,68400,30,OWN,Bachelor's,Car,716,0,19200,Approved,18020,8.28,12,Current,Good Loan,8406.35,348.02
LN103160,09-04-2023,22,Male,South,78800,10,RENT,High School,Debt Consolidation,556,0,2300,Approved,2270,12.51,12,Fully Paid,Good Loan,2270,141.99
LN103161,23-04-2022,43,Female,South,50600,22,MORTGAGE,Master's,Debt Consolidation,814,0,8500,Approved,7900,7.31,12,Current,Good Loan,2975.05,108.74
LN103162,01-11-2024,43,Female,South,24500,29,RENT,Bachelor's,Business,649,0,28000,Rejected,0,,12,Not Funded,N/A,0,0
LN103163,27-11-2022,41,Male,Central,54400,24,MORTGAGE,Bachelor's,Debt Consolidation,504,0,5400,Approved,4800,14.09,12,Charged Off,Bad Loan,133.84,9.43
LN103164,20-05-2022,36,Male,East,32000,15,MORTGAGE,Master's,Debt Consolidation,643,0,25500,Rejected,0,,60,Not Funded,N/A,0,0
LN103165,20-06-2024,29,Male,East,21800,22,RENT,High School,Debt Consolidation,764,0,1100,Approved,1070,9.22,24,Charged Off,Bad Loan,129.24,5.96
LN103166,01-06-2023,33,Male,Central,47900,32,OWN,High School,Personal,838,0,19100,Approved,18750,4,48,Fully Paid,Good Loan,18750,375
LN103167,23-07-2023,48,Female,Central,56700,27,MORTGAGE,Master's,Debt Consolidation,328,1,29100,Rejected,0,,12,Not Funded,N/A,0,0
LN103168,25-04-2024,47,Male,Central,111200,26,OWN,Bachelor's,Debt Consolidation,675,0,37100,Approved,32110,10.29,36,Current,Good Loan,17915.22,921.74
LN103169,28-12-2024,37,Male,North,31500,5,RENT,Bachelor's,Medical,404,0,20200,Rejected,0,,36,Not Funded,N/A,0,0
LN103170,28-04-2022,58,Male,East,73500,5,OWN,Master's,Personal,633,0,33800,Approved,29050,10.17,48,Current,Good Loan,10948.52,556.73
LN103171,06-06-2024,56,Female,West,26400,24,MORTGAGE,High School,Education,368,0,32300,Rejected,0,,12,Not Funded,N/A,0,0
LN103172,18-12-2024,21,Male,West,95900,12,MORTGAGE,High School,Personal,406,1,12500,Rejected,0,,12,Not Funded,N/A,0,0
LN103173,22-11-2024,38,Male,East,39500,32,MORTGAGE,High School,Car,401,0,35100,Rejected,0,,24,Not Funded,N/A,0,0
LN103174,19-02-2022,29,Male,North,46600,32,MORTGAGE,Bachelor's,Business,561,0,26000,Approved,24010,11.95,36,Current,Good Loan,11279.45,673.95
LN103175,19-01-2022,33,Female,Central,46900,24,MORTGAGE,Bachelor's,Home Improvement,588,1,5100,Rejected,0,,36,Not Funded,N/A,0,0
LN103176,27-12-2023,60,Male,East,76200,13,RENT,Master's,Education,436,0,37600,Approved,35460,17.7,60,Charged Off,Bad Loan,7757.74,686.56
LN103177,16-07-2022,35,Female,South,28200,8,MORTGAGE,High School,Business,789,0,7900,Approved,7520,5.11,36,Fully Paid,Good Loan,7520,192.14
LN103178,13-07-2023,63,Male,South,50000,17,MORTGAGE,Bachelor's,Debt Consolidation,366,1,19300,Rejected,0,,12,Not Funded,N/A,0,0
LN103179,28-03-2023,64,Male,South,40600,14,MORTGAGE,Bachelor's,Personal,450,1,19200,Rejected,0,,12,Not Funded,N/A,0,0
LN103180,16-10-2022,24,Male,South,145700,3,RENT,High School,Business,577,2,25400,Rejected,0,,36,Not Funded,N/A,0,0
LN103181,26-01-2023,53,Male,South,33200,33,RENT,Master's,Car,511,0,26900,Rejected,0,,60,Not Funded,N/A,0,0
LN103182,03-08-2022,44,Male,Central,17000,16,RENT,Bachelor's,Medical,649,2,10100,Rejected,0,,48,Not Funded,N/A,0,0
LN103183,03-08-2022,56,Male,South,116100,6,MORTGAGE,Bachelor's,Home Improvement,446,0,14700,Rejected,0,,36,Not Funded,N/A,0,0
LN103184,08-05-2022,61,Female,East,67600,31,RENT,High School,Personal,664,0,6600,Approved,5900,10.94,48,Current,Good Loan,1852.93,101.36
LN103185,30-01-2024,30,Male,West,38000,22,RENT,Master's,Medical,527,0,5900,Approved,5650,14.28,36,Fully Paid,Good Loan,5650,403.41
LN103186,08-02-2023,56,Male,East,53400,19,MORTGAGE,High School,Home Improvement,589,0,33200,Approved,33140,11.6,48,Fully Paid,Good Loan,33140,1922.12
LN103187,18-11-2024,40,Female,South,37800,1,RENT,Bachelor's,Car,629,0,30300,Approved,29950,10.05,12,Fully Paid,Good Loan,29950,1504.99
LN103188,04-12-2022,61,Male,East,22500,20,OWN,Master's,Debt Consolidation,694,0,18300,Rejected,0,,12,Not Funded,N/A,0,0
LN103189,10-04-2024,64,Female,North,50300,11,MORTGAGE,High School,Education,438,0,4700,Approved,4510,15.17,48,Fully Paid,Good Loan,4510,342.08
LN103190,15-12-2023,31,Female,North,50200,26,OWN,High School,Debt Consolidation,723,0,18500,Rejected,0,,24,Not Funded,N/A,0,0
LN103191,27-12-2022,32,Male,West,63100,9,RENT,Bachelor's,Car,552,2,12500,Rejected,0,,12,Not Funded,N/A,0,0
LN103192,23-07-2023,38,Female,Central,35000,7,RENT,High School,Medical,715,0,31300,Approved,28820,9.57,60,Current,Good Loan,10087.95,482.71
LN103193,06-08-2022,50,Male,West,38200,20,RENT,Master's,Debt Consolidation,806,0,4800,Approved,4510,6.25,60,Current,Good Loan,3631.49,113.48
LN103194,21-07-2022,64,Male,North,45700,21,MORTGAGE,Bachelor's,Debt Consolidation,645,0,18600,Approved,16660,10.39,48,Fully Paid,Good Loan,16660,865.49
LN103195,17-01-2022,57,Male,South,34800,12,RENT,Bachelor's,Home Improvement,479,0,24100,Rejected,0,,24,Not Funded,N/A,0,0
LN103196,18-11-2022,40,Male,North,90400,11,RENT,High School,Education,513,0,39400,Approved,35580,10.01,60,Fully Paid,Good Loan,35580,1780.78
LN103197,02-06-2023,45,Male,East,79400,16,OWN,High School,Debt Consolidation,737,0,4500,Approved,4100,8.85,12,Fully Paid,Good Loan,4100,181.42
LN103198,12-11-2023,32,Male,North,43000,8,RENT,High School,Personal,779,0,5400,Approved,5180,7.56,36,Current,Good Loan,4183.68,158.14
LN103199,01-03-2023,41,Male,Central,68900,11,MORTGAGE,High School,Personal,452,0,39500,Approved,38670,16.5,36,Current,Good Loan,30018.85,2476.56
LN103200,15-10-2024,45,Male,North,31000,8,MORTGAGE,High School,Business,712,0,16800,Approved,16710,9.88,12,Fully Paid,Good Loan,16710,825.47
LN103201,22-01-2023,31,Male,North,44000,29,RENT,Bachelor's,Home Improvement,422,0,30000,Rejected,0,,24,Not Funded,N/A,0,0
LN103202,17-02-2024,29,Male,South,104700,5,MORTGAGE,Bachelor's,Car,542,0,31600,Rejected,0,,48,Not Funded,N/A,0,0
LN103203,08-04-2022,45,Male,North,72400,24,MORTGAGE,High School,Car,605,0,13300,Rejected,0,,12,Not Funded,N/A,0,0
LN103204,27-07-2022,55,Male,West,61700,27,RENT,High School,Debt Consolidation,435,0,9400,Rejected,0,,36,Not Funded,N/A,0,0
LN103205,09-08-2023,52,Female,Central,46100,9,RENT,Bachelor's,Business,458,0,11800,Approved,11080,16.45,48,Fully Paid,Good Loan,11080,911.33
LN103206,15-06-2022,34,Male,North,53200,27,MORTGAGE,Bachelor's,Personal,451,0,30800,Rejected,0,,24,Not Funded,N/A,0,0
LN103207,22-01-2022,21,Female,South,28000,28,RENT,Bachelor's,Business,755,1,33800,Approved,28900,6.46,60,Fully Paid,Good Loan,28900,933.47
LN103208,03-06-2022,37,Female,Central,46800,10,MORTGAGE,Master's,Personal,633,1,28300,Approved,26310,8.49,36,Charged Off,Bad Loan,4470.31,189.76
LN103209,07-08-2022,45,Male,West,64200,20,MORTGAGE,High School,Personal,762,0,18200,Approved,17070,5.83,24,Fully Paid,Good Loan,17070,497.59
LN103210,31-10-2023,28,Female,Central,53500,25,RENT,High School,Home Improvement,768,0,11200,Approved,9940,6.38,12,Fully Paid,Good Loan,9940,317.09
LN103211,18-08-2022,25,Male,North,53500,17,OWN,High School,Personal,325,0,17600,Rejected,0,,24,Not Funded,N/A,0,0
LN103212,20-01-2022,25,Male,South,40400,3,RENT,High School,Debt Consolidation,465,0,36700,Rejected,0,,24,Not Funded,N/A,0,0
LN103213,07-07-2023,61,Female,North,36000,14,RENT,Master's,Debt Consolidation,665,0,34700,Rejected,0,,48,Not Funded,N/A,0,0
LN103214,07-08-2024,55,Male,South,34600,22,MORTGAGE,Bachelor's,Debt Consolidation,738,1,13600,Rejected,0,,36,Not Funded,N/A,0,0
LN103215,28-05-2022,39,Female,West,48400,5,RENT,Bachelor's,Business,396,0,13800,Rejected,0,,36,Not Funded,N/A,0,0
LN103216,07-02-2023,43,Male,North,75400,6,MORTGAGE,High School,Debt Consolidation,693,0,31400,Approved,28920,9.71,24,Fully Paid,Good Loan,28920,1404.07
LN103217,19-08-2023,29,Male,East,36800,14,OWN,Master's,Home Improvement,766,0,17600,Approved,17160,4.81,12,Fully Paid,Good Loan,17160,412.7
LN103218,02-01-2023,50,Male,South,55200,8,RENT,Bachelor's,Debt Consolidation,566,0,23300,Rejected,0,,24,Not Funded,N/A,0,0
LN103219,12-03-2024,36,Male,West,54600,29,RENT,Bachelor's,Home Improvement,422,0,17500,Rejected,0,,12,Not Funded,N/A,0,0
LN103220,06-07-2024,53,Male,North,82300,27,RENT,Master's,Car,834,0,10500,Approved,10150,4.28,48,Fully Paid,Good Loan,10150,217.21
LN103221,14-03-2022,22,Male,South,54500,29,MORTGAGE,Master's,Business,497,0,8400,Rejected,0,,36,Not Funded,N/A,0,0
LN103222,26-04-2023,34,Female,East,27700,7,RENT,High School,Car,340,0,6400,Rejected,0,,36,Not Funded,N/A,0,0
LN103223,14-07-2023,21,Male,North,141000,34,RENT,High School,Debt Consolidation,420,0,1400,Approved,1360,16.4,36,Current,Good Loan,628.55,51.54
LN103224,15-01-2024,46,Male,South,83900,34,MORTGAGE,High School,Home Improvement,724,2,11900,Approved,11800,8.45,36,Charged Off,Bad Loan,4398.3,185.83
LN103225,10-04-2022,45,Male,South,67300,25,RENT,Bachelor's,Debt Consolidation,303,0,7700,Rejected,0,,48,Not Funded,N/A,0,0
LN103226,18-12-2024,36,Female,Central,41800,29,RENT,High School,Home Improvement,554,2,11100,Rejected,0,,24,Not Funded,N/A,0,0
LN103227,23-05-2023,35,Male,East,46900,34,OWN,Master's,Education,767,0,4000,Approved,3620,7.51,36,Current,Good Loan,1358.08,51
LN103228,15-09-2022,46,Male,East,28600,10,RENT,Bachelor's,Business,482,0,14300,Approved,12910,13.21,60,Current,Good Loan,4126.34,272.54
LN103229,17-02-2023,64,Female,Central,46600,19,RENT,Master's,Debt Consolidation,406,0,21300,Rejected,0,,12,Not Funded,N/A,0,0
LN103230,24-12-2024,36,Male,Central,58600,30,RENT,Bachelor's,Debt Consolidation,798,0,37800,Approved,36300,6.02,12,Fully Paid,Good Loan,36300,1092.63
LN103231,18-08-2023,34,Male,West,53600,33,OWN,Master's,Home Improvement,746,0,14500,Approved,14370,8.12,36,Current,Good Loan,12499.12,507.46
LN103232,23-09-2022,49,Female,East,119200,11,RENT,Bachelor's,Medical,476,0,2200,Approved,2160,14.89,12,Current,Good Loan,443.49,33.02
LN103233,31-03-2024,44,Female,East,73300,27,RENT,Master's,Debt Consolidation,371,0,15100,Rejected,0,,12,Not Funded,N/A,0,0
LN103234,24-10-2023,35,Male,South,84000,2,RENT,Bachelor's,Education,369,1,32900,Rejected,0,,48,Not Funded,N/A,0,0
LN103235,04-08-2024,39,Male,Central,69100,4,OWN,Bachelor's,Debt Consolidation,422,0,14300,Rejected,0,,12,Not Funded,N/A,0,0
LN103236,14-07-2023,28,Female,West,58300,12,RENT,Bachelor's,Personal,691,0,12400,Approved,11090,9.04,48,Fully Paid,Good Loan,11090,501.27
LN103237,05-07-2024,54,Male,South,66500,11,RENT,Master's,Home Improvement,526,0,36800,Approved,34780,14.34,12,Fully Paid,Good Loan,34780,2493.73
LN103238,09-06-2024,22,Female,North,22200,0,MORTGAGE,Bachelor's,Debt Consolidation,667,0,12600,Approved,12420,9.03,48,Current,Good Loan,9958.81,449.64
LN103239,17-05-2024,47,Male,North,48200,18,RENT,Master's,Medical,757,2,38800,Rejected,0,,12,Not Funded,N/A,0,0
LN103240,02-09-2023,30,Male,North,28900,28,MORTGAGE,Bachelor's,Business,482,0,33500,Rejected,0,,60,Not Funded,N/A,0,0
LN103241,18-02-2023,55,Male,South,31900,24,MORTGAGE,Master's,Car,526,0,27700,Rejected,0,,24,Not Funded,N/A,0,0
LN103242,25-01-2022,43,Female,South,92700,15,RENT,Master's,Education,371,0,24300,Rejected,0,,48,Not Funded,N/A,0,0
LN103243,11-10-2022,28,Female,North,33400,16,MORTGAGE,Bachelor's,Education,811,0,9800,Approved,9720,5.9,60,Current,Good Loan,4315.27,127.3
LN103244,30-05-2024,48,Female,East,29900,27,RENT,Bachelor's,Medical,307,0,29500,Rejected,0,,24,Not Funded,N/A,0,0
LN103245,28-10-2022,43,Female,North,64600,4,RENT,Bachelor's,Home Improvement,371,0,14500,Rejected,0,,24,Not Funded,N/A,0,0
LN103246,27-12-2024,24,Male,North,52500,0,MORTGAGE,High School,Medical,345,0,19900,Rejected,0,,60,Not Funded,N/A,0,0
LN103247,27-10-2024,34,Male,East,66200,2,RENT,Bachelor's,Debt Consolidation,449,1,5100,Rejected,0,,36,Not Funded,N/A,0,0
LN103248,27-03-2024,62,Female,Central,119400,23,RENT,High School,Medical,781,0,12600,Approved,12000,6.93,36,Current,Good Loan,3773.69,130.76
LN103249,24-03-2022,49,Female,South,70100,28,RENT,Bachelor's,Education,708,0,21600,Approved,19620,10.63,48,Fully Paid,Good Loan,19620,1042.8
LN103250,15-02-2022,21,Female,South,27000,14,OWN,Bachelor's,Business,474,1,19300,Rejected,0,,36,Not Funded,N/A,0,0
LN103251,10-09-2023,24,Female,East,82400,3,OWN,High School,Home Improvement,726,1,14400,Approved,12650,10.27,48,Charged Off,Bad Loan,2367.19,121.56
LN103252,16-07-2024,52,Male,South,49100,0,RENT,Bachelor's,Debt Consolidation,536,0,19400,Rejected,0,,60,Not Funded,N/A,0,0
LN103253,19-09-2022,53,Male,South,58400,14,RENT,High School,Education,439,0,30100,Rejected,0,,36,Not Funded,N/A,0,0
LN103254,25-06-2022,46,Female,North,25700,23,OWN,Master's,Business,363,0,18900,Rejected,0,,36,Not Funded,N/A,0,0
LN103255,19-10-2023,37,Male,East,67900,30,MORTGAGE,High School,Debt Consolidation,578,0,20700,Rejected,0,,12,Not Funded,N/A,0,0
LN103256,21-04-2024,59,Male,West,30200,19,MORTGAGE,High School,Debt Consolidation,349,0,28300,Rejected,0,,12,Not Funded,N/A,0,0
LN103257,05-01-2023,43,Female,West,68900,9,MORTGAGE,Bachelor's,Business,514,0,33800,Approved,31500,12.67,24,Fully Paid,Good Loan,31500,1995.52
LN103258,23-02-2022,52,Male,South,39100,10,RENT,High School,Debt Consolidation,335,0,21500,Rejected,0,,12,Not Funded,N/A,0,0
LN103259,21-11-2023,35,Female,West,75000,17,MORTGAGE,Bachelor's,Personal,730,0,38000,Approved,34970,10.74,60,Fully Paid,Good Loan,34970,1877.89
LN103260,02-01-2023,33,Male,South,30200,33,OWN,High School,Debt Consolidation,804,0,14800,Approved,12900,7.52,48,Fully Paid,Good Loan,12900,485.04
LN103261,06-10-2023,22,Female,North,26800,27,RENT,Bachelor's,Debt Consolidation,548,0,10800,Rejected,0,,48,Not Funded,N/A,0,0
LN103262,14-01-2023,39,Female,South,42500,15,MORTGAGE,Bachelor's,Debt Consolidation,767,0,28000,Approved,23990,6.76,12,Fully Paid,Good Loan,23990,810.86
LN103263,14-03-2022,44,Male,East,61100,23,MORTGAGE,Bachelor's,Debt Consolidation,809,0,7900,Approved,7830,5.42,12,Fully Paid,Good Loan,7830,212.19
LN103264,03-07-2024,44,Male,North,32400,11,OWN,Bachelor's,Medical,693,0,36100,Approved,33560,8.55,48,Fully Paid,Good Loan,33560,1434.69
LN103265,09-05-2024,31,Male,East,59400,6,RENT,Master's,Debt Consolidation,739,0,16100,Approved,14650,8.84,24,Fully Paid,Good Loan,14650,647.53
LN103266,12-02-2022,42,Male,Central,80300,16,OWN,Bachelor's,Debt Consolidation,457,0,28200,Rejected,0,,36,Not Funded,N/A,0,0
LN103267,12-01-2023,35,Male,South,29900,3,RENT,High School,Personal,393,0,23200,Rejected,0,,24,Not Funded,N/A,0,0
LN103268,30-11-2024,30,Female,South,59400,32,RENT,Bachelor's,Debt Consolidation,785,0,3100,Approved,2810,7.45,60,Charged Off,Bad Loan,59.76,2.23
LN103269,19-06-2022,61,Male,South,69100,18,RENT,Master's,Debt Consolidation,738,0,28700,Approved,27820,8.55,60,Current,Good Loan,8266.13,353.38
LN103270,31-07-2022,47,Male,South,49700,25,OWN,Bachelor's,Home Improvement,465,0,31800,Rejected,0,,36,Not Funded,N/A,0,0
LN103271,08-02-2022,29,Male,North,52200,10,RENT,High School,Home Improvement,355,0,39300,Rejected,0,,36,Not Funded,N/A,0,0
LN103272,04-01-2023,48,Female,Central,28700,30,OWN,Bachelor's,Medical,754,0,17200,Approved,17030,7.78,24,Fully Paid,Good Loan,17030,662.47
LN103273,27-01-2024,21,Male,South,66000,0,MORTGAGE,PhD,Personal,669,1,20600,Rejected,0,,48,Not Funded,N/A,0,0
LN103274,31-05-2022,37,Female,West,55700,28,MORTGAGE,Bachelor's,Medical,677,0,35100,Approved,33320,9.49,36,Current,Good Loan,24955.7,1184.15
LN103275,06-12-2024,51,Female,North,58000,24,RENT,Bachelor's,Medical,694,2,11500,Approved,10400,7.76,24,Fully Paid,Good Loan,10400,403.52
LN103276,20-10-2024,64,Female,West,137200,17,RENT,High School,Personal,690,1,8400,Approved,7730,9.63,24,Fully Paid,Good Loan,7730,372.2
LN103277,07-01-2024,30,Female,Central,49400,2,MORTGAGE,Bachelor's,Medical,651,1,6200,Approved,5310,11.34,48,Charged Off,Bad Loan,1716.76,97.34
LN103278,10-03-2022,57,Male,West,62600,17,MORTGAGE,High School,Debt Consolidation,381,0,39200,Rejected,0,,24,Not Funded,N/A,0,0
LN103279,26-10-2022,49,Female,Central,96700,6,RENT,High School,Business,845,0,11500,Approved,9950,4.79,60,Fully Paid,Good Loan,9950,238.3
LN103280,01-08-2024,38,Male,North,53000,27,MORTGAGE,Bachelor's,Business,362,1,30500,Rejected,0,,48,Not Funded,N/A,0,0
LN103281,12-03-2024,58,Female,East,39200,16,RENT,High School,Home Improvement,813,0,18500,Approved,18390,7.16,12,Current,Good Loan,8200.25,293.57
LN103282,23-10-2022,59,Female,East,64800,24,MORTGAGE,Master's,Debt Consolidation,447,0,10400,Rejected,0,,24,Not Funded,N/A,0,0
LN103283,22-07-2022,26,Male,East,39800,17,RENT,Bachelor's,Medical,818,1,36600,Approved,31530,7.45,36,Fully Paid,Good Loan,31530,1174.49
LN103284,02-03-2022,60,Male,Central,92900,2,RENT,Bachelor's,Debt Consolidation,607,0,19100,Approved,17820,9.73,36,Fully Paid,Good Loan,17820,866.94
LN103285,03-08-2024,32,Male,North,68300,24,OWN,Bachelor's,Education,804,0,23100,Approved,21380,6.67,48,Charged Off,Bad Loan,6652.36,221.86
LN103286,20-08-2024,34,Female,North,36800,6,MORTGAGE,Bachelor's,Home Improvement,397,0,9700,Rejected,0,,36,Not Funded,N/A,0,0
LN103287,27-11-2022,64,Male,South,30900,9,MORTGAGE,Master's,Business,601,2,13600,Rejected,0,,36,Not Funded,N/A,0,0
LN103288,04-12-2022,30,Male,Central,58100,18,RENT,High School,Home Improvement,341,2,30200,Rejected,0,,12,Not Funded,N/A,0,0
LN103289,01-10-2023,40,Male,Central,60800,14,RENT,Master's,Home Improvement,615,0,14400,Approved,12560,11.26,36,Current,Good Loan,7188.2,404.7
LN103290,02-10-2022,35,Male,East,30900,20,MORTGAGE,Bachelor's,Medical,683,1,20700,Rejected,0,,48,Not Funded,N/A,0,0
LN103291,15-11-2022,51,Female,East,77200,20,RENT,Bachelor's,Car,403,0,5500,Rejected,0,,48,Not Funded,N/A,0,0
LN103292,12-08-2023,27,Female,East,73100,27,RENT,High School,Business,635,0,34200,Approved,31480,10.94,60,Fully Paid,Good Loan,31480,1721.96
LN103293,19-05-2023,61,Male,East,63200,31,RENT,Master's,Education,331,0,29800,Rejected,0,,24,Not Funded,N/A,0,0
LN103294,22-01-2023,30,Male,North,76200,26,RENT,High School,Car,581,0,30700,Rejected,0,,24,Not Funded,N/A,0,0
LN103295,19-05-2024,30,Male,West,34700,22,RENT,PhD,Debt Consolidation,329,0,7900,Rejected,0,,24,Not Funded,N/A,0,0
LN103296,12-04-2024,59,Male,South,35600,9,OWN,Master's,Debt Consolidation,692,0,20300,Approved,19150,7.79,48,Current,Good Loan,9094.56,354.23
LN103297,11-10-2024,48,Female,East,48200,5,RENT,Bachelor's,Home Improvement,331,0,2100,Rejected,0,,36,Not Funded,N/A,0,0
LN103298,26-08-2023,50,Male,North,40700,23,MORTGAGE,Master's,Home Improvement,448,0,13300,Rejected,0,,24,Not Funded,N/A,0,0
LN103299,22-11-2023,57,Male,West,67900,17,RENT,High School,Personal,375,0,14600,Approved,14390,17.41,36,Current,Good Loan,3798.17,330.63
LN103300,09-05-2023,23,Female,West,77800,9,MORTGAGE,PhD,Business,706,1,36600,Rejected,0,,36,Not Funded,N/A,0,0
LN103301,05-05-2023,63,Female,East,39500,14,RENT,Bachelor's,Business,573,0,39700,Rejected,0,,60,Not Funded,N/A,0,0
LN103302,22-12-2023,35,Male,West,36700,33,RENT,High School,Business,848,0,25100,Approved,23260,4.65,24,Current,Good Loan,17013.26,395.56
LN103303,24-05-2023,41,Male,East,79600,7,RENT,Bachelor's,Car,360,0,21200,Rejected,0,,48,Not Funded,N/A,0,0
LN103304,25-01-2023,57,Male,East,34800,34,RENT,Bachelor's,Debt Consolidation,430,1,18200,Rejected,0,,48,Not Funded,N/A,0,0
LN103305,22-10-2022,32,Female,South,47600,26,OWN,Bachelor's,Business,812,0,1700,Approved,1560,5.1,60,Current,Good Loan,456.27,11.63
LN103306,06-03-2024,24,Female,West,34400,24,RENT,Bachelor's,Debt Consolidation,359,0,32200,Rejected,0,,24,Not Funded,N/A,0,0
LN103307,14-05-2024,29,Male,South,41500,2,OWN,High School,Medical,679,0,27200,Approved,26650,9,36,Fully Paid,Good Loan,26650,1199.25
LN103308,03-07-2023,59,Male,West,27500,20,OWN,High School,Medical,646,0,26300,Rejected,0,,24,Not Funded,N/A,0,0
LN103309,11-10-2023,62,Female,East,96500,31,RENT,Master's,Personal,741,0,32600,Approved,32140,4.64,48,Fully Paid,Good Loan,32140,745.65
LN103310,22-07-2023,48,Female,West,85400,20,RENT,High School,Home Improvement,842,0,37200,Approved,36320,4,48,Fully Paid,Good Loan,36320,726.4
LN103311,02-05-2024,43,Female,West,37700,8,OWN,PhD,Debt Consolidation,698,0,16200,Approved,15680,10.77,48,Charged Off,Bad Loan,113.42,6.11
LN103312,09-02-2024,60,Male,East,66700,0,RENT,High School,Car,306,1,17600,Rejected,0,,36,Not Funded,N/A,0,0
LN103313,21-03-2023,64,Male,West,28400,3,MORTGAGE,Bachelor's,Car,690,0,39000,Approved,34170,9.89,48,Current,Good Loan,14957.09,739.63
LN103314,29-12-2022,42,Male,East,71700,3,OWN,High School,Debt Consolidation,434,0,26900,Rejected,0,,24,Not Funded,N/A,0,0
LN103315,03-05-2022,44,Male,Central,36400,25,MORTGAGE,Master's,Debt Consolidation,319,0,34200,Rejected,0,,36,Not Funded,N/A,0,0
LN103316,12-01-2024,46,Male,West,93700,33,MORTGAGE,High School,Home Improvement,626,0,9600,Approved,9490,10.7,24,Charged Off,Bad Loan,2314.97,123.85
LN103317,11-11-2023,50,Male,North,68200,26,MORTGAGE,Bachelor's,Business,733,0,13400,Approved,12730,4.3,12,Current,Good Loan,2658.85,57.17
LN103318,24-02-2023,53,Male,West,46000,14,MORTGAGE,Master's,Car,673,1,16300,Approved,14360,9.8,12,Current,Good Loan,5006.63,245.32
LN103319,02-04-2022,36,Female,East,45100,31,RENT,Master's,Debt Consolidation,442,0,13400,Rejected,0,,36,Not Funded,N/A,0,0
LN103320,04-03-2022,42,Male,Central,57800,6,RENT,Master's,Medical,693,0,35500,Approved,34220,10.48,48,Current,Good Loan,23812.65,1247.78
LN103321,27-05-2023,63,Female,West,35700,13,MORTGAGE,Master's,Home Improvement,782,0,20900,Approved,20010,7.55,48,Fully Paid,Good Loan,20010,755.38
LN103322,11-02-2024,38,Male,North,89900,22,OWN,Master's,Debt Consolidation,790,0,38200,Approved,36840,6.51,36,Fully Paid,Good Loan,36840,1199.14
LN103323,13-09-2022,27,Female,South,62200,0,MORTGAGE,Master's,Home Improvement,620,0,13500,Approved,12810,11.45,24,Fully Paid,Good Loan,12810,733.37
LN103324,15-05-2022,46,Male,East,83600,31,MORTGAGE,Bachelor's,Business,711,0,2500,Approved,2130,9.82,12,Fully Paid,Good Loan,2130,104.58
LN103325,24-05-2024,28,Female,West,18000,25,RENT,Bachelor's,Personal,653,1,6400,Rejected,0,,48,Not Funded,N/A,0,0
LN103326,01-04-2024,26,Male,West,54600,8,OWN,High School,Education,731,0,9500,Approved,9440,10.41,48,Current,Good Loan,2408.41,125.36
LN103327,29-03-2022,50,Male,South,60600,15,RENT,Bachelor's,Education,302,0,26000,Rejected,0,,12,Not Funded,N/A,0,0
LN103328,14-09-2024,59,Female,West,54100,30,MORTGAGE,High School,Debt Consolidation,430,0,8100,Rejected,0,,36,Not Funded,N/A,0,0
LN103329,02-04-2024,43,Male,East,54700,1,OWN,Master's,Debt Consolidation,374,0,15900,Rejected,0,,36,Not Funded,N/A,0,0
LN103330,23-10-2024,52,Male,North,46900,31,RENT,Bachelor's,Debt Consolidation,623,0,32000,Rejected,0,,36,Not Funded,N/A,0,0
LN103331,31-08-2024,42,Female,South,149600,9,OWN,PhD,Debt Consolidation,777,0,5900,Approved,5510,7.55,48,Fully Paid,Good Loan,5510,208
LN103332,22-07-2024,62,Female,South,60400,24,OWN,High School,Business,459,0,4100,Rejected,0,,24,Not Funded,N/A,0,0
LN103333,01-05-2022,63,Male,North,57200,17,OWN,Bachelor's,Business,316,1,22100,Rejected,0,,60,Not Funded,N/A,0,0
LN103334,27-11-2024,29,Male,North,82600,33,MORTGAGE,Bachelor's,Debt Consolidation,694,0,28200,Approved,24210,8.9,36,Current,Good Loan,10018.83,445.84
LN103335,04-10-2024,51,Male,North,42100,28,RENT,Master's,Home Improvement,655,0,36500,Rejected,0,,60,Not Funded,N/A,0,0
LN103336,13-07-2024,27,Male,Central,30300,23,MORTGAGE,High School,Debt Consolidation,331,0,26800,Rejected,0,,24,Not Funded,N/A,0,0
LN103337,07-10-2023,29,Female,South,81500,2,RENT,High School,Personal,782,0,37900,Approved,36320,6.57,48,Current,Good Loan,24938.8,819.24
LN103338,15-12-2023,33,Male,South,46600,14,RENT,Bachelor's,Business,454,0,10500,Rejected,0,,60,Not Funded,N/A,0,0
LN103339,09-05-2024,23,Male,North,99900,2,OWN,Bachelor's,Home Improvement,814,0,14300,Approved,13910,5.34,36,Current,Good Loan,4452.93,118.89
LN103340,21-01-2022,55,Female,East,97200,30,MORTGAGE,Bachelor's,Education,641,1,33700,Rejected,0,,60,Not Funded,N/A,0,0
LN103341,30-08-2022,53,Male,East,19000,9,RENT,PhD,Home Improvement,705,0,32600,Approved,30360,8.1,12,Charged Off,Bad Loan,7443.64,301.47
LN103342,31-03-2023,41,Female,North,56000,21,RENT,High School,Medical,672,0,26900,Approved,25340,10.36,24,Current,Good Loan,12139.53,628.83
LN103343,20-08-2024,51,Male,East,87900,13,MORTGAGE,Bachelor's,Personal,585,0,20700,Approved,17830,12.22,12,Current,Good Loan,14327.38,875.4
LN103344,13-09-2023,54,Male,West,24600,8,OWN,High School,Business,520,0,1700,Approved,1630,14.56,24,Current,Good Loan,751.49,54.71
LN103345,30-10-2022,52,Female,South,63900,17,RENT,High School,Home Improvement,446,0,11900,Approved,10810,17.61,24,Fully Paid,Good Loan,10810,951.82
LN103346,13-03-2024,55,Male,East,72800,7,RENT,PhD,Business,479,0,7200,Approved,6260,17.98,48,Charged Off,Bad Loan,1454.87,130.79
LN103347,21-08-2024,35,Male,East,52900,14,MORTGAGE,Bachelor's,Education,809,0,3000,Approved,2720,5.79,24,Current,Good Loan,1526.42,44.19
LN103348,10-03-2022,52,Male,North,53000,14,RENT,Master's,Car,596,0,31300,Approved,27070,10.56,24,Charged Off,Bad Loan,9582.04,505.93
LN103349,15-07-2022,26,Male,West,92900,5,RENT,Master's,Home Improvement,648,0,6100,Approved,6000,9.98,36,Fully Paid,Good Loan,6000,299.4
LN103350,20-05-2022,41,Male,West,27700,11,MORTGAGE,Master's,Debt Consolidation,790,0,14900,Approved,13690,7.56,12,Fully Paid,Good Loan,13690,517.48
LN103351,10-10-2022,53,Male,East,78700,18,MORTGAGE,Bachelor's,Education,652,0,39100,Approved,34040,13.36,60,Current,Good Loan,25922.47,1731.62
LN103352,08-11-2022,52,Male,South,66600,4,MORTGAGE,Master's,Personal,380,0,17000,Rejected,0,,48,Not Funded,N/A,0,0
LN103353,16-01-2024,39,Male,Central,97300,26,MORTGAGE,Bachelor's,Car,733,1,6500,Approved,6230,8.77,24,Fully Paid,Good Loan,6230,273.19
LN103354,04-10-2022,53,Female,South,35400,9,MORTGAGE,Bachelor's,Medical,422,1,27900,Rejected,0,,36,Not Funded,N/A,0,0
LN103355,02-03-2022,48,Male,South,105300,13,OWN,High School,Debt Consolidation,588,0,32600,Approved,27910,12.33,24,Fully Paid,Good Loan,27910,1720.65
LN103356,21-02-2022,51,Male,South,29000,33,MORTGAGE,Bachelor's,Medical,769,2,11900,Rejected,0,,48,Not Funded,N/A,0,0
LN103357,02-06-2022,41,Female,West,46700,14,MORTGAGE,PhD,Debt Consolidation,809,0,32600,Approved,32200,7.09,12,Fully Paid,Good Loan,32200,1141.49
LN103358,28-06-2023,54,Male,West,32100,28,RENT,Bachelor's,Business,779,0,11600,Approved,10440,6.87,60,Fully Paid,Good Loan,10440,358.61
LN103359,21-07-2023,35,Female,South,75100,25,OWN,Master's,Home Improvement,738,0,28000,Approved,24610,8.36,36,Current,Good Loan,9390.5,392.52
LN103360,14-09-2023,34,Female,South,38500,26,OWN,High School,Personal,473,0,5900,Approved,5120,14.84,48,Fully Paid,Good Loan,5120,379.9
LN103361,10-11-2022,39,Male,East,90300,2,RENT,PhD,Debt Consolidation,645,0,17700,Approved,16310,12.02,48,Charged Off,Bad Loan,4395.62,264.18
LN103362,17-03-2024,63,Male,Central,25300,2,MORTGAGE,High School,Medical,404,0,21300,Rejected,0,,24,Not Funded,N/A,0,0
LN103363,27-04-2024,35,Female,North,44300,34,RENT,Master's,Debt Consolidation,754,0,29300,Approved,27200,6.57,36,Fully Paid,Good Loan,27200,893.52
LN103364,07-04-2022,26,Male,West,121000,34,RENT,Master's,Medical,593,0,26400,Approved,22520,11.06,60,Charged Off,Bad Loan,2391.72,132.26
LN103365,30-05-2024,29,Female,East,38500,5,MORTGAGE,High School,Debt Consolidation,692,0,34300,Approved,31640,8.88,48,Current,Good Loan,13410.34,595.42
LN103366,08-04-2024,57,Male,West,87300,13,RENT,Bachelor's,Personal,495,0,8200,Rejected,0,,60,Not Funded,N/A,0,0
LN103367,17-05-2022,40,Male,East,74100,25,RENT,Master's,Education,721,0,26800,Approved,25530,8.01,12,Fully Paid,Good Loan,25530,1022.48
LN103368,26-10-2024,54,Male,South,30100,2,MORTGAGE,Bachelor's,Home Improvement,776,0,6000,Rejected,0,,24,Not Funded,N/A,0,0
LN103369,07-10-2024,58,Male,West,59600,32,OWN,High School,Debt Consolidation,517,0,19600,Rejected,0,,60,Not Funded,N/A,0,0
LN103370,19-04-2022,46,Male,Central,107800,12,MORTGAGE,Master's,Education,452,1,21500,Rejected,0,,48,Not Funded,N/A,0,0
LN103371,01-07-2023,38,Female,South,45000,28,OWN,Bachelor's,Debt Consolidation,336,1,2100,Rejected,0,,48,Not Funded,N/A,0,0
LN103372,28-11-2024,48,Female,South,39700,8,MORTGAGE,High School,Debt Consolidation,647,0,3700,Approved,3430,9.42,48,Fully Paid,Good Loan,3430,161.55
LN103373,24-10-2023,29,Female,South,62800,31,MORTGAGE,High School,Education,469,0,33700,Approved,30220,15.22,48,Fully Paid,Good Loan,30220,2299.74
LN103374,01-03-2023,52,Male,North,49200,21,MORTGAGE,Bachelor's,Medical,609,0,12200,Approved,11520,12.9,36,Fully Paid,Good Loan,11520,743.04
LN103375,22-09-2023,26,Female,West,27600,21,MORTGAGE,High School,Debt Consolidation,653,0,14500,Approved,13050,10.2,24,Charged Off,Bad Loan,1886.85,96.23
LN103376,18-09-2022,34,Female,North,49000,33,RENT,Master's,Business,549,0,26000,Approved,24900,13.71,36,Fully Paid,Good Loan,24900,1706.9
LN103377,28-03-2022,48,Female,West,43500,9,RENT,Master's,Education,678,0,9600,Approved,8500,11.39,36,Current,Good Loan,2115.84,120.5
LN103378,10-04-2023,44,Male,South,51000,24,OWN,Bachelor's,Personal,444,0,8500,Rejected,0,,24,Not Funded,N/A,0,0
LN103379,17-03-2022,33,Female,Central,18400,11,RENT,Bachelor's,Car,788,0,17400,Approved,16310,7,48,Fully Paid,Good Loan,16310,570.85
LN103380,16-04-2023,63,Female,North,63800,2,RENT,Bachelor's,Home Improvement,391,0,3300,Rejected,0,,12,Not Funded,N/A,0,0
LN103381,18-02-2023,32,Male,North,26000,18,RENT,PhD,Car,480,0,36800,Rejected,0,,36,Not Funded,N/A,0,0
LN103382,04-04-2024,39,Female,North,75800,32,OWN,Bachelor's,Home Improvement,427,0,37700,Rejected,0,,60,Not Funded,N/A,0,0
LN103383,13-06-2024,41,Male,West,87800,25,RENT,PhD,Debt Consolidation,577,0,18500,Approved,16610,11.81,36,Fully Paid,Good Loan,16610,980.82
LN103384,27-12-2023,47,Male,South,22200,12,MORTGAGE,Bachelor's,Home Improvement,741,0,9200,Approved,9050,8.32,24,Current,Good Loan,5099.23,212.13
LN103385,02-04-2023,39,Female,North,97000,6,RENT,Bachelor's,Car,558,0,19400,Rejected,0,,36,Not Funded,N/A,0,0
LN103386,15-10-2023,44,Male,Central,51400,33,MORTGAGE,High School,Personal,647,0,4900,Approved,4300,7.29,60,Fully Paid,Good Loan,4300,156.74
LN103387,03-11-2023,46,Female,Central,88000,21,MORTGAGE,Bachelor's,Personal,783,0,16500,Approved,14200,5.98,36,Fully Paid,Good Loan,14200,424.58
LN103388,10-05-2023,48,Female,West,82400,19,RENT,Bachelor's,Education,601,0,3900,Rejected,0,,12,Not Funded,N/A,0,0
LN103389,04-12-2024,38,Male,South,28300,22,OWN,Master's,Business,511,0,28500,Rejected,0,,36,Not Funded,N/A,0,0
LN103390,20-08-2023,64,Male,South,36900,13,MORTGAGE,PhD,Debt Consolidation,787,0,11800,Approved,10380,8.48,60,Charged Off,Bad Loan,1266.99,53.72
LN103391,26-03-2023,56,Female,West,112000,29,RENT,PhD,Debt Consolidation,783,0,21300,Approved,19640,4.37,48,Fully Paid,Good Loan,19640,429.13
LN103392,30-04-2023,62,Female,East,31000,22,RENT,High School,Business,850,0,1500,Approved,1410,4.12,12,Fully Paid,Good Loan,1410,29.05
LN103393,08-10-2023,49,Female,North,63700,18,RENT,Bachelor's,Medical,762,0,21500,Approved,20270,6.96,48,Fully Paid,Good Loan,20270,705.4
LN103394,12-09-2023,37,Female,South,38600,5,OWN,High School,Home Improvement,649,1,1100,Rejected,0,,36,Not Funded,N/A,0,0
LN103395,07-11-2024,24,Male,Central,36100,22,RENT,High School,Education,602,0,37100,Approved,37060,12.95,60,Current,Good Loan,11606.62,751.53
LN103396,24-10-2023,64,Male,North,53700,9,RENT,High School,Business,717,0,20500,Approved,20070,8.56,24,Fully Paid,Good Loan,20070,859
LN103397,28-01-2024,49,Female,West,145200,34,MORTGAGE,Bachelor's,Personal,367,1,4900,Rejected,0,,12,Not Funded,N/A,0,0
LN103398,16-10-2022,24,Male,East,76500,20,RENT,Master's,Debt Consolidation,356,0,14300,Approved,13780,19.9,60,Current,Good Loan,4168.04,414.72
LN103399,22-12-2023,30,Male,West,33700,31,RENT,Bachelor's,Business,769,0,2800,Approved,2620,5.54,24,Current,Good Loan,728.24,20.17
LN103400,30-09-2023,45,Female,West,59200,29,MORTGAGE,Master's,Home Improvement,452,1,21700,Rejected,0,,12,Not Funded,N/A,0,0
LN103401,23-08-2022,51,Female,South,23500,32,RENT,PhD,Debt Consolidation,500,0,5800,Rejected,0,,12,Not Funded,N/A,0,0
LN103402,20-02-2023,23,Female,South,19600,5,OWN,Bachelor's,Home Improvement,338,0,19500,Rejected,0,,36,Not Funded,N/A,0,0
LN103403,26-07-2024,22,Male,West,58500,4,OWN,Master's,Debt Consolidation,811,0,12900,Approved,12020,6.24,24,Current,Good Loan,3850.07,120.12
LN103404,14-05-2023,45,Female,South,74700,14,RENT,High School,Business,547,0,30700,Approved,28730,13.76,12,Current,Good Loan,20270.62,1394.62
LN103405,31-08-2024,26,Female,West,109400,24,MORTGAGE,Bachelor's,Business,413,0,19800,Approved,17830,15.15,12,Charged Off,Bad Loan,955.49,72.38
LN103406,26-09-2023,46,Female,West,64100,12,MORTGAGE,Bachelor's,Car,677,0,34100,Approved,33740,7.84,36,Fully Paid,Good Loan,33740,1322.61
LN103407,16-10-2024,28,Female,East,54300,5,MORTGAGE,High School,Medical,434,0,37700,Rejected,0,,36,Not Funded,N/A,0,0
LN103408,25-04-2022,55,Male,South,46500,1,RENT,Bachelor's,Home Improvement,422,0,38800,Rejected,0,,48,Not Funded,N/A,0,0
LN103409,20-07-2024,47,Female,North,68700,16,RENT,Bachelor's,Personal,512,0,11100,Rejected,0,,48,Not Funded,N/A,0,0
LN103410,05-11-2023,45,Female,West,31300,23,OWN,Master's,Car,801,0,30900,Approved,28970,5.52,48,Current,Good Loan,20387.94,562.71
LN103411,31-10-2024,38,Male,North,39900,11,RENT,Master's,Education,474,0,18100,Rejected,0,,48,Not Funded,N/A,0,0
LN103412,25-07-2022,21,Male,Central,31800,13,MORTGAGE,Bachelor's,Debt Consolidation,574,0,17600,Approved,15290,12.27,24,Fully Paid,Good Loan,15290,938.04
LN103413,04-09-2022,59,Female,Central,42800,6,MORTGAGE,Bachelor's,Debt Consolidation,535,0,34900,Rejected,0,,24,Not Funded,N/A,0,0
LN103414,28-01-2024,23,Male,North,39100,25,RENT,High School,Medical,845,0,6700,Approved,5910,4.42,60,Fully Paid,Good Loan,5910,130.61
LN103415,27-05-2022,24,Male,North,37900,31,MORTGAGE,Bachelor's,Business,470,0,19600,Rejected,0,,60,Not Funded,N/A,0,0
LN103416,28-04-2022,61,Male,South,40600,28,OWN,High School,Debt Consolidation,719,0,24100,Approved,22450,7.47,48,Fully Paid,Good Loan,22450,838.51
LN103417,16-02-2023,57,Male,Central,59600,8,RENT,High School,Home Improvement,836,0,3600,Approved,3230,5.49,48,Current,Good Loan,1832.66,50.31
LN103418,29-12-2022,35,Male,South,95900,13,OWN,High School,Debt Consolidation,396,0,34700,Rejected,0,,24,Not Funded,N/A,0,0
LN103419,17-05-2022,28,Male,South,61700,16,RENT,Bachelor's,Car,320,0,13300,Rejected,0,,48,Not Funded,N/A,0,0
LN103420,15-08-2024,58,Female,West,41900,24,MORTGAGE,Bachelor's,Car,589,0,26600,Rejected,0,,48,Not Funded,N/A,0,0
LN103421,19-01-2022,39,Female,North,66000,29,MORTGAGE,High School,Home Improvement,381,1,37200,Rejected,0,,24,Not Funded,N/A,0,0
LN103422,14-07-2022,46,Female,South,56900,28,MORTGAGE,High School,Debt Consolidation,406,2,29100,Rejected,0,,12,Not Funded,N/A,0,0
LN103423,26-11-2022,59,Male,South,58500,28,RENT,Master's,Home Improvement,585,0,35600,Rejected,0,,24,Not Funded,N/A,0,0
LN103424,24-06-2022,30,Female,East,53600,17,RENT,Master's,Debt Consolidation,849,0,3700,Approved,3510,5.87,48,Current,Good Loan,998.39,29.3
LN103425,28-09-2024,58,Female,North,117800,30,OWN,Bachelor's,Home Improvement,630,0,20200,Approved,19320,9.69,24,Fully Paid,Good Loan,19320,936.05
LN103426,25-03-2023,34,Female,East,56600,18,MORTGAGE,High School,Medical,431,0,23000,Rejected,0,,60,Not Funded,N/A,0,0
LN103427,03-08-2024,61,Male,Central,42100,16,MORTGAGE,High School,Debt Consolidation,638,0,27900,Approved,27390,10.01,12,Fully Paid,Good Loan,27390,1370.87
LN103428,21-05-2022,39,Male,East,38200,5,OWN,High School,Business,520,0,5600,Rejected,0,,12,Not Funded,N/A,0,0
LN103429,28-01-2024,50,Female,West,81300,11,MORTGAGE,Bachelor's,Debt Consolidation,376,2,26600,Rejected,0,,12,Not Funded,N/A,0,0
LN103430,18-07-2024,25,Female,North,31800,2,RENT,Bachelor's,Home Improvement,349,2,6700,Rejected,0,,24,Not Funded,N/A,0,0
LN103431,03-04-2022,51,Female,South,99800,34,OWN,Bachelor's,Debt Consolidation,642,0,3600,Approved,3130,11.36,60,Fully Paid,Good Loan,3130,177.78
LN103432,27-08-2022,27,Female,North,22900,32,OWN,Bachelor's,Business,631,0,19300,Approved,16930,8.41,36,Fully Paid,Good Loan,16930,711.91
LN103433,24-07-2022,39,Male,East,94100,28,RENT,Master's,Home Improvement,593,0,24400,Rejected,0,,60,Not Funded,N/A,0,0
LN103434,14-07-2023,51,Female,South,77600,2,MORTGAGE,Bachelor's,Car,451,0,38400,Rejected,0,,60,Not Funded,N/A,0,0
LN103435,02-09-2022,59,Male,South,44500,4,OWN,High School,Home Improvement,394,1,28200,Rejected,0,,48,Not Funded,N/A,0,0
LN103436,11-04-2024,44,Female,North,38700,13,RENT,High School,Business,680,0,24100,Approved,20810,8.67,60,Fully Paid,Good Loan,20810,902.11
LN103437,13-07-2024,54,Female,South,94300,27,RENT,Master's,Personal,739,0,9400,Approved,8950,7.52,24,Fully Paid,Good Loan,8950,336.52
LN103438,22-10-2022,43,Female,East,121800,31,MORTGAGE,Bachelor's,Education,620,0,6900,Approved,6120,10.22,12,Current,Good Loan,5031.26,257.1
LN103439,02-10-2023,60,Male,East,41100,17,RENT,High School,Business,389,0,24700,Rejected,0,,60,Not Funded,N/A,0,0
LN103440,05-05-2024,26,Male,North,70300,12,MORTGAGE,Master's,Debt Consolidation,828,0,9700,Approved,8670,5.04,60,Fully Paid,Good Loan,8670,218.48
LN103441,17-01-2022,58,Female,West,84200,1,MORTGAGE,High School,Car,582,0,28600,Approved,26200,10.84,36,Fully Paid,Good Loan,26200,1420.04
LN103442,12-03-2022,61,Female,East,71100,24,RENT,Bachelor's,Education,644,0,5500,Approved,4690,8.91,36,Fully Paid,Good Loan,4690,208.94
LN103443,01-11-2022,56,Male,East,55500,19,OWN,PhD,Debt Consolidation,532,0,14200,Approved,12760,13.16,48,Current,Good Loan,5808.95,382.23
LN103444,27-10-2024,47,Male,West,45500,6,RENT,High School,Debt Consolidation,651,2,31200,Rejected,0,,36,Not Funded,N/A,0,0
LN103445,27-03-2024,31,Male,South,61400,10,RENT,High School,Business,732,0,33400,Approved,29530,8.32,48,Current,Good Loan,21553.95,896.64
LN103446,31-03-2024,25,Female,North,21200,4,RENT,Bachelor's,Debt Consolidation,613,0,14500,Approved,13380,12.06,24,Charged Off,Bad Loan,1707.27,102.95
LN103447,12-07-2022,37,Female,East,99000,28,MORTGAGE,Bachelor's,Medical,679,0,9100,Approved,8950,8.22,12,Fully Paid,Good Loan,8950,367.84
LN103448,13-06-2023,27,Female,Central,25100,17,RENT,High School,Debt Consolidation,556,0,38400,Rejected,0,,36,Not Funded,N/A,0,0
LN103449,20-06-2022,47,Male,East,37100,7,RENT,Bachelor's,Business,696,0,30700,Approved,29710,10.11,24,Current,Good Loan,12779.43,646
LN103450,08-09-2022,35,Female,West,46500,26,OWN,High School,Debt Consolidation,556,0,32500,Rejected,0,,12,Not Funded,N/A,0,0
LN103451,25-06-2023,33,Male,West,34600,1,OWN,High School,Business,458,1,9700,Rejected,0,,24,Not Funded,N/A,0,0
LN103452,20-02-2023,31,Male,East,32600,34,RENT,Bachelor's,Debt Consolidation,502,0,17600,Rejected,0,,24,Not Funded,N/A,0,0
LN103453,04-03-2024,46,Female,East,102200,25,RENT,Bachelor's,Business,712,0,3700,Approved,3470,9.16,24,Fully Paid,Good Loan,3470,158.93
LN103454,25-01-2022,42,Male,South,121600,22,MORTGAGE,Bachelor's,Personal,381,0,5300,Rejected,0,,24,Not Funded,N/A,0,0
LN103455,30-10-2023,48,Male,East,108800,4,MORTGAGE,High School,Car,745,0,9600,Approved,8450,6.93,36,Fully Paid,Good Loan,8450,292.79
LN103456,24-09-2023,44,Female,East,78900,15,OWN,Master's,Debt Consolidation,324,1,12800,Rejected,0,,60,Not Funded,N/A,0,0
LN103457,20-05-2023,49,Male,West,164200,10,RENT,Bachelor's,Business,317,0,39900,Rejected,0,,24,Not Funded,N/A,0,0
LN103458,02-12-2022,29,Male,South,48100,18,RENT,Bachelor's,Home Improvement,796,0,17500,Approved,15970,4.46,12,Fully Paid,Good Loan,15970,356.13
LN103459,01-03-2023,62,Male,North,46000,15,MORTGAGE,Bachelor's,Personal,415,0,28200,Rejected,0,,36,Not Funded,N/A,0,0
LN103460,14-05-2023,24,Female,West,54500,31,MORTGAGE,Master's,Medical,448,0,36300,Rejected,0,,36,Not Funded,N/A,0,0
LN103461,04-08-2024,38,Female,West,103100,11,MORTGAGE,Bachelor's,Debt Consolidation,625,0,10600,Approved,9470,13.18,24,Current,Good Loan,4234.82,279.07
LN103462,22-09-2023,63,Male,Central,70500,1,OWN,Bachelor's,Debt Consolidation,320,0,6600,Rejected,0,,24,Not Funded,N/A,0,0
LN103463,19-12-2023,36,Female,South,117900,21,MORTGAGE,Master's,Medical,447,0,10500,Approved,9890,17.29,12,Current,Good Loan,7395.47,639.34
LN103464,05-12-2022,53,Male,North,55800,25,RENT,Master's,Debt Consolidation,745,0,35400,Approved,32620,8.91,60,Fully Paid,Good Loan,32620,1453.22
LN103465,21-10-2023,49,Male,North,27600,32,MORTGAGE,High School,Personal,586,0,27000,Rejected,0,,36,Not Funded,N/A,0,0
LN103466,19-08-2024,59,Male,West,40000,23,RENT,Bachelor's,Personal,624,0,18600,Approved,18150,11.38,24,Current,Good Loan,10105.64,575.01
LN103467,05-03-2023,30,Female,North,85900,4,MORTGAGE,High School,Medical,499,0,33000,Approved,32720,14.12,48,Charged Off,Bad Loan,690.52,48.75
LN103468,17-06-2024,29,Male,Central,43400,20,OWN,Bachelor's,Debt Consolidation,447,1,10200,Rejected,0,,48,Not Funded,N/A,0,0
LN103469,19-05-2022,51,Female,South,56600,17,MORTGAGE,Master's,Business,666,1,10300,Rejected,0,,24,Not Funded,N/A,0,0
LN103470,30-07-2024,48,Male,Central,60500,4,RENT,Master's,Home Improvement,520,0,23100,Rejected,0,,48,Not Funded,N/A,0,0
LN103471,26-06-2023,23,Female,West,122200,7,RENT,High School,Medical,527,0,31800,Approved,31170,11.91,12,Current,Good Loan,21284.28,1267.48
LN103472,26-02-2022,34,Female,Central,80500,20,RENT,High School,Debt Consolidation,605,0,11100,Approved,10930,10.74,60,Current,Good Loan,3652.56,196.14
LN103473,20-10-2023,45,Female,North,73700,4,RENT,Bachelor's,Home Improvement,478,1,9200,Rejected,0,,48,Not Funded,N/A,0,0
LN103474,11-03-2023,35,Female,East,58200,12,MORTGAGE,Bachelor's,Debt Consolidation,775,0,19500,Approved,18320,6.98,12,Fully Paid,Good Loan,18320,639.37
LN103475,19-01-2023,22,Female,North,37300,18,MORTGAGE,Bachelor's,Home Improvement,716,1,6200,Approved,5460,9.23,48,Fully Paid,Good Loan,5460,251.98
LN103476,14-07-2023,44,Female,North,60400,28,MORTGAGE,Bachelor's,Personal,422,0,30200,Rejected,0,,12,Not Funded,N/A,0,0
LN103477,13-07-2022,34,Male,South,144200,1,RENT,Bachelor's,Personal,584,2,23500,Rejected,0,,12,Not Funded,N/A,0,0
LN103478,18-06-2023,27,Male,West,68300,25,RENT,High School,Medical,302,1,21000,Rejected,0,,24,Not Funded,N/A,0,0
LN103479,02-06-2023,56,Female,North,42300,28,RENT,Master's,Personal,561,0,35000,Approved,30720,12.86,36,Charged Off,Bad Loan,4798.67,308.55
LN103480,17-12-2023,44,Male,Central,44900,4,RENT,High School,Debt Consolidation,770,0,29600,Approved,29210,7.11,12,Fully Paid,Good Loan,29210,1038.42
LN103481,21-01-2024,47,Male,North,102600,31,MORTGAGE,High School,Education,631,0,6800,Approved,6760,12.45,48,Charged Off,Bad Loan,1763.67,109.79
LN103482,04-07-2022,57,Male,South,42600,1,MORTGAGE,Bachelor's,Business,560,0,17400,Rejected,0,,24,Not Funded,N/A,0,0
LN103483,19-10-2022,58,Male,North,49500,4,OWN,Bachelor's,Home Improvement,302,0,13500,Rejected,0,,36,Not Funded,N/A,0,0
LN103484,02-01-2024,50,Female,West,32400,32,MORTGAGE,Bachelor's,Home Improvement,746,1,32300,Rejected,0,,60,Not Funded,N/A,0,0
LN103485,26-04-2022,47,Male,North,47800,34,MORTGAGE,High School,Car,515,2,29000,Rejected,0,,12,Not Funded,N/A,0,0
LN103486,04-04-2024,59,Female,Central,67000,18,RENT,PhD,Business,778,0,19400,Approved,17800,6.6,12,Fully Paid,Good Loan,17800,587.4
LN103487,08-12-2024,35,Female,East,47400,14,RENT,High School,Medical,739,0,33100,Rejected,0,,36,Not Funded,N/A,0,0
LN103488,16-11-2023,46,Female,Central,54800,34,MORTGAGE,Bachelor's,Medical,499,0,17000,Rejected,0,,24,Not Funded,N/A,0,0
LN103489,23-03-2022,21,Male,South,32200,7,MORTGAGE,Bachelor's,Debt Consolidation,578,0,32300,Rejected,0,,60,Not Funded,N/A,0,0
LN103490,13-04-2024,24,Male,South,42200,0,MORTGAGE,Master's,Debt Consolidation,434,0,2300,Rejected,0,,36,Not Funded,N/A,0,0
LN103491,29-11-2022,49,Female,West,141400,21,RENT,Bachelor's,Car,593,1,6300,Approved,5960,12.77,60,Charged Off,Bad Loan,978.72,62.49
LN103492,11-07-2023,21,Female,West,51000,16,OWN,High School,Business,504,1,30500,Rejected,0,,36,Not Funded,N/A,0,0
LN103493,01-12-2022,63,Female,South,63800,15,RENT,Bachelor's,Car,384,1,5500,Rejected,0,,24,Not Funded,N/A,0,0
LN103494,16-06-2023,42,Male,Central,37800,0,RENT,Bachelor's,Debt Consolidation,592,0,27700,Rejected,0,,48,Not Funded,N/A,0,0
LN103495,09-08-2022,31,Male,North,55500,2,OWN,Bachelor's,Car,689,0,29200,Approved,25610,8.48,36,Charged Off,Bad Loan,7364.39,312.25
LN103496,27-09-2023,30,Female,West,48000,5,RENT,Bachelor's,Car,437,0,26800,Rejected,0,,48,Not Funded,N/A,0,0
LN103497,19-11-2022,37,Male,South,88900,2,OWN,Bachelor's,Home Improvement,710,0,32900,Approved,32400,11.33,36,Current,Good Loan,22012.05,1246.98
LN103498,03-01-2022,56,Female,North,87000,29,RENT,Master's,Home Improvement,808,1,21000,Approved,20690,5.5,12,Charged Off,Bad Loan,5457.47,150.08
LN103499,25-07-2022,46,Female,South,91200,10,MORTGAGE,Bachelor's,Home Improvement,517,0,36000,Approved,35430,12.05,24,Charged Off,Bad Loan,5469.75,329.55
LN103500,09-02-2022,41,Female,Central,56200,26,RENT,PhD,Debt Consolidation,356,0,23200,Rejected,0,,12,Not Funded,N/A,0,0
LN103501,28-02-2022,33,Male,Central,135700,21,RENT,Master's,Education,391,0,20800,Approved,20080,16.71,60,Charged Off,Bad Loan,55.59,4.64
LN103502,08-08-2024,29,Female,South,77800,5,MORTGAGE,Bachelor's,Debt Consolidation,669,0,20900,Approved,19170,8.54,48,Fully Paid,Good Loan,19170,818.56
LN103503,28-07-2023,31,Female,Central,28500,30,RENT,Master's,Car,711,0,36600,Approved,33640,8.74,60,Fully Paid,Good Loan,33640,1470.07
LN103504,06-10-2023,31,Female,East,108500,5,RENT,Bachelor's,Car,492,0,10500,Rejected,0,,48,Not Funded,N/A,0,0
LN103505,22-04-2024,26,Female,West,54000,19,MORTGAGE,Bachelor's,Medical,416,0,28100,Approved,25090,14.42,48,Current,Good Loan,20119.8,1450.64
LN103506,11-09-2023,21,Female,North,90400,10,OWN,High School,Debt Consolidation,574,0,10500,Rejected,0,,24,Not Funded,N/A,0,0
LN103507,06-04-2022,26,Female,East,33700,1,RENT,Master's,Debt Consolidation,652,0,4600,Approved,4280,11.28,60,Charged Off,Bad Loan,1341.51,75.66
LN103508,16-06-2024,33,Female,North,52500,30,RENT,Bachelor's,Car,745,2,38200,Approved,34240,6.7,12,Charged Off,Bad Loan,4311.4,144.43
LN103509,21-12-2024,42,Male,South,75900,25,MORTGAGE,Bachelor's,Car,335,0,6100,Rejected,0,,12,Not Funded,N/A,0,0
LN103510,15-07-2023,51,Male,East,60500,26,MORTGAGE,Master's,Home Improvement,496,0,27800,Rejected,0,,48,Not Funded,N/A,0,0
LN103511,23-06-2024,42,Male,West,50700,30,OWN,Master's,Home Improvement,589,1,17600,Approved,15880,11.49,48,Charged Off,Bad Loan,6113.04,351.19
LN103512,14-12-2022,57,Male,East,17900,23,RENT,Bachelor's,Home Improvement,785,0,33600,Approved,33090,6.7,48,Charged Off,Bad Loan,12861.21,430.85
LN103513,02-11-2023,47,Male,Central,38800,12,MORTGAGE,High School,Car,710,1,31200,Rejected,0,,60,Not Funded,N/A,0,0
LN103514,13-11-2022,34,Male,West,34900,24,RENT,High School,Medical,722,0,6600,Approved,6160,7.96,60,Current,Good Loan,4557.94,181.41
LN103515,20-12-2023,25,Female,North,23400,24,RENT,Bachelor's,Debt Consolidation,538,0,19200,Rejected,0,,36,Not Funded,N/A,0,0
LN103516,07-12-2024,56,Male,South,39400,28,RENT,Bachelor's,Education,597,1,2100,Rejected,0,,12,Not Funded,N/A,0,0
LN103517,07-09-2022,52,Male,West,125000,30,RENT,High School,Debt Consolidation,341,1,17800,Rejected,0,,48,Not Funded,N/A,0,0
LN103518,10-11-2022,54,Male,Central,91200,1,MORTGAGE,Bachelor's,Medical,387,1,28300,Rejected,0,,60,Not Funded,N/A,0,0
LN103519,17-03-2024,27,Female,Central,37200,11,RENT,High School,Medical,475,0,10100,Approved,10080,14.28,36,Fully Paid,Good Loan,10080,719.71
LN103520,30-04-2023,62,Male,West,41600,4,OWN,High School,Car,577,0,32600,Rejected,0,,48,Not Funded,N/A,0,0
LN103521,13-02-2022,30,Male,East,41600,26,MORTGAGE,Master's,Education,642,0,3100,Approved,3100,11.83,12,Fully Paid,Good Loan,3100,183.36
LN103522,25-07-2023,37,Male,West,76100,33,RENT,Bachelor's,Debt Consolidation,596,0,2300,Approved,2080,11.72,60,Fully Paid,Good Loan,2080,121.89
LN103523,06-08-2023,50,Female,South,65000,13,OWN,Bachelor's,Medical,579,0,2100,Approved,2040,10.46,48,Fully Paid,Good Loan,2040,106.69
LN103524,13-06-2024,41,Female,South,39300,6,OWN,High School,Car,723,2,11900,Rejected,0,,24,Not Funded,N/A,0,0
LN103525,08-08-2022,33,Female,West,41400,9,MORTGAGE,Master's,Education,715,0,19200,Approved,18480,9.96,24,Current,Good Loan,9380.38,467.14
LN103526,13-07-2024,21,Male,Central,88100,28,RENT,Master's,Debt Consolidation,332,1,5200,Rejected,0,,12,Not Funded,N/A,0,0
LN103527,05-02-2023,21,Female,Central,107600,15,RENT,Bachelor's,Debt Consolidation,327,1,39900,Rejected,0,,36,Not Funded,N/A,0,0
LN103528,28-12-2023,53,Female,South,36200,20,RENT,Master's,Debt Consolidation,508,0,40000,Approved,34840,13.35,36,Fully Paid,Good Loan,34840,2325.57
LN103529,17-09-2024,58,Male,West,51400,32,MORTGAGE,Bachelor's,Debt Consolidation,547,0,21300,Approved,18440,13.95,24,Charged Off,Bad Loan,785.57,54.79
LN103530,17-06-2024,45,Male,Central,57400,28,RENT,High School,Debt Consolidation,677,0,23200,Approved,22500,10.33,12,Charged Off,Bad Loan,6837.7,353.17
LN103531,07-05-2024,46,Male,East,49800,16,MORTGAGE,High School,Debt Consolidation,657,0,37100,Approved,35240,8.85,24,Charged Off,Bad Loan,10829.95,479.23
LN103532,14-03-2024,33,Female,South,90100,12,RENT,High School,Personal,317,0,31000,Approved,28780,18.38,48,Fully Paid,Good Loan,28780,2644.88
LN103533,05-05-2023,48,Male,East,50600,5,MORTGAGE,Bachelor's,Education,512,0,7500,Rejected,0,,60,Not Funded,N/A,0,0
LN103534,26-07-2024,53,Male,East,127900,1,RENT,Bachelor's,Home Improvement,813,0,31900,Approved,31180,7.99,36,Fully Paid,Good Loan,31180,1245.64
LN103535,23-04-2024,57,Male,East,93000,7,RENT,Bachelor's,Debt Consolidation,393,0,10000,Approved,9920,17.64,60,Current,Good Loan,2486.79,219.33
LN103536,24-09-2022,61,Male,East,39800,31,RENT,Bachelor's,Personal,316,0,17800,Rejected,0,,12,Not Funded,N/A,0,0
LN103537,23-02-2022,50,Female,West,55800,8,MORTGAGE,Bachelor's,Business,538,0,21800,Rejected,0,,12,Not Funded,N/A,0,0
LN103538,12-06-2023,28,Female,North,34900,22,MORTGAGE,High School,Personal,827,1,29000,Rejected,0,,24,Not Funded,N/A,0,0
LN103539,08-09-2023,21,Female,South,45400,6,MORTGAGE,High School,Medical,476,2,6900,Rejected,0,,12,Not Funded,N/A,0,0
LN103540,18-12-2024,32,Male,East,80200,30,RENT,Master's,Debt Consolidation,430,1,4000,Rejected,0,,60,Not Funded,N/A,0,0
LN103541,29-11-2024,25,Male,South,60500,20,OWN,Master's,Car,597,0,34800,Approved,34500,12.12,36,Current,Good Loan,28036.41,1699.01
LN103542,12-08-2024,44,Male,Central,140200,0,MORTGAGE,Bachelor's,Business,362,0,33200,Rejected,0,,24,Not Funded,N/A,0,0
LN103543,21-01-2023,26,Female,South,31300,1,RENT,High School,Business,429,0,21400,Rejected,0,,12,Not Funded,N/A,0,0
LN103544,04-01-2024,45,Female,South,53400,10,RENT,High School,Medical,662,0,26800,Approved,24220,10.6,48,Fully Paid,Good Loan,24220,1283.66
LN103545,17-12-2023,21,Female,Central,43100,17,RENT,PhD,Medical,569,0,29100,Rejected,0,,12,Not Funded,N/A,0,0
LN103546,12-10-2023,45,Male,North,47000,23,RENT,High School,Medical,567,0,19600,Rejected,0,,36,Not Funded,N/A,0,0
LN103547,27-10-2022,21,Male,West,55200,18,RENT,High School,Medical,799,0,11000,Approved,9880,5.87,24,Fully Paid,Good Loan,9880,289.98
LN103548,30-01-2023,52,Male,East,39900,4,MORTGAGE,Bachelor's,Education,839,0,19800,Approved,19640,4.29,36,Current,Good Loan,7006.21,150.28
LN103549,16-08-2023,62,Female,North,83400,28,OWN,High School,Education,786,2,38100,Rejected,0,,60,Not Funded,N/A,0,0
LN103550,29-05-2023,62,Female,Central,119100,1,RENT,PhD,Car,516,0,33700,Approved,31800,12.28,60,Fully Paid,Good Loan,31800,1952.52
LN103551,31-01-2023,23,Female,North,18900,16,RENT,Bachelor's,Education,656,0,19200,Approved,17850,9.18,12,Fully Paid,Good Loan,17850,819.32
LN103552,06-01-2023,39,Female,East,101400,10,RENT,PhD,Debt Consolidation,585,1,9800,Rejected,0,,48,Not Funded,N/A,0,0
LN103553,07-05-2024,63,Male,North,168100,12,OWN,Master's,Education,778,1,35700,Approved,33910,7.98,48,Fully Paid,Good Loan,33910,1353.01
LN103554,01-03-2024,49,Male,North,59000,28,RENT,Bachelor's,Debt Consolidation,845,1,25900,Approved,24990,4.7,24,Charged Off,Bad Loan,6136.76,144.21
LN103555,20-10-2023,22,Male,Central,41200,31,RENT,Master's,Debt Consolidation,711,0,16800,Approved,15200,8.4,12,Fully Paid,Good Loan,15200,638.4
LN103556,06-01-2024,29,Male,West,41900,7,RENT,Bachelor's,Debt Consolidation,630,0,5400,Approved,5070,10.69,36,Fully Paid,Good Loan,5070,270.99
LN103557,19-01-2023,37,Male,North,47200,9,MORTGAGE,High School,Debt Consolidation,748,0,30300,Approved,26130,8.71,12,Fully Paid,Good Loan,26130,1137.96
LN103558,03-03-2022,56,Female,East,65800,24,RENT,Bachelor's,Debt Consolidation,326,0,13400,Rejected,0,,48,Not Funded,N/A,0,0
LN103559,20-05-2023,37,Female,West,44700,10,MORTGAGE,High School,Debt Consolidation,411,1,24600,Rejected,0,,36,Not Funded,N/A,0,0
LN103560,27-08-2022,32,Male,Central,52300,27,RENT,Bachelor's,Business,791,0,23200,Approved,21760,7.47,36,Current,Good Loan,4692.14,175.25
LN103561,14-07-2022,40,Male,South,35200,32,RENT,Bachelor's,Debt Consolidation,436,0,28300,Rejected,0,,48,Not Funded,N/A,0,0
LN103562,09-11-2023,23,Male,Central,44100,25,RENT,High School,Debt Consolidation,837,0,22000,Approved,19640,4,24,Fully Paid,Good Loan,19640,392.8
LN103563,02-03-2022,63,Female,East,45000,7,OWN,High School,Car,561,0,25600,Rejected,0,,12,Not Funded,N/A,0,0
LN103564,16-09-2024,24,Male,West,53300,25,RENT,High School,Car,821,1,4200,Approved,3630,5.33,48,Fully Paid,Good Loan,3630,96.74
LN103565,16-11-2023,37,Male,Central,28100,31,MORTGAGE,Master's,Home Improvement,598,0,26900,Approved,25690,14.44,12,Current,Good Loan,18457.56,1332.64
LN103566,05-06-2022,57,Female,South,46700,27,RENT,Master's,Car,409,0,8600,Rejected,0,,12,Not Funded,N/A,0,0
LN103567,11-07-2024,62,Female,North,49200,6,RENT,Master's,Business,732,0,16300,Approved,15150,6.74,24,Current,Good Loan,8407.6,283.34
LN103568,17-05-2024,35,Male,South,58900,34,MORTGAGE,High School,Debt Consolidation,778,0,21000,Approved,18250,7.09,36,Current,Good Loan,12745.41,451.82
LN103569,21-06-2024,53,Female,North,101700,1,RENT,High School,Medical,566,0,27800,Approved,27790,11.28,48,Current,Good Loan,21231.24,1197.44
LN103570,25-09-2024,36,Female,South,51800,21,RENT,High School,Personal,512,0,30000,Approved,28970,17.26,36,Charged Off,Bad Loan,2824.32,243.74
LN103571,01-09-2024,31,Female,West,31300,21,RENT,Bachelor's,Education,608,0,28500,Approved,25940,12.27,60,Fully Paid,Good Loan,25940,1591.42
LN103572,23-01-2023,40,Male,East,57500,2,RENT,Bachelor's,Debt Consolidation,353,0,4700,Rejected,0,,48,Not Funded,N/A,0,0
LN103573,05-06-2024,58,Male,South,39400,7,RENT,Master's,Debt Consolidation,694,2,16100,Rejected,0,,12,Not Funded,N/A,0,0
LN103574,17-04-2024,44,Female,South,38900,3,RENT,Bachelor's,Debt Consolidation,811,1,11900,Approved,11830,6.33,48,Current,Good Loan,5966.07,188.83
LN103575,06-12-2022,36,Male,North,47400,14,RENT,High School,Home Improvement,624,0,16500,Approved,15930,10.38,36,Fully Paid,Good Loan,15930,826.77
LN103576,23-07-2022,50,Female,South,42900,11,MORTGAGE,PhD,Home Improvement,395,0,26200,Rejected,0,,60,Not Funded,N/A,0,0
LN103577,10-06-2022,54,Female,East,33500,28,MORTGAGE,Master's,Business,473,0,8500,Rejected,0,,24,Not Funded,N/A,0,0
LN103578,27-01-2023,21,Female,North,43500,8,RENT,Bachelor's,Business,643,0,20600,Approved,18440,10.11,48,Fully Paid,Good Loan,18440,932.14
LN103579,08-02-2024,44,Male,Central,66500,19,MORTGAGE,High School,Business,504,0,35500,Approved,33250,15.62,24,Fully Paid,Good Loan,33250,2596.83
LN103580,29-07-2023,44,Male,South,55200,33,RENT,Master's,Home Improvement,354,0,29500,Rejected,0,,60,Not Funded,N/A,0,0
LN103581,18-06-2023,29,Male,Central,34700,25,MORTGAGE,Bachelor's,Debt Consolidation,525,2,29300,Rejected,0,,36,Not Funded,N/A,0,0
LN103582,29-12-2024,42,Female,North,36800,20,MORTGAGE,High School,Home Improvement,606,0,34100,Approved,33880,10.63,60,Current,Good Loan,11962.99,635.83
LN103583,11-06-2024,32,Male,West,57300,22,MORTGAGE,Bachelor's,Personal,580,0,16600,Approved,14650,10.92,48,Fully Paid,Good Loan,14650,799.89
LN103584,09-02-2023,37,Male,East,34700,17,MORTGAGE,High School,Education,601,0,30600,Approved,28040,11.59,12,Fully Paid,Good Loan,28040,1624.92
LN103585,31-08-2023,45,Male,West,36200,23,RENT,Master's,Home Improvement,504,0,3300,Rejected,0,,36,Not Funded,N/A,0,0
LN103586,07-04-2024,48,Male,East,41900,28,RENT,Master's,Debt Consolidation,519,0,3200,Rejected,0,,48,Not Funded,N/A,0,0
LN103587,21-11-2023,35,Male,Central,35000,12,MORTGAGE,Bachelor's,Debt Consolidation,727,0,13900,Approved,12280,8.79,36,Fully Paid,Good Loan,12280,539.71
LN103588,20-06-2024,50,Male,East,56700,31,RENT,High School,Business,440,0,8700,Rejected,0,,36,Not Funded,N/A,0,0
LN103589,25-02-2022,47,Female,West,47200,18,RENT,Bachelor's,Business,754,0,21200,Rejected,0,,48,Not Funded,N/A,0,0
LN103590,01-01-2023,42,Male,Central,101900,16,RENT,High School,Debt Consolidation,444,1,8100,Rejected,0,,12,Not Funded,N/A,0,0
LN103591,31-03-2023,30,Male,West,32100,1,RENT,High School,Debt Consolidation,825,1,39000,Approved,36210,7.57,12,Current,Good Loan,19817.9,750.11
LN103592,14-04-2022,51,Female,East,90900,17,MORTGAGE,Bachelor's,Home Improvement,457,1,34200,Rejected,0,,48,Not Funded,N/A,0,0
LN103593,18-03-2022,47,Female,South,60300,26,RENT,High School,Debt Consolidation,404,0,39300,Rejected,0,,36,Not Funded,N/A,0,0
LN103594,18-08-2022,32,Male,Central,106000,13,RENT,Master's,Personal,588,0,32500,Approved,28100,13.54,36,Fully Paid,Good Loan,28100,1902.37
LN103595,27-11-2022,51,Male,East,99700,14,OWN,High School,Debt Consolidation,484,0,38100,Rejected,0,,48,Not Funded,N/A,0,0
LN103596,11-06-2024,52,Female,East,44700,7,RENT,Master's,Personal,516,2,15400,Rejected,0,,48,Not Funded,N/A,0,0
LN103597,19-11-2023,52,Male,North,28700,8,RENT,High School,Education,330,0,20400,Rejected,0,,60,Not Funded,N/A,0,0
LN103598,27-01-2022,61,Male,East,50700,20,MORTGAGE,Bachelor's,Home Improvement,578,0,10400,Approved,8950,12.93,12,Current,Good Loan,8036.49,519.56
LN103599,26-10-2022,55,Male,West,22300,34,RENT,Master's,Business,774,1,25800,Rejected,0,,36,Not Funded,N/A,0,0
LN103600,14-08-2024,41,Male,East,72900,13,OWN,High School,Home Improvement,524,0,31700,Approved,28390,14.43,36,Current,Good Loan,15021.75,1083.82
LN103601,09-03-2024,30,Female,South,58000,26,RENT,Bachelor's,Business,476,1,20500,Rejected,0,,36,Not Funded,N/A,0,0
LN103602,25-04-2023,36,Female,South,41400,7,RENT,Bachelor's,Debt Consolidation,383,2,12600,Rejected,0,,36,Not Funded,N/A,0,0
LN103603,27-07-2023,27,Female,South,44300,34,RENT,Bachelor's,Debt Consolidation,391,2,20800,Rejected,0,,48,Not Funded,N/A,0,0
LN103604,03-04-2023,24,Male,West,34200,17,MORTGAGE,Bachelor's,Business,307,0,3500,Rejected,0,,12,Not Funded,N/A,0,0
LN103605,31-12-2022,47,Male,South,53400,13,OWN,Master's,Debt Consolidation,353,0,29100,Rejected,0,,60,Not Funded,N/A,0,0
LN103606,08-05-2024,45,Female,East,34700,7,MORTGAGE,Bachelor's,Debt Consolidation,462,0,18600,Rejected,0,,48,Not Funded,N/A,0,0
LN103607,17-12-2022,51,Male,East,53300,7,MORTGAGE,Bachelor's,Personal,778,0,36000,Approved,30860,8.89,36,Fully Paid,Good Loan,30860,1371.73
LN103608,10-09-2022,31,Male,Central,63500,1,RENT,Master's,Car,407,0,37000,Rejected,0,,12,Not Funded,N/A,0,0
LN103609,20-02-2024,40,Female,North,72600,16,OWN,High School,Car,570,0,5900,Approved,5410,12.91,12,Charged Off,Bad Loan,1390.9,89.78
LN103610,13-03-2024,56,Female,North,66200,12,MORTGAGE,High School,Business,536,0,39800,Rejected,0,,24,Not Funded,N/A,0,0
LN103611,08-10-2024,37,Male,East,47400,13,RENT,Bachelor's,Debt Consolidation,560,0,38800,Rejected,0,,48,Not Funded,N/A,0,0
LN103612,04-04-2023,31,Female,East,66200,8,MORTGAGE,High School,Debt Consolidation,828,0,25500,Approved,25040,4.32,12,Current,Good Loan,16569.65,357.9
LN103613,05-07-2024,50,Male,North,57600,26,OWN,Bachelor's,Personal,686,2,33200,Rejected,0,,48,Not Funded,N/A,0,0
LN103614,14-05-2023,55,Male,West,57400,19,MORTGAGE,Bachelor's,Car,702,1,1700,Rejected,0,,12,Not Funded,N/A,0,0
LN103615,07-08-2024,61,Male,East,34100,11,RENT,Bachelor's,Home Improvement,657,0,38800,Approved,37360,9.26,12,Fully Paid,Good Loan,37360,1729.77
LN103616,23-05-2023,58,Female,South,30900,21,OWN,High School,Medical,518,0,18800,Rejected,0,,60,Not Funded,N/A,0,0
LN103617,16-05-2023,42,Female,South,60800,30,RENT,Master's,Car,764,0,36500,Approved,35260,7.81,24,Current,Good Loan,9400.52,367.09
LN103618,13-03-2024,63,Female,Central,67400,12,MORTGAGE,High School,Education,720,0,16000,Approved,15880,8.97,48,Fully Paid,Good Loan,15880,712.22
LN103619,21-08-2023,47,Male,North,41000,0,RENT,Master's,Car,448,0,31700,Approved,31370,16.4,36,Current,Good Loan,17513.5,1436.11
LN103620,15-06-2022,57,Male,North,91900,8,OWN,Bachelor's,Debt Consolidation,656,0,17300,Rejected,0,,60,Not Funded,N/A,0,0
LN103621,07-04-2023,55,Male,North,146700,9,RENT,Bachelor's,Business,350,1,15100,Rejected,0,,36,Not Funded,N/A,0,0
LN103622,08-07-2024,24,Male,East,119300,28,MORTGAGE,High School,Business,353,0,37900,Rejected,0,,60,Not Funded,N/A,0,0
LN103623,24-04-2022,36,Male,West,48100,29,RENT,Bachelor's,Education,438,0,28300,Rejected,0,,12,Not Funded,N/A,0,0
LN103624,18-09-2024,36,Female,South,44600,1,MORTGAGE,PhD,Personal,412,1,33800,Rejected,0,,24,Not Funded,N/A,0,0
LN103625,26-07-2022,41,Female,North,77200,17,OWN,Bachelor's,Car,726,1,22200,Approved,21150,7.93,48,Current,Good Loan,14618.2,579.61
LN103626,30-05-2023,46,Male,North,73500,27,OWN,Master's,Debt Consolidation,797,0,36800,Approved,31370,6.24,12,Fully Paid,Good Loan,31370,978.74
LN103627,10-12-2023,56,Male,East,32800,31,RENT,High School,Debt Consolidation,591,0,29900,Rejected,0,,36,Not Funded,N/A,0,0
LN103628,18-05-2022,39,Male,South,48600,23,RENT,Master's,Education,645,0,3800,Rejected,0,,24,Not Funded,N/A,0,0
LN103629,05-12-2022,37,Female,Central,73000,13,RENT,Bachelor's,Debt Consolidation,810,0,30900,Approved,29240,5.1,36,Fully Paid,Good Loan,29240,745.62
LN103630,21-06-2023,46,Female,North,36200,24,MORTGAGE,Bachelor's,Debt Consolidation,740,1,1700,Rejected,0,,48,Not Funded,N/A,0,0
LN103631,09-03-2022,42,Female,North,38800,24,MORTGAGE,High School,Education,780,0,33300,Approved,33250,6.51,36,Current,Good Loan,28892.05,940.44
LN103632,18-01-2023,48,Male,North,41500,31,MORTGAGE,Bachelor's,Business,527,0,13900,Approved,12560,13.6,24,Fully Paid,Good Loan,12560,854.08
LN103633,19-01-2022,21,Male,West,45300,26,RENT,Bachelor's,Car,389,0,24300,Rejected,0,,48,Not Funded,N/A,0,0
LN103634,14-11-2023,64,Female,West,26700,31,RENT,Bachelor's,Home Improvement,835,0,30200,Approved,26050,6.27,12,Current,Good Loan,8104.22,254.07
LN103635,15-03-2022,56,Female,Central,74000,30,MORTGAGE,Master's,Home Improvement,695,0,25800,Approved,22580,9,12,Current,Good Loan,16179.11,728.06
LN103636,27-07-2023,63,Male,South,38900,23,RENT,Bachelor's,Debt Consolidation,374,0,27200,Rejected,0,,24,Not Funded,N/A,0,0
LN103637,27-07-2024,57,Male,North,59300,34,RENT,PhD,Education,635,0,35800,Approved,34720,11.46,24,Current,Good Loan,23009.52,1318.45
LN103638,07-12-2024,22,Male,East,56500,29,RENT,Master's,Medical,463,1,15600,Rejected,0,,24,Not Funded,N/A,0,0
LN103639,30-07-2022,37,Female,East,34400,32,RENT,Bachelor's,Debt Consolidation,818,0,22300,Approved,20910,6.59,36,Current,Good Loan,6338.06,208.84
LN103640,04-05-2024,60,Female,East,24500,32,RENT,High School,Debt Consolidation,455,0,7800,Rejected,0,,12,Not Funded,N/A,0,0
LN103641,13-10-2023,58,Female,South,56400,26,OWN,High School,Debt Consolidation,802,0,19200,Approved,19190,6.68,12,Charged Off,Bad Loan,4688.48,156.6
LN103642,20-09-2024,41,Male,North,44500,32,RENT,High School,Medical,633,2,6900,Rejected,0,,12,Not Funded,N/A,0,0
LN103643,26-11-2023,29,Male,North,66500,32,MORTGAGE,Master's,Debt Consolidation,790,1,25700,Approved,23350,4,48,Fully Paid,Good Loan,23350,467
LN103644,24-06-2023,33,Male,West,78100,3,MORTGAGE,High School,Debt Consolidation,627,1,13600,Rejected,0,,60,Not Funded,N/A,0,0
LN103645,19-06-2024,31,Female,East,21600,29,MORTGAGE,High School,Debt Consolidation,300,0,34500,Rejected,0,,24,Not Funded,N/A,0,0
LN103646,19-02-2024,36,Male,West,48800,14,RENT,High School,Car,659,0,14400,Approved,12270,9.94,48,Current,Good Loan,10799.97,536.76
LN103647,19-06-2022,36,Female,South,86600,28,RENT,High School,Debt Consolidation,636,0,12200,Approved,11570,10.73,60,Fully Paid,Good Loan,11570,620.73
LN103648,03-11-2024,22,Male,West,103400,27,RENT,High School,Debt Consolidation,486,0,20200,Rejected,0,,24,Not Funded,N/A,0,0
LN103649,15-10-2022,62,Female,South,23800,31,MORTGAGE,High School,Debt Consolidation,568,0,7800,Approved,7780,12.58,60,Fully Paid,Good Loan,7780,489.36
LN103650,08-07-2022,64,Female,North,91000,29,MORTGAGE,PhD,Home Improvement,730,0,8900,Approved,8350,8.31,12,Fully Paid,Good Loan,8350,346.94
LN103651,02-07-2024,28,Male,Central,34400,11,OWN,High School,Business,838,0,31500,Approved,30010,4.72,60,Fully Paid,Good Loan,30010,708.24
LN103652,25-11-2023,63,Female,East,74400,2,RENT,High School,Home Improvement,422,0,20400,Rejected,0,,24,Not Funded,N/A,0,0
LN103653,06-06-2024,62,Male,East,42300,14,MORTGAGE,Master's,Business,518,0,9000,Rejected,0,,48,Not Funded,N/A,0,0
LN103654,16-04-2023,33,Male,West,75800,9,MORTGAGE,Bachelor's,Personal,715,0,2200,Approved,2110,6.81,24,Fully Paid,Good Loan,2110,71.85
LN103655,04-10-2022,37,Male,South,46000,21,RENT,High School,Medical,485,0,19200,Rejected,0,,60,Not Funded,N/A,0,0
LN103656,28-07-2024,59,Female,West,28400,22,RENT,High School,Home Improvement,504,0,30000,Rejected,0,,60,Not Funded,N/A,0,0
LN103657,25-07-2023,44,Female,Central,41700,10,MORTGAGE,High School,Debt Consolidation,635,0,14700,Approved,13970,11.32,24,Charged Off,Bad Loan,4896.28,277.13
LN103658,06-05-2024,23,Male,South,69100,15,RENT,Bachelor's,Medical,689,2,10700,Rejected,0,,12,Not Funded,N/A,0,0
LN103659,27-09-2024,50,Female,West,44800,15,OWN,High School,Business,603,0,16500,Approved,15360,12.88,24,Current,Good Loan,10131.26,652.45
LN103660,03-04-2023,33,Female,West,33400,13,RENT,Bachelor's,Personal,811,0,38400,Approved,34260,6.36,24,Charged Off,Bad Loan,8280.11,263.31
LN103661,06-07-2024,39,Female,North,30600,5,RENT,Bachelor's,Personal,525,0,17500,Rejected,0,,60,Not Funded,N/A,0,0
LN103662,12-04-2024,27,Male,South,37600,16,MORTGAGE,High School,Business,812,0,11100,Approved,9850,5.56,36,Current,Good Loan,8736.3,242.87
LN103663,23-12-2024,29,Male,North,37500,30,RENT,Bachelor's,Debt Consolidation,328,0,23200,Rejected,0,,60,Not Funded,N/A,0,0
LN103664,18-04-2024,39,Female,East,70200,9,OWN,PhD,Debt Consolidation,811,0,32600,Approved,30130,5.2,60,Fully Paid,Good Loan,30130,783.38
LN103665,12-07-2022,60,Male,West,45300,19,MORTGAGE,Master's,Car,653,0,1900,Approved,1660,11.5,60,Current,Good Loan,1061.21,61.02
LN103666,08-09-2023,42,Male,East,47400,8,MORTGAGE,Bachelor's,Education,771,0,22800,Approved,20480,7.23,60,Current,Good Loan,17538.75,634.03
LN103667,10-02-2023,38,Female,North,50000,14,OWN,Bachelor's,Business,614,0,33600,Approved,32890,9.21,12,Fully Paid,Good Loan,32890,1514.58
LN103668,31-07-2024,43,Male,East,69100,1,RENT,Bachelor's,Education,578,0,9400,Approved,9270,11.31,48,Charged Off,Bad Loan,2998.02,169.54
LN103669,22-12-2023,22,Female,West,72200,3,RENT,Bachelor's,Business,587,0,36900,Approved,34330,11.86,24,Charged Off,Bad Loan,4615.7,273.71
LN103670,03-04-2022,31,Male,South,42700,23,OWN,Master's,Business,666,0,23500,Approved,21700,8.39,24,Fully Paid,Good Loan,21700,910.32
LN103671,06-03-2023,51,Female,West,48100,17,RENT,Bachelor's,Debt Consolidation,630,1,21200,Rejected,0,,36,Not Funded,N/A,0,0
LN103672,16-10-2023,53,Male,West,72300,10,RENT,Master's,Business,696,0,38600,Approved,34050,7.38,12,Charged Off,Bad Loan,9771.28,360.56
LN103673,10-03-2023,34,Male,North,39600,25,RENT,PhD,Debt Consolidation,684,0,6100,Approved,6090,9.15,36,Fully Paid,Good Loan,6090,278.62
LN103674,10-01-2023,36,Male,South,42300,7,RENT,Bachelor's,Education,810,0,29900,Approved,28760,5.6,24,Fully Paid,Good Loan,28760,805.28
LN103675,18-12-2024,31,Female,East,72300,21,MORTGAGE,Bachelor's,Home Improvement,329,0,32900,Rejected,0,,36,Not Funded,N/A,0,0
LN103676,02-12-2024,53,Female,West,41800,4,RENT,Bachelor's,Education,496,0,20100,Rejected,0,,60,Not Funded,N/A,0,0
LN103677,26-07-2022,27,Male,Central,60600,1,RENT,High School,Personal,562,0,1300,Approved,1230,13.74,60,Fully Paid,Good Loan,1230,84.5
LN103678,19-02-2024,51,Male,East,26600,4,RENT,Bachelor's,Business,707,0,21400,Approved,19230,9.26,24,Fully Paid,Good Loan,19230,890.35
LN103679,16-06-2023,34,Female,South,70500,34,MORTGAGE,Bachelor's,Home Improvement,394,0,7000,Rejected,0,,36,Not Funded,N/A,0,0
LN103680,15-06-2022,48,Male,North,49500,31,OWN,High School,Debt Consolidation,342,1,22900,Rejected,0,,60,Not Funded,N/A,0,0
LN103681,05-10-2023,63,Female,West,65100,18,MORTGAGE,Bachelor's,Debt Consolidation,335,0,29800,Rejected,0,,12,Not Funded,N/A,0,0
LN103682,31-03-2022,36,Male,North,89700,3,RENT,Master's,Personal,757,0,21700,Approved,20740,6.26,12,Fully Paid,Good Loan,20740,649.16
LN103683,13-01-2022,39,Female,West,46600,22,RENT,PhD,Education,428,0,25600,Rejected,0,,24,Not Funded,N/A,0,0
LN103684,30-08-2024,37,Female,North,27200,18,RENT,Master's,Home Improvement,818,0,5100,Approved,4430,7.2,48,Current,Good Loan,2947.27,106.1
LN103685,15-03-2024,46,Female,North,46000,25,RENT,High School,Debt Consolidation,343,0,4800,Rejected,0,,48,Not Funded,N/A,0,0
LN103686,02-08-2024,26,Female,South,93600,25,MORTGAGE,High School,Medical,360,2,34200,Rejected,0,,36,Not Funded,N/A,0,0
LN103687,12-01-2024,63,Male,South,58500,6,RENT,Bachelor's,Home Improvement,837,0,2900,Approved,2550,4.07,24,Fully Paid,Good Loan,2550,51.89
LN103688,25-05-2024,29,Male,East,33600,31,RENT,High School,Home Improvement,662,0,12100,Approved,10320,9.26,24,Fully Paid,Good Loan,10320,477.82
LN103689,22-10-2023,37,Female,North,49700,32,MORTGAGE,Bachelor's,Debt Consolidation,420,0,37600,Approved,36860,18.17,60,Charged Off,Bad Loan,14335.24,1302.36
LN103690,28-10-2024,51,Male,Central,67500,25,MORTGAGE,High School,Debt Consolidation,796,0,18900,Approved,16870,7.05,60,Charged Off,Bad Loan,6081.17,214.36
LN103691,18-11-2024,32,Female,East,51200,23,MORTGAGE,Bachelor's,Debt Consolidation,457,2,27300,Rejected,0,,12,Not Funded,N/A,0,0
LN103692,23-10-2022,43,Female,East,50600,22,MORTGAGE,High School,Education,556,0,9600,Rejected,0,,12,Not Funded,N/A,0,0
LN103693,12-09-2024,25,Male,South,39300,25,RENT,Bachelor's,Debt Consolidation,570,0,11600,Rejected,0,,24,Not Funded,N/A,0,0
LN103694,14-07-2024,63,Male,East,40700,30,RENT,Master's,Debt Consolidation,610,0,20900,Rejected,0,,60,Not Funded,N/A,0,0
LN103695,02-10-2023,56,Male,North,59900,5,MORTGAGE,Master's,Home Improvement,612,1,25900,Rejected,0,,60,Not Funded,N/A,0,0
LN103696,06-12-2022,56,Male,Central,67600,30,RENT,PhD,Business,416,0,38500,Rejected,0,,24,Not Funded,N/A,0,0
LN103697,20-09-2023,23,Male,East,50100,11,RENT,Bachelor's,Debt Consolidation,644,0,23400,Approved,20390,12.47,12,Current,Good Loan,14541.18,906.64
LN103698,15-03-2023,44,Male,North,43400,16,MORTGAGE,Master's,Business,477,0,4700,Rejected,0,,60,Not Funded,N/A,0,0
LN103699,30-07-2024,37,Male,East,76100,25,MORTGAGE,Bachelor's,Debt Consolidation,416,0,15300,Rejected,0,,48,Not Funded,N/A,0,0
LN103700,09-04-2024,59,Male,South,44800,2,RENT,Bachelor's,Medical,464,2,10500,Rejected,0,,36,Not Funded,N/A,0,0
LN103701,03-06-2023,46,Male,North,61700,14,RENT,Master's,Car,473,0,10900,Rejected,0,,12,Not Funded,N/A,0,0
LN103702,02-09-2024,24,Male,Central,68900,23,MORTGAGE,High School,Personal,454,0,20700,Rejected,0,,48,Not Funded,N/A,0,0
LN103703,04-12-2024,32,Male,North,30700,29,RENT,Master's,Education,809,0,13300,Approved,12620,5.56,24,Fully Paid,Good Loan,12620,350.84
LN103704,12-08-2024,21,Female,East,57700,26,RENT,Bachelor's,Education,609,0,12300,Approved,12270,11.7,24,Current,Good Loan,2626.4,153.64
LN103705,09-08-2024,41,Male,Central,16100,21,MORTGAGE,Bachelor's,Education,533,0,38800,Rejected,0,,36,Not Funded,N/A,0,0
LN103706,01-08-2024,39,Male,South,51700,1,RENT,Bachelor's,Car,650,0,23800,Approved,22840,9.76,60,Current,Good Loan,6835.5,333.57
LN103707,04-06-2022,41,Female,South,70300,6,RENT,Master's,Car,461,0,11200,Rejected,0,,48,Not Funded,N/A,0,0
LN103708,29-03-2022,38,Female,North,63000,15,MORTGAGE,Bachelor's,Home Improvement,591,1,11800,Rejected,0,,60,Not Funded,N/A,0,0
LN103709,19-07-2024,63,Male,North,77700,23,MORTGAGE,Bachelor's,Education,426,0,32600,Rejected,0,,48,Not Funded,N/A,0,0
LN103710,28-06-2022,23,Male,North,63400,29,MORTGAGE,High School,Debt Consolidation,393,0,35600,Rejected,0,,24,Not Funded,N/A,0,0
LN103711,31-07-2022,64,Male,West,42400,0,MORTGAGE,High School,Education,745,0,27500,Approved,26520,8,24,Fully Paid,Good Loan,26520,1060.8
LN103712,10-04-2023,52,Male,West,27100,26,RENT,Bachelor's,Medical,388,0,17800,Rejected,0,,60,Not Funded,N/A,0,0
LN103713,23-09-2023,30,Female,West,57000,8,MORTGAGE,High School,Car,687,0,30800,Approved,29110,10.28,60,Fully Paid,Good Loan,29110,1496.25
LN103714,04-04-2024,60,Female,South,67200,6,OWN,High School,Car,548,0,37600,Approved,32320,13.36,48,Fully Paid,Good Loan,32320,2158.98
LN103715,30-08-2023,35,Female,West,24600,4,MORTGAGE,High School,Home Improvement,480,2,7500,Rejected,0,,36,Not Funded,N/A,0,0
LN103716,03-06-2024,25,Male,East,65000,29,RENT,High School,Personal,360,0,34600,Rejected,0,,24,Not Funded,N/A,0,0
LN103717,01-01-2023,24,Female,South,56400,26,MORTGAGE,Bachelor's,Personal,446,0,34100,Rejected,0,,48,Not Funded,N/A,0,0
LN103718,03-10-2022,48,Male,South,46000,9,OWN,High School,Personal,580,0,15300,Rejected,0,,12,Not Funded,N/A,0,0
LN103719,15-01-2023,24,Female,North,66000,24,OWN,Master's,Business,411,0,12400,Rejected,0,,60,Not Funded,N/A,0,0
LN103720,02-08-2024,35,Male,Central,47900,17,RENT,Bachelor's,Business,596,0,23000,Approved,21910,11.19,24,Current,Good Loan,6068.66,339.54
LN103721,23-12-2024,37,Male,East,46500,6,OWN,Bachelor's,Business,416,0,11600,Rejected,0,,36,Not Funded,N/A,0,0
LN103722,20-03-2024,64,Male,West,30600,30,MORTGAGE,Bachelor's,Debt Consolidation,326,0,6700,Rejected,0,,36,Not Funded,N/A,0,0
LN103723,13-07-2024,23,Female,West,65000,31,RENT,Bachelor's,Home Improvement,731,0,38200,Approved,36360,8.07,12,Charged Off,Bad Loan,2360.47,95.24
LN103724,09-05-2023,30,Male,West,30100,10,OWN,Bachelor's,Debt Consolidation,610,0,20200,Approved,19170,12.63,60,Current,Good Loan,10034.46,633.68
LN103725,30-12-2024,62,Male,North,39800,9,OWN,High School,Personal,689,0,19400,Approved,18440,8.77,60,Charged Off,Bad Loan,6630.75,290.76
LN103726,30-12-2022,43,Male,East,66500,21,MORTGAGE,High School,Education,761,0,5900,Approved,5760,6.9,48,Current,Good Loan,4524.97,156.11
LN103727,24-07-2023,38,Male,West,50200,30,OWN,Bachelor's,Personal,305,0,20700,Rejected,0,,12,Not Funded,N/A,0,0
LN103728,02-02-2024,21,Female,North,116900,13,MORTGAGE,High School,Home Improvement,829,0,30000,Approved,29720,5.79,36,Current,Good Loan,15497.58,448.65
LN103729,03-10-2022,55,Female,Central,70700,2,RENT,High School,Debt Consolidation,458,0,10700,Approved,10670,19.64,36,Fully Paid,Good Loan,10670,1047.79
LN103730,19-02-2022,51,Female,South,76000,23,OWN,Bachelor's,Debt Consolidation,607,2,15400,Rejected,0,,12,Not Funded,N/A,0,0
LN103731,29-12-2023,64,Male,South,79600,13,OWN,Bachelor's,Home Improvement,494,0,8000,Approved,7230,11.84,12,Current,Good Loan,3081.81,182.44
LN103732,24-06-2024,21,Female,East,48600,15,RENT,Master's,Car,778,0,14800,Approved,12900,7.3,36,Current,Good Loan,8770.84,320.14
LN103733,16-07-2024,23,Female,West,42600,27,RENT,Master's,Business,529,0,34600,Approved,33670,11.54,12,Charged Off,Bad Loan,7160.75,413.18
LN103734,18-07-2023,23,Male,East,31400,34,RENT,High School,Business,805,0,10200,Approved,8890,5.73,12,Current,Good Loan,5780.39,165.61
LN103735,22-02-2024,57,Male,East,28200,1,MORTGAGE,PhD,Business,636,0,2200,Approved,1920,11.05,60,Fully Paid,Good Loan,1920,106.08
LN103736,30-04-2023,39,Female,East,90800,33,MORTGAGE,Master's,Car,432,0,21900,Approved,21630,15.85,12,Fully Paid,Good Loan,21630,1714.18
LN103737,07-08-2023,49,Male,East,40900,17,OWN,High School,Debt Consolidation,458,1,23600,Rejected,0,,36,Not Funded,N/A,0,0
LN103738,24-08-2022,45,Male,North,81000,6,MORTGAGE,Master's,Personal,571,0,13800,Approved,12340,12.68,24,Fully Paid,Good Loan,12340,782.36
LN103739,25-02-2022,53,Male,North,27900,6,MORTGAGE,Bachelor's,Education,832,0,26000,Rejected,0,,36,Not Funded,N/A,0,0
LN103740,26-12-2022,56,Male,North,49900,3,OWN,High School,Car,594,1,2500,Rejected,0,,60,Not Funded,N/A,0,0
LN103741,20-04-2022,49,Male,South,95800,15,RENT,High School,Business,629,1,14300,Rejected,0,,12,Not Funded,N/A,0,0
LN103742,11-07-2022,46,Male,South,61100,5,MORTGAGE,Bachelor's,Debt Consolidation,580,0,6600,Rejected,0,,36,Not Funded,N/A,0,0
LN103743,22-06-2024,24,Female,East,61800,19,MORTGAGE,Bachelor's,Business,736,2,10000,Rejected,0,,48,Not Funded,N/A,0,0
LN103744,11-05-2024,34,Male,South,41600,30,MORTGAGE,Master's,Debt Consolidation,363,0,15900,Rejected,0,,24,Not Funded,N/A,0,0
LN103745,22-07-2023,47,Female,North,36100,18,MORTGAGE,High School,Car,658,0,20200,Approved,19330,10.81,36,Fully Paid,Good Loan,19330,1044.79
LN103746,19-12-2024,53,Male,North,53100,21,MORTGAGE,Bachelor's,Education,528,1,4600,Rejected,0,,12,Not Funded,N/A,0,0
LN103747,12-10-2023,42,Female,North,32600,20,RENT,High School,Debt Consolidation,546,0,5000,Rejected,0,,60,Not Funded,N/A,0,0
LN103748,08-02-2022,23,Female,South,51600,17,RENT,Bachelor's,Debt Consolidation,391,0,27300,Rejected,0,,24,Not Funded,N/A,0,0
LN103749,08-12-2024,43,Female,North,84300,31,MORTGAGE,Master's,Personal,300,0,16800,Rejected,0,,48,Not Funded,N/A,0,0
LN103750,29-09-2023,41,Female,East,30600,33,RENT,Bachelor's,Car,614,0,7900,Approved,7460,10.18,48,Fully Paid,Good Loan,7460,379.71
LN103751,02-11-2024,61,Female,South,72300,26,RENT,Bachelor's,Medical,590,1,10200,Rejected,0,,12,Not Funded,N/A,0,0
LN103752,05-02-2022,43,Female,East,84800,29,RENT,Master's,Home Improvement,545,1,29100,Approved,26130,14.29,48,Fully Paid,Good Loan,26130,1866.99
LN103753,11-04-2022,24,Male,West,48200,32,RENT,High School,Car,539,0,3000,Approved,2880,13.32,24,Fully Paid,Good Loan,2880,191.81
LN103754,15-06-2022,41,Male,South,55000,26,MORTGAGE,Master's,Debt Consolidation,780,0,20800,Approved,19990,7.2,48,Current,Good Loan,11507.23,414.26
LN103755,18-01-2023,57,Female,North,43700,22,MORTGAGE,Bachelor's,Debt Consolidation,571,0,15100,Approved,13340,12.69,12,Fully Paid,Good Loan,13340,846.42
LN103756,29-02-2024,63,Male,South,47100,18,MORTGAGE,Bachelor's,Home Improvement,816,0,32600,Approved,29440,7.47,48,Fully Paid,Good Loan,29440,1099.58
LN103757,31-01-2022,51,Female,North,78300,30,MORTGAGE,Master's,Personal,613,0,31800,Approved,27100,11.92,60,Charged Off,Bad Loan,5271.94,314.21
LN103758,11-01-2022,41,Female,North,75100,3,RENT,Bachelor's,Business,438,0,27900,Rejected,0,,24,Not Funded,N/A,0,0
LN103759,06-04-2022,46,Male,West,64700,18,RENT,Bachelor's,Debt Consolidation,797,0,16000,Approved,13660,7.31,12,Current,Good Loan,3874.58,141.62
LN103760,29-03-2023,61,Female,South,71200,21,OWN,Bachelor's,Education,626,0,25600,Approved,25110,10.08,12,Current,Good Loan,11300.94,569.57
LN103761,11-07-2022,55,Male,Central,59300,8,RENT,High School,Medical,420,0,26000,Approved,24700,18.86,60,Current,Good Loan,11344.41,1069.78
LN103762,01-05-2023,58,Male,North,31200,30,RENT,Bachelor's,Business,691,0,14000,Rejected,0,,12,Not Funded,N/A,0,0
LN103763,26-08-2022,44,Male,West,87400,9,MORTGAGE,PhD,Car,764,0,35300,Approved,34730,7.7,36,Current,Good Loan,17691.96,681.14
LN103764,24-12-2024,31,Male,West,36200,9,RENT,High School,Business,476,0,39400,Rejected,0,,12,Not Funded,N/A,0,0
LN103765,05-01-2024,61,Male,South,51800,29,RENT,Bachelor's,Debt Consolidation,663,0,13300,Approved,12310,12.95,48,Current,Good Loan,9442.09,611.38
LN103766,17-09-2024,49,Male,South,79500,9,RENT,High School,Car,797,1,32200,Approved,31640,6.93,12,Charged Off,Bad Loan,10210.15,353.78
LN103767,04-04-2024,23,Male,East,28800,17,OWN,Bachelor's,Debt Consolidation,460,0,20500,Rejected,0,,24,Not Funded,N/A,0,0
LN103768,16-04-2022,21,Female,Central,71800,18,MORTGAGE,Bachelor's,Car,849,0,19100,Approved,16880,4.27,12,Current,Good Loan,8421.16,179.79
LN103769,30-06-2022,39,Female,South,31700,22,RENT,Bachelor's,Business,634,1,16100,Rejected,0,,24,Not Funded,N/A,0,0
LN103770,03-07-2022,42,Male,North,70800,3,MORTGAGE,Bachelor's,Medical,349,0,12400,Rejected,0,,60,Not Funded,N/A,0,0
LN103771,14-08-2022,34,Male,South,93100,11,OWN,Master's,Personal,388,0,36900,Rejected,0,,36,Not Funded,N/A,0,0
LN103772,16-02-2024,34,Female,North,38900,23,MORTGAGE,Master's,Home Improvement,524,0,29900,Rejected,0,,48,Not Funded,N/A,0,0
LN103773,29-02-2024,64,Female,Central,36700,12,RENT,High School,Business,685,0,18200,Rejected,0,,36,Not Funded,N/A,0,0
LN103774,19-11-2023,36,Male,West,56100,3,RENT,Bachelor's,Car,466,0,30300,Rejected,0,,36,Not Funded,N/A,0,0
LN103775,14-06-2023,53,Male,North,36200,26,RENT,Master's,Debt Consolidation,636,0,29000,Approved,27730,9.47,60,Current,Good Loan,9623.02,455.65
LN103776,29-08-2024,33,Female,South,20300,7,MORTGAGE,High School,Debt Consolidation,734,0,11400,Approved,10610,6.23,12,Current,Good Loan,7048.64,219.57
LN103777,24-07-2024,58,Female,North,53600,25,MORTGAGE,Bachelor's,Education,821,0,7900,Approved,6800,7.11,36,Fully Paid,Good Loan,6800,241.74
LN103778,16-04-2022,32,Male,West,63000,33,RENT,High School,Debt Consolidation,547,0,33600,Approved,30550,11.35,48,Fully Paid,Good Loan,30550,1733.71
LN103779,10-04-2024,58,Female,Central,46700,8,MORTGAGE,High School,Debt Consolidation,343,0,32600,Rejected,0,,24,Not Funded,N/A,0,0
LN103780,10-11-2023,59,Male,North,57000,9,MORTGAGE,Master's,Personal,786,0,39900,Approved,37810,5.77,60,Current,Good Loan,17517.59,505.38
LN103781,28-04-2024,53,Female,South,86900,0,OWN,Master's,Education,776,0,1800,Approved,1750,9.13,60,Fully Paid,Good Loan,1750,79.89
LN103782,21-11-2024,53,Male,Central,46100,7,MORTGAGE,High School,Car,408,0,22100,Rejected,0,,36,Not Funded,N/A,0,0
LN103783,28-01-2023,49,Male,North,48900,9,MORTGAGE,Master's,Car,369,0,28400,Rejected,0,,12,Not Funded,N/A,0,0
LN103784,09-02-2022,25,Male,South,53700,24,MORTGAGE,High School,Debt Consolidation,842,1,23700,Approved,21590,4.85,36,Charged Off,Bad Loan,3602.07,87.35
LN103785,22-10-2023,26,Female,South,47000,30,RENT,Bachelor's,Personal,408,1,28700,Rejected,0,,24,Not Funded,N/A,0,0
LN103786,07-09-2024,51,Female,North,47000,2,RENT,Bachelor's,Car,849,2,6400,Approved,5690,5.26,36,Current,Good Loan,4563.5,120.02
LN103787,24-04-2024,36,Female,North,116900,34,MORTGAGE,Bachelor's,Debt Consolidation,563,0,1100,Approved,970,13.85,12,Fully Paid,Good Loan,970,67.17
LN103788,20-07-2022,51,Female,Central,57300,7,RENT,Master's,Personal,589,0,4600,Rejected,0,,60,Not Funded,N/A,0,0
LN103789,23-03-2023,45,Male,East,47400,0,RENT,Bachelor's,Business,444,1,15800,Rejected,0,,48,Not Funded,N/A,0,0
LN103790,27-11-2024,53,Female,South,101000,4,OWN,Bachelor's,Personal,828,0,13800,Approved,13510,5.89,60,Current,Good Loan,6342.49,186.79
LN103791,20-03-2023,33,Male,South,88300,26,MORTGAGE,Master's,Car,393,1,35100,Rejected,0,,12,Not Funded,N/A,0,0
LN103792,31-01-2024,30,Female,West,71700,25,MORTGAGE,High School,Home Improvement,637,0,4300,Approved,4170,10.18,60,Fully Paid,Good Loan,4170,212.25
LN103793,15-08-2022,44,Male,South,41200,25,MORTGAGE,Bachelor's,Business,360,0,18300,Rejected,0,,36,Not Funded,N/A,0,0
LN103794,17-02-2022,30,Male,South,185300,10,RENT,Bachelor's,Debt Consolidation,836,0,38400,Approved,33280,5.25,36,Fully Paid,Good Loan,33280,873.6
LN103795,07-11-2024,61,Male,North,26800,33,MORTGAGE,Master's,Business,377,0,20600,Rejected,0,,36,Not Funded,N/A,0,0
LN103796,30-06-2024,51,Female,West,24300,1,OWN,Bachelor's,Debt Consolidation,838,0,6200,Approved,5870,5.78,36,Fully Paid,Good Loan,5870,169.64
LN103797,06-07-2022,33,Female,North,64400,20,MORTGAGE,Master's,Personal,730,0,12400,Approved,12180,8.87,12,Fully Paid,Good Loan,12180,540.18
LN103798,11-12-2022,23,Female,North,46100,25,MORTGAGE,Bachelor's,Medical,398,0,25400,Rejected,0,,24,Not Funded,N/A,0,0
LN103799,12-08-2022,54,Male,South,17800,11,MORTGAGE,Bachelor's,Car,839,0,1500,Approved,1310,4.49,36,Fully Paid,Good Loan,1310,29.41
LN103800,09-04-2024,48,Female,North,50900,8,RENT,PhD,Business,614,1,38800,Rejected,0,,60,Not Funded,N/A,0,0
LN103801,03-05-2023,39,Male,Central,56100,22,RENT,Bachelor's,Debt Consolidation,522,0,23100,Rejected,0,,12,Not Funded,N/A,0,0
LN103802,26-05-2024,43,Female,East,50200,4,RENT,Bachelor's,Business,488,0,28500,Rejected,0,,12,Not Funded,N/A,0,0
LN103803,28-04-2024,52,Female,North,62100,8,MORTGAGE,Master's,Home Improvement,604,0,20500,Approved,19110,11.35,48,Fully Paid,Good Loan,19110,1084.49
LN103804,05-09-2024,33,Male,North,43900,9,MORTGAGE,Bachelor's,Debt Consolidation,655,0,38400,Approved,33650,10.89,36,Current,Good Loan,26604.55,1448.62
LN103805,13-10-2024,53,Male,East,50900,9,OWN,Bachelor's,Education,779,0,24000,Approved,22920,7.24,60,Fully Paid,Good Loan,22920,829.7
LN103806,07-07-2022,54,Male,South,97600,13,RENT,Bachelor's,Car,339,0,26800,Rejected,0,,24,Not Funded,N/A,0,0
LN103807,27-09-2022,53,Male,West,83400,9,RENT,Bachelor's,Medical,775,0,34600,Approved,30900,6.83,24,Current,Good Loan,9761.46,333.35
LN103808,06-11-2022,25,Male,East,49300,21,MORTGAGE,Bachelor's,Debt Consolidation,413,1,34600,Rejected,0,,60,Not Funded,N/A,0,0
LN103809,24-04-2024,23,Male,South,69300,22,OWN,Bachelor's,Car,625,0,2100,Approved,1790,12,12,Current,Good Loan,738.47,44.31
LN103810,01-05-2023,27,Male,Central,80300,15,MORTGAGE,Master's,Home Improvement,831,0,12000,Approved,10930,7.22,60,Fully Paid,Good Loan,10930,394.57
LN103811,30-04-2022,44,Female,South,35500,10,MORTGAGE,Bachelor's,Debt Consolidation,529,0,10600,Rejected,0,,48,Not Funded,N/A,0,0
LN103812,08-08-2022,42,Female,South,62900,34,MORTGAGE,High School,Personal,687,0,1300,Approved,1120,7.44,12,Current,Good Loan,559.67,20.82
LN103813,22-02-2022,43,Male,West,58100,19,MORTGAGE,Bachelor's,Debt Consolidation,604,0,35200,Approved,30340,11.48,48,Fully Paid,Good Loan,30340,1741.52
LN103814,28-01-2024,50,Male,West,72800,4,RENT,High School,Debt Consolidation,375,0,13400,Rejected,0,,24,Not Funded,N/A,0,0
LN103815,08-01-2024,38,Male,East,35400,12,RENT,Bachelor's,Business,564,0,14500,Approved,13420,13.73,36,Fully Paid,Good Loan,13420,921.28
LN103816,21-12-2023,52,Male,West,53300,16,RENT,High School,Debt Consolidation,614,1,4900,Rejected,0,,48,Not Funded,N/A,0,0
LN103817,10-02-2023,27,Female,South,38600,25,RENT,High School,Debt Consolidation,814,1,39600,Approved,38640,5.11,60,Fully Paid,Good Loan,38640,987.25
LN103818,31-08-2023,53,Male,East,62900,19,RENT,Master's,Education,822,0,33200,Approved,29420,4.94,36,Fully Paid,Good Loan,29420,726.67
LN103819,17-10-2024,25,Female,North,37400,32,MORTGAGE,Master's,Car,560,0,23300,Approved,22320,13.7,24,Current,Good Loan,14587.17,999.22
LN103820,26-02-2023,48,Male,West,42400,29,RENT,Bachelor's,Education,668,1,31100,Rejected,0,,60,Not Funded,N/A,0,0
LN103821,13-12-2023,28,Female,South,57300,15,RENT,High School,Debt Consolidation,381,0,31300,Rejected,0,,48,Not Funded,N/A,0,0
LN103822,04-09-2022,35,Male,North,35500,6,MORTGAGE,Master's,Car,529,0,26600,Approved,23670,13.88,60,Charged Off,Bad Loan,1446.08,100.36
LN103823,13-03-2022,24,Female,Central,26200,29,RENT,PhD,Personal,597,0,7800,Rejected,0,,36,Not Funded,N/A,0,0
LN103824,04-07-2022,54,Female,South,86500,1,RENT,Bachelor's,Debt Consolidation,580,0,29100,Approved,25090,13.41,60,Fully Paid,Good Loan,25090,1682.28
LN103825,06-01-2022,25,Female,North,40600,11,OWN,Bachelor's,Business,767,1,23200,Approved,20920,7.76,48,Fully Paid,Good Loan,20920,811.7
LN103826,24-06-2024,53,Female,South,28900,0,RENT,High School,Business,829,0,29200,Approved,24860,7.89,12,Current,Good Loan,21146.25,834.22
LN103827,22-01-2023,25,Male,South,32900,2,RENT,Bachelor's,Education,707,0,22200,Approved,20970,7.71,24,Fully Paid,Good Loan,20970,808.39
LN103828,30-11-2023,58,Female,East,51800,7,RENT,Bachelor's,Personal,522,0,38300,Rejected,0,,24,Not Funded,N/A,0,0
LN103829,06-04-2024,54,Male,North,110200,25,MORTGAGE,Master's,Personal,314,0,25500,Approved,23150,20.3,36,Current,Good Loan,16252.51,1649.63
LN103830,15-12-2022,46,Male,North,50900,10,MORTGAGE,Bachelor's,Business,845,1,23400,Approved,21910,5.77,60,Current,Good Loan,6229.73,179.73
LN103831,04-11-2022,21,Male,South,70400,20,RENT,Bachelor's,Debt Consolidation,479,0,33900,Rejected,0,,60,Not Funded,N/A,0,0
LN103832,14-10-2022,24,Female,South,45600,4,MORTGAGE,High School,Home Improvement,301,1,15800,Rejected,0,,48,Not Funded,N/A,0,0
LN103833,05-02-2024,59,Female,North,58900,25,RENT,High School,Home Improvement,450,1,13300,Rejected,0,,24,Not Funded,N/A,0,0
LN103834,26-12-2023,46,Female,South,49400,20,MORTGAGE,High School,Business,409,0,20600,Rejected,0,,24,Not Funded,N/A,0,0
LN103835,01-02-2024,53,Female,South,70000,8,MORTGAGE,Bachelor's,Personal,606,0,23800,Approved,20620,12.25,36,Current,Good Loan,7814.46,478.64
LN103836,18-01-2023,53,Male,North,32500,16,RENT,High School,Debt Consolidation,696,0,9600,Approved,8840,6.92,24,Fully Paid,Good Loan,8840,305.86
LN103837,23-01-2023,28,Female,Central,56000,1,MORTGAGE,PhD,Business,313,1,27600,Rejected,0,,48,Not Funded,N/A,0,0
LN103838,09-06-2023,40,Female,Central,58100,27,MORTGAGE,Master's,Debt Consolidation,572,0,32300,Rejected,0,,48,Not Funded,N/A,0,0
LN103839,01-10-2023,36,Male,North,64700,26,OWN,Bachelor's,Personal,677,0,23500,Approved,22350,9.32,24,Fully Paid,Good Loan,22350,1041.51
LN103840,26-07-2024,41,Male,North,29600,0,OWN,Master's,Personal,506,0,21400,Rejected,0,,36,Not Funded,N/A,0,0
LN103841,03-10-2022,46,Female,East,43700,10,MORTGAGE,High School,Car,546,0,12500,Rejected,0,,48,Not Funded,N/A,0,0
LN103842,15-05-2023,43,Female,East,71000,17,OWN,Master's,Home Improvement,686,0,36500,Approved,34210,8.66,36,Fully Paid,Good Loan,34210,1481.29
LN103843,18-12-2023,38,Female,Central,60000,26,MORTGAGE,PhD,Debt Consolidation,374,0,30400,Rejected,0,,60,Not Funded,N/A,0,0
LN103844,03-12-2022,51,Female,South,118200,9,OWN,High School,Home Improvement,342,0,19700,Approved,17460,18.9,24,Fully Paid,Good Loan,17460,1649.97
LN103845,20-07-2024,62,Female,East,42700,20,RENT,PhD,Medical,432,0,26700,Rejected,0,,60,Not Funded,N/A,0,0
LN103846,26-04-2023,32,Female,Central,22200,27,MORTGAGE,Bachelor's,Debt Consolidation,730,0,14100,Approved,12010,7.8,60,Current,Good Loan,9001.52,351.06
LN103847,29-06-2024,21,Female,South,43900,0,MORTGAGE,High School,Personal,735,0,3300,Approved,2850,6.53,24,Current,Good Loan,2418.91,78.98
LN103848,17-12-2024,62,Female,North,16400,13,OWN,Bachelor's,Car,355,0,9000,Rejected,0,,60,Not Funded,N/A,0,0
LN103849,19-04-2022,29,Male,South,74300,19,RENT,PhD,Debt Consolidation,507,1,4100,Rejected,0,,24,Not Funded,N/A,0,0
LN103850,24-11-2022,23,Female,North,54100,8,RENT,Bachelor's,Home Improvement,403,0,20800,Rejected,0,,36,Not Funded,N/A,0,0
LN103851,11-11-2022,46,Male,North,64800,26,OWN,Bachelor's,Education,763,0,25300,Approved,22770,8.36,60,Fully Paid,Good Loan,22770,951.79
LN103852,30-11-2023,29,Female,West,69600,3,MORTGAGE,High School,Debt Consolidation,769,0,15800,Approved,13870,8.74,60,Fully Paid,Good Loan,13870,606.12
LN103853,20-02-2024,62,Male,South,86500,17,OWN,High School,Debt Consolidation,549,1,21700,Rejected,0,,48,Not Funded,N/A,0,0
LN103854,05-06-2022,36,Male,North,16900,30,MORTGAGE,Master's,Education,702,0,4300,Rejected,0,,60,Not Funded,N/A,0,0
LN103855,05-06-2024,44,Male,Central,21600,9,MORTGAGE,Bachelor's,Personal,325,0,31000,Rejected,0,,12,Not Funded,N/A,0,0
LN103856,22-10-2024,34,Female,South,38600,8,RENT,High School,Personal,309,0,2300,Rejected,0,,60,Not Funded,N/A,0,0
LN103857,28-01-2024,23,Male,South,47300,27,RENT,High School,Debt Consolidation,796,0,25700,Approved,23560,7.18,60,Current,Good Loan,10172.45,365.19
LN103858,23-12-2023,54,Male,South,59300,27,MORTGAGE,High School,Car,709,0,17900,Approved,16740,9.78,48,Charged Off,Bad Loan,3592.08,175.65
LN103859,01-07-2024,53,Male,South,57300,12,OWN,Bachelor's,Business,435,0,8200,Rejected,0,,12,Not Funded,N/A,0,0
LN103860,20-05-2024,44,Male,North,58600,17,MORTGAGE,Master's,Debt Consolidation,520,0,21400,Approved,19950,14.32,36,Charged Off,Bad Loan,3335.43,238.82
LN103861,13-01-2022,29,Male,West,26800,11,MORTGAGE,Bachelor's,Education,843,0,31500,Approved,29520,5.08,24,Charged Off,Bad Loan,4590.52,116.6
LN103862,31-08-2023,33,Male,North,37900,7,MORTGAGE,High School,Personal,576,0,17100,Approved,16500,12.56,60,Current,Good Loan,6083.6,382.05
LN103863,13-05-2023,22,Male,East,46900,22,MORTGAGE,High School,Debt Consolidation,395,1,15300,Rejected,0,,36,Not Funded,N/A,0,0
LN103864,26-08-2022,27,Male,North,50600,4,OWN,Bachelor's,Debt Consolidation,738,2,6600,Rejected,0,,36,Not Funded,N/A,0,0
LN103865,20-02-2024,41,Male,Central,43300,6,RENT,Master's,Education,807,0,24200,Approved,22720,6.31,24,Fully Paid,Good Loan,22720,716.82
LN103866,29-08-2023,39,Male,East,60700,14,RENT,Bachelor's,Debt Consolidation,486,0,33300,Rejected,0,,24,Not Funded,N/A,0,0
LN103867,23-10-2023,45,Female,Central,32400,2,MORTGAGE,High School,Car,336,0,22900,Rejected,0,,36,Not Funded,N/A,0,0
LN103868,28-04-2024,42,Male,South,43600,17,RENT,High School,Education,509,0,7400,Rejected,0,,12,Not Funded,N/A,0,0
LN103869,24-07-2024,31,Male,West,67900,25,OWN,Bachelor's,Car,714,0,26800,Approved,24380,6.31,48,Charged Off,Bad Loan,1207,38.08
LN103870,20-09-2023,53,Male,Central,59400,32,RENT,Bachelor's,Debt Consolidation,430,0,2200,Rejected,0,,36,Not Funded,N/A,0,0
LN103871,23-05-2022,52,Male,West,45800,20,OWN,High School,Car,397,0,33700,Rejected,0,,24,Not Funded,N/A,0,0
LN103872,15-12-2023,41,Male,North,46300,16,OWN,Bachelor's,Home Improvement,742,0,36900,Approved,33240,7.01,48,Charged Off,Bad Loan,2535.18,88.86
LN103873,24-04-2023,59,Male,North,43700,1,RENT,Bachelor's,Debt Consolidation,844,0,24300,Approved,22560,6.82,24,Current,Good Loan,19882.09,677.98
LN103874,19-07-2023,40,Female,North,46600,24,OWN,Bachelor's,Personal,335,0,35400,Rejected,0,,36,Not Funded,N/A,0,0
LN103875,16-04-2023,28,Female,North,43200,18,MORTGAGE,Master's,Medical,814,1,4300,Approved,3960,4.73,48,Current,Good Loan,2546.99,60.24
LN103876,19-01-2023,62,Male,West,46000,24,MORTGAGE,Bachelor's,Debt Consolidation,519,0,9900,Approved,9090,14.92,24,Fully Paid,Good Loan,9090,678.11
LN103877,14-07-2024,57,Female,East,61900,3,RENT,Master's,Debt Consolidation,661,0,13400,Approved,13000,9.58,24,Fully Paid,Good Loan,13000,622.7
LN103878,21-02-2023,29,Male,East,61300,2,OWN,Bachelor's,Debt Consolidation,327,0,31200,Rejected,0,,12,Not Funded,N/A,0,0
LN103879,04-11-2022,45,Female,South,30000,33,MORTGAGE,High School,Personal,837,0,19900,Approved,18180,6.38,24,Current,Good Loan,12505.84,398.94
LN103880,11-10-2023,45,Male,North,121300,9,OWN,Master's,Car,821,0,14600,Approved,14590,6.97,60,Fully Paid,Good Loan,14590,508.46
LN103881,21-10-2024,53,Female,North,42400,26,MORTGAGE,Bachelor's,Home Improvement,408,1,7200,Rejected,0,,36,Not Funded,N/A,0,0
LN103882,03-12-2024,22,Male,South,66900,25,MORTGAGE,Master's,Business,480,0,32600,Approved,29300,14.99,60,Current,Good Loan,22088.78,1655.55
LN103883,09-01-2024,39,Female,West,33400,26,RENT,Bachelor's,Debt Consolidation,509,0,1800,Rejected,0,,36,Not Funded,N/A,0,0
LN103884,20-05-2022,40,Male,South,104600,0,RENT,Bachelor's,Medical,641,0,14200,Approved,13860,10.18,12,Fully Paid,Good Loan,13860,705.47
LN103885,31-08-2024,62,Male,West,69000,19,MORTGAGE,PhD,Debt Consolidation,348,0,10500,Rejected,0,,36,Not Funded,N/A,0,0
LN103886,13-10-2024,61,Female,East,64400,24,OWN,High School,Home Improvement,772,0,6000,Approved,5720,8.39,12,Fully Paid,Good Loan,5720,239.95
LN103887,10-08-2024,62,Male,Central,50000,9,RENT,Bachelor's,Education,628,0,7700,Rejected,0,,48,Not Funded,N/A,0,0
LN103888,22-06-2024,49,Female,South,23700,0,OWN,Master's,Car,535,0,20300,Rejected,0,,60,Not Funded,N/A,0,0
LN103889,13-03-2022,26,Female,South,114500,15,OWN,Bachelor's,Education,740,0,17600,Approved,15900,7.64,60,Fully Paid,Good Loan,15900,607.38
LN103890,17-04-2022,37,Male,North,79600,10,RENT,Master's,Personal,420,0,21200,Rejected,0,,12,Not Funded,N/A,0,0
LN103891,01-12-2024,45,Male,South,46900,3,RENT,Bachelor's,Personal,547,0,29400,Approved,25870,12.27,60,Fully Paid,Good Loan,25870,1587.12
LN103892,01-06-2024,58,Male,East,67200,34,OWN,Bachelor's,Medical,818,0,35800,Approved,31600,4.31,60,Fully Paid,Good Loan,31600,680.98
LN103893,19-05-2022,24,Female,West,30000,12,RENT,Bachelor's,Debt Consolidation,319,0,5600,Rejected,0,,12,Not Funded,N/A,0,0
LN103894,07-09-2023,50,Male,North,23000,20,RENT,Bachelor's,Education,802,0,4200,Approved,3900,5.1,12,Fully Paid,Good Loan,3900,99.45
LN103895,12-05-2024,40,Male,North,54600,14,RENT,High School,Debt Consolidation,663,0,13500,Approved,12380,9.7,24,Fully Paid,Good Loan,12380,600.43
LN103896,30-09-2022,23,Female,East,37800,9,OWN,Bachelor's,Home Improvement,788,0,22300,Approved,20130,7.84,60,Fully Paid,Good Loan,20130,789.1
LN103897,20-02-2023,43,Male,South,43600,10,MORTGAGE,High School,Medical,499,0,4900,Approved,4780,13.55,60,Charged Off,Bad Loan,1838.32,124.55
LN103898,21-05-2023,38,Female,East,52900,31,RENT,High School,Car,702,0,28900,Approved,26090,7.68,48,Fully Paid,Good Loan,26090,1001.86
LN103899,03-01-2024,46,Female,West,31800,32,RENT,High School,Home Improvement,544,0,22700,Rejected,0,,60,Not Funded,N/A,0,0
LN103900,28-02-2023,56,Male,East,52300,19,RENT,Bachelor's,Business,782,0,30200,Approved,26230,6.49,12,Fully Paid,Good Loan,26230,851.16
LN103901,25-01-2023,28,Male,West,33000,29,RENT,Bachelor's,Home Improvement,316,0,15000,Rejected,0,,36,Not Funded,N/A,0,0
LN103902,08-12-2022,37,Female,West,85400,9,OWN,Bachelor's,Business,338,0,16600,Rejected,0,,24,Not Funded,N/A,0,0
LN103903,03-08-2024,51,Male,West,51800,14,MORTGAGE,Bachelor's,Business,594,1,32500,Rejected,0,,12,Not Funded,N/A,0,0
LN103904,06-09-2023,57,Male,East,68700,28,MORTGAGE,High School,Education,338,0,11400,Rejected,0,,36,Not Funded,N/A,0,0
LN103905,08-05-2023,53,Male,North,24400,0,RENT,Bachelor's,Medical,486,0,15900,Rejected,0,,60,Not Funded,N/A,0,0
LN103906,11-07-2022,47,Female,South,70600,20,MORTGAGE,High School,Personal,608,0,1500,Rejected,0,,12,Not Funded,N/A,0,0
LN103907,14-05-2023,24,Female,Central,106300,14,RENT,Bachelor's,Home Improvement,661,0,22700,Approved,21180,13.12,60,Current,Good Loan,8175.81,536.33
LN103908,01-04-2024,42,Male,North,57100,2,MORTGAGE,High School,Debt Consolidation,761,0,34200,Approved,31880,9.02,48,Fully Paid,Good Loan,31880,1437.79
LN103909,15-08-2022,46,Male,East,68500,32,MORTGAGE,Bachelor's,Education,530,0,2100,Rejected,0,,48,Not Funded,N/A,0,0
LN103910,19-05-2022,52,Female,West,48700,18,RENT,Bachelor's,Business,549,0,24900,Rejected,0,,24,Not Funded,N/A,0,0
LN103911,05-05-2024,44,Female,East,64100,3,RENT,Bachelor's,Car,301,0,34000,Rejected,0,,36,Not Funded,N/A,0,0
LN103912,27-03-2024,55,Male,South,111400,11,MORTGAGE,High School,Debt Consolidation,774,1,20300,Approved,20130,6.64,12,Current,Good Loan,16824.7,558.58
LN103913,22-12-2024,57,Male,North,148900,24,RENT,Bachelor's,Education,481,0,13200,Approved,12850,13.14,24,Charged Off,Bad Loan,653.15,42.91
LN103914,14-04-2022,52,Female,South,62500,33,MORTGAGE,Bachelor's,Business,301,0,39900,Rejected,0,,60,Not Funded,N/A,0,0
LN103915,20-05-2024,27,Female,North,34200,16,MORTGAGE,Master's,Home Improvement,469,0,3500,Rejected,0,,12,Not Funded,N/A,0,0
LN103916,30-10-2023,53,Female,Central,71700,5,RENT,High School,Business,569,1,9200,Rejected,0,,12,Not Funded,N/A,0,0
LN103917,30-09-2022,51,Female,West,31000,11,MORTGAGE,Master's,Education,606,0,35500,Approved,34290,12.87,60,Fully Paid,Good Loan,34290,2206.56
LN103918,26-10-2024,32,Female,West,40900,14,MORTGAGE,High School,Car,348,0,12600,Rejected,0,,24,Not Funded,N/A,0,0
LN103919,03-07-2022,31,Male,South,43100,16,MORTGAGE,High School,Debt Consolidation,721,0,33000,Approved,30740,9.43,24,Fully Paid,Good Loan,30740,1449.39
LN103920,17-11-2024,44,Female,North,135700,0,RENT,High School,Debt Consolidation,584,0,14000,Approved,12340,9.53,48,Fully Paid,Good Loan,12340,588
LN103921,20-10-2022,28,Female,South,103000,13,MORTGAGE,High School,Business,679,0,32700,Approved,31950,10.18,12,Fully Paid,Good Loan,31950,1626.26
LN103922,26-06-2022,52,Female,South,93900,1,RENT,Bachelor's,Home Improvement,803,0,27700,Approved,27220,7.3,24,Charged Off,Bad Loan,7398.55,270.05
LN103923,27-02-2022,58,Male,East,78400,3,RENT,High School,Business,498,0,19300,Rejected,0,,12,Not Funded,N/A,0,0
LN103924,04-11-2022,42,Female,South,36000,1,RENT,Bachelor's,Debt Consolidation,408,0,21400,Rejected,0,,48,Not Funded,N/A,0,0
LN103925,03-09-2024,54,Female,South,60300,25,MORTGAGE,High School,Home Improvement,364,1,7900,Rejected,0,,36,Not Funded,N/A,0,0
LN103926,01-12-2023,39,Male,East,123900,32,RENT,Bachelor's,Home Improvement,652,0,5500,Approved,5240,10,36,Current,Good Loan,3798.49,189.92
LN103927,24-03-2022,40,Male,Central,66300,5,MORTGAGE,Master's,Personal,397,0,29000,Rejected,0,,48,Not Funded,N/A,0,0
LN103928,09-09-2022,34,Female,South,86100,29,MORTGAGE,Bachelor's,Car,428,0,34100,Rejected,0,,12,Not Funded,N/A,0,0
LN103929,06-03-2024,53,Male,East,26300,21,OWN,Bachelor's,Car,567,0,29200,Approved,26820,13.83,24,Current,Good Loan,15742.1,1088.57
LN103930,15-06-2024,30,Female,South,75000,26,MORTGAGE,High School,Business,708,0,36600,Approved,35100,6.81,24,Fully Paid,Good Loan,35100,1195.16
LN103931,29-07-2022,36,Female,South,33700,18,MORTGAGE,High School,Business,386,0,35700,Rejected,0,,60,Not Funded,N/A,0,0
LN103932,26-03-2024,24,Male,North,49000,9,MORTGAGE,Bachelor's,Debt Consolidation,693,0,31300,Approved,29720,8.01,24,Fully Paid,Good Loan,29720,1190.29
LN103933,01-09-2023,47,Female,East,102700,5,MORTGAGE,Master's,Debt Consolidation,749,0,36000,Approved,30640,7.82,12,Charged Off,Bad Loan,5620.34,219.76
LN103934,23-03-2023,48,Female,South,63300,25,MORTGAGE,High School,Car,770,0,7500,Approved,6430,6.45,12,Fully Paid,Good Loan,6430,207.37
LN103935,05-04-2023,63,Male,North,78200,2,RENT,Bachelor's,Business,409,0,29500,Rejected,0,,48,Not Funded,N/A,0,0
LN103936,25-08-2024,36,Male,West,49800,2,MORTGAGE,Master's,Personal,593,0,30400,Approved,28020,10.79,60,Current,Good Loan,15966.42,861.39
LN103937,17-04-2023,53,Female,North,22800,5,MORTGAGE,Master's,Business,514,0,7000,Rejected,0,,24,Not Funded,N/A,0,0
LN103938,05-01-2023,39,Male,South,35600,9,MORTGAGE,PhD,Home Improvement,611,0,36500,Rejected,0,,12,Not Funded,N/A,0,0
LN103939,18-06-2024,41,Male,East,73600,12,MORTGAGE,Master's,Debt Consolidation,503,0,1300,Approved,1120,13.14,12,Fully Paid,Good Loan,1120,73.58
LN103940,11-07-2024,42,Male,South,63000,11,MORTGAGE,High School,Personal,727,0,17900,Approved,16140,7.67,36,Charged Off,Bad Loan,4371.79,167.66
LN103941,17-05-2022,29,Male,West,114500,26,OWN,Master's,Home Improvement,835,0,1800,Approved,1570,5.71,12,Current,Good Loan,779.14,22.24
LN103942,02-01-2023,29,Male,East,57400,7,RENT,Master's,Debt Consolidation,392,0,21400,Rejected,0,,60,Not Funded,N/A,0,0
LN103943,30-06-2024,29,Female,South,36300,4,RENT,Bachelor's,Debt Consolidation,327,0,17100,Rejected,0,,24,Not Funded,N/A,0,0
LN103944,03-07-2022,47,Female,North,53600,29,RENT,High School,Education,617,0,25300,Approved,22920,11.63,36,Fully Paid,Good Loan,22920,1332.8
LN103945,17-04-2023,37,Male,West,84900,28,OWN,Bachelor's,Debt Consolidation,698,0,30900,Approved,26770,9.85,12,Fully Paid,Good Loan,26770,1318.42
LN103946,16-10-2023,64,Male,South,24600,21,RENT,High School,Debt Consolidation,565,0,31000,Approved,28800,12.69,60,Fully Paid,Good Loan,28800,1827.36
LN103947,19-01-2024,28,Female,Central,63300,13,MORTGAGE,Bachelor's,Business,584,1,29200,Rejected,0,,48,Not Funded,N/A,0,0
LN103948,21-06-2023,36,Male,South,30700,9,RENT,Bachelor's,Debt Consolidation,362,0,5000,Rejected,0,,24,Not Funded,N/A,0,0
LN103949,12-03-2024,38,Female,West,58300,10,RENT,Bachelor's,Home Improvement,818,0,17300,Approved,16850,7.76,48,Current,Good Loan,12793.84,496.4
LN103950,08-07-2024,53,Female,Central,75100,34,MORTGAGE,Master's,Home Improvement,319,0,32800,Rejected,0,,60,Not Funded,N/A,0,0
LN103951,25-05-2023,21,Female,West,69400,22,MORTGAGE,Bachelor's,Home Improvement,647,0,26500,Approved,24390,9.13,48,Current,Good Loan,18315.42,836.1
LN103952,22-09-2023,32,Male,South,99000,7,RENT,Bachelor's,Business,349,0,27600,Rejected,0,,24,Not Funded,N/A,0,0
LN103953,28-09-2024,26,Male,East,60600,20,MORTGAGE,Master's,Debt Consolidation,488,0,9900,Approved,9030,12.05,60,Charged Off,Bad Loan,2468.97,148.76
LN103954,04-07-2024,61,Male,East,68300,27,RENT,Bachelor's,Home Improvement,366,1,13700,Rejected,0,,12,Not Funded,N/A,0,0
LN103955,30-10-2024,25,Male,East,69300,30,MORTGAGE,Bachelor's,Home Improvement,664,0,38300,Approved,35600,10.65,48,Fully Paid,Good Loan,35600,1895.7
LN103956,01-06-2022,36,Male,North,35000,27,RENT,Bachelor's,Medical,501,0,34000,Approved,32080,14.58,36,Charged Off,Bad Loan,12356.55,900.79
LN103957,25-10-2024,38,Female,West,51200,26,MORTGAGE,Bachelor's,Education,398,0,7400,Rejected,0,,48,Not Funded,N/A,0,0
LN103958,09-04-2023,38,Female,North,17900,20,RENT,Master's,Car,459,0,22200,Rejected,0,,60,Not Funded,N/A,0,0
LN103959,28-09-2022,21,Female,North,64200,8,MORTGAGE,Bachelor's,Education,327,0,20100,Rejected,0,,36,Not Funded,N/A,0,0
LN103960,05-04-2023,39,Female,East,15700,28,RENT,Bachelor's,Debt Consolidation,765,0,18300,Rejected,0,,60,Not Funded,N/A,0,0
LN103961,15-04-2022,28,Male,North,79400,14,RENT,Bachelor's,Business,497,0,19400,Approved,16680,13.24,60,Fully Paid,Good Loan,16680,1104.22
LN103962,11-06-2022,23,Female,West,114000,32,RENT,Master's,Medical,508,0,26100,Approved,26020,13.48,36,Charged Off,Bad Loan,9539.79,642.98
LN103963,17-12-2022,45,Male,Central,67800,27,MORTGAGE,Master's,Car,736,0,38700,Approved,36980,7.9,60,Charged Off,Bad Loan,8015.34,316.61
LN103964,10-03-2023,25,Male,Central,72700,9,MORTGAGE,Bachelor's,Debt Consolidation,565,0,35100,Approved,33490,13.97,36,Charged Off,Bad Loan,4827.91,337.23
LN103965,01-05-2024,60,Male,West,93200,22,OWN,High School,Debt Consolidation,790,0,35100,Approved,29960,8.98,12,Fully Paid,Good Loan,29960,1345.2
LN103966,20-05-2022,39,Female,East,44500,27,OWN,Bachelor's,Car,708,0,28400,Approved,26180,7.88,60,Fully Paid,Good Loan,26180,1031.49
LN103967,28-03-2022,38,Female,South,30600,33,MORTGAGE,PhD,Business,556,1,1700,Rejected,0,,12,Not Funded,N/A,0,0
LN103968,02-07-2022,51,Male,East,52100,4,MORTGAGE,High School,Business,635,2,18200,Rejected,0,,24,Not Funded,N/A,0,0
LN103969,03-01-2023,53,Male,North,38400,17,MORTGAGE,Bachelor's,Business,532,0,20900,Rejected,0,,48,Not Funded,N/A,0,0
LN103970,09-05-2022,38,Male,South,56100,5,MORTGAGE,High School,Debt Consolidation,372,0,33900,Rejected,0,,12,Not Funded,N/A,0,0
LN103971,01-11-2023,59,Male,West,60800,22,MORTGAGE,Master's,Education,312,0,37000,Rejected,0,,48,Not Funded,N/A,0,0
LN103972,29-05-2022,36,Male,North,43700,27,RENT,Bachelor's,Car,804,0,18600,Approved,15930,7.69,36,Fully Paid,Good Loan,15930,612.51
LN103973,11-09-2024,36,Female,South,39300,12,RENT,Bachelor's,Car,300,0,12700,Rejected,0,,24,Not Funded,N/A,0,0
LN103974,01-05-2024,58,Female,West,20600,24,MORTGAGE,High School,Debt Consolidation,458,0,14200,Rejected,0,,36,Not Funded,N/A,0,0
LN103975,20-09-2023,61,Male,North,50200,6,MORTGAGE,Bachelor's,Medical,808,1,23600,Approved,21560,7.16,60,Current,Good Loan,9458.6,338.62
LN103976,22-03-2023,27,Female,South,44500,1,RENT,Bachelor's,Debt Consolidation,782,1,11700,Approved,10420,7.29,48,Fully Paid,Good Loan,10420,379.81
LN103977,02-06-2024,34,Male,North,46000,15,RENT,Bachelor's,Personal,515,0,36500,Rejected,0,,36,Not Funded,N/A,0,0
LN103978,21-10-2022,63,Female,West,75300,1,MORTGAGE,Bachelor's,Business,494,0,17300,Approved,14800,11.21,48,Charged Off,Bad Loan,302.21,16.94
LN103979,07-09-2022,45,Male,East,131200,1,OWN,Bachelor's,Medical,611,1,39600,Rejected,0,,60,Not Funded,N/A,0,0
LN103980,27-05-2024,52,Female,West,46100,9,RENT,Master's,Education,702,1,5300,Rejected,0,,60,Not Funded,N/A,0,0
LN103981,05-08-2024,58,Female,North,64500,13,MORTGAGE,High School,Personal,303,0,8300,Rejected,0,,48,Not Funded,N/A,0,0
LN103982,01-09-2024,42,Female,West,60700,26,OWN,High School,Personal,841,0,21000,Approved,18430,5.31,24,Current,Good Loan,15081.62,400.42
LN103983,14-11-2024,36,Male,East,90300,14,RENT,Master's,Debt Consolidation,405,0,34900,Rejected,0,,48,Not Funded,N/A,0,0
LN103984,28-02-2024,49,Female,South,35900,20,OWN,Bachelor's,Business,421,0,14800,Rejected,0,,48,Not Funded,N/A,0,0
LN103985,10-09-2024,36,Male,South,35500,11,OWN,High School,Business,566,0,33700,Rejected,0,,36,Not Funded,N/A,0,0
LN103986,07-06-2024,32,Male,East,37400,32,RENT,High School,Debt Consolidation,540,0,17600,Approved,16570,13.87,48,Charged Off,Bad Loan,2283.57,158.37
LN103987,08-06-2024,37,Male,East,19500,21,RENT,Bachelor's,Personal,352,0,34300,Rejected,0,,24,Not Funded,N/A,0,0
LN103988,11-03-2022,57,Female,East,53100,17,RENT,High School,Home Improvement,423,0,11800,Approved,11140,17.56,24,Current,Good Loan,3187.3,279.84
LN103989,17-09-2023,47,Female,North,33700,1,RENT,PhD,Debt Consolidation,387,2,19400,Rejected,0,,48,Not Funded,N/A,0,0
LN103990,24-05-2024,45,Male,East,60700,28,OWN,Bachelor's,Debt Consolidation,609,0,11900,Approved,11180,12.77,12,Fully Paid,Good Loan,11180,713.84
LN103991,16-04-2023,33,Male,South,18500,6,RENT,Master's,Business,312,0,9400,Rejected,0,,48,Not Funded,N/A,0,0
LN103992,01-04-2022,28,Female,South,52800,30,OWN,Master's,Car,508,0,17400,Rejected,0,,36,Not Funded,N/A,0,0
LN103993,14-06-2023,25,Male,South,48300,17,RENT,Bachelor's,Education,734,0,14100,Approved,12940,7.41,12,Current,Good Loan,5564.72,206.17
LN103994,23-10-2023,32,Male,Central,42400,8,OWN,Bachelor's,Debt Consolidation,351,0,31700,Rejected,0,,60,Not Funded,N/A,0,0
LN103995,09-01-2024,61,Male,West,84900,7,RENT,Bachelor's,Debt Consolidation,406,0,30200,Rejected,0,,60,Not Funded,N/A,0,0
LN103996,27-12-2023,23,Female,East,37700,32,MORTGAGE,Master's,Personal,820,0,15000,Approved,14030,5.95,12,Fully Paid,Good Loan,14030,417.39
LN103997,21-05-2024,55,Male,West,62100,4,RENT,Bachelor's,Debt Consolidation,419,0,39700,Rejected,0,,48,Not Funded,N/A,0,0
LN103998,11-07-2022,53,Female,North,40800,13,RENT,High School,Personal,366,0,39000,Rejected,0,,60,Not Funded,N/A,0,0
LN103999,18-05-2022,42,Male,West,114300,12,RENT,Bachelor's,Personal,381,0,36800,Approved,33900,16.49,36,Charged Off,Bad Loan,2297.3,189.41
LN104000,11-12-2022,64,Male,East,50900,10,RENT,Bachelor's,Education,413,1,23900,Rejected,0,,60,Not Funded,N/A,0,0
LN104001,05-10-2024,29,Male,South,73400,19,RENT,High School,Personal,753,0,17100,Approved,14840,8.52,36,Fully Paid,Good Loan,14840,632.18
LN104002,18-05-2023,61,Male,North,71300,22,MORTGAGE,Bachelor's,Debt Consolidation,531,0,13200,Approved,11650,12.13,12,Current,Good Loan,6613.71,401.12
LN104003,22-07-2022,38,Male,North,90700,26,RENT,High School,Personal,615,1,1600,Approved,1600,11.66,36,Fully Paid,Good Loan,1600,93.28
LN104004,27-07-2023,49,Male,North,57900,14,MORTGAGE,Master's,Debt Consolidation,774,0,25600,Approved,24860,9.43,24,Fully Paid,Good Loan,24860,1172.15
LN104005,11-07-2022,59,Female,North,29900,29,MORTGAGE,High School,Business,670,0,22600,Approved,21050,9.89,24,Fully Paid,Good Loan,21050,1040.92
LN104006,05-01-2022,47,Male,North,66100,15,MORTGAGE,Bachelor's,Business,832,0,25600,Approved,22650,5.06,24,Current,Good Loan,19368.19,490.02
LN104007,07-11-2022,56,Female,West,61400,17,OWN,Bachelor's,Business,557,0,23500,Rejected,0,,24,Not Funded,N/A,0,0
LN104008,03-07-2023,37,Female,South,15000,22,MORTGAGE,Master's,Debt Consolidation,728,0,6400,Approved,6060,7.42,12,Charged Off,Bad Loan,79.16,2.94
LN104009,25-02-2022,54,Female,South,25500,7,RENT,Bachelor's,Medical,799,0,28100,Approved,23900,7.99,36,Current,Good Loan,15701.04,627.26
LN104010,19-03-2023,23,Female,West,74400,28,RENT,Bachelor's,Medical,309,0,15100,Rejected,0,,48,Not Funded,N/A,0,0
LN104011,19-05-2024,25,Male,North,102700,11,MORTGAGE,Bachelor's,Personal,724,0,21100,Approved,19920,8.95,24,Current,Good Loan,8935.46,399.86
LN104012,08-08-2023,34,Male,West,52200,17,MORTGAGE,High School,Business,811,0,15300,Approved,15270,7.56,24,Current,Good Loan,12301.91,465.01
LN104013,22-01-2024,23,Female,East,78000,18,RENT,Bachelor's,Business,616,1,1900,Rejected,0,,60,Not Funded,N/A,0,0
LN104014,26-12-2022,43,Female,South,56900,32,MORTGAGE,Bachelor's,Personal,433,0,35200,Rejected,0,,24,Not Funded,N/A,0,0
LN104015,29-03-2024,59,Female,North,55100,4,RENT,Bachelor's,Personal,317,0,6800,Rejected,0,,48,Not Funded,N/A,0,0
LN104016,30-01-2022,50,Female,North,50800,27,RENT,Bachelor's,Education,646,0,23700,Approved,20180,9.21,48,Current,Good Loan,18028.69,830.22
LN104017,18-04-2022,43,Female,South,56200,25,MORTGAGE,High School,Car,667,0,35400,Approved,34600,10.88,60,Fully Paid,Good Loan,34600,1882.24
LN104018,23-04-2024,47,Male,North,64500,20,RENT,High School,Business,467,0,9600,Rejected,0,,12,Not Funded,N/A,0,0
LN104019,18-12-2023,30,Female,South,45200,22,RENT,Master's,Home Improvement,316,0,17100,Rejected,0,,12,Not Funded,N/A,0,0
LN104020,09-06-2024,45,Male,North,94900,20,RENT,Bachelor's,Car,821,0,15700,Approved,14190,5.69,36,Fully Paid,Good Loan,14190,403.71
LN104021,17-08-2024,33,Male,East,34500,10,RENT,Bachelor's,Medical,806,0,4500,Approved,4120,5.03,48,Current,Good Loan,2972.03,74.75
LN104022,11-06-2024,36,Male,North,116500,15,RENT,Bachelor's,Debt Consolidation,773,0,17500,Approved,16780,7.09,48,Fully Paid,Good Loan,16780,594.85
LN104023,02-01-2024,61,Male,West,49200,32,RENT,Bachelor's,Debt Consolidation,842,0,19700,Approved,18820,7.96,24,Fully Paid,Good Loan,18820,749.04
LN104024,29-08-2023,54,Male,North,52900,26,RENT,High School,Business,605,0,2000,Approved,1940,12.83,24,Current,Good Loan,1423.16,91.3
LN104025,02-04-2023,57,Female,West,40800,0,RENT,High School,Car,678,0,20000,Approved,19920,10.44,24,Fully Paid,Good Loan,19920,1039.82
LN104026,07-09-2023,42,Female,North,65100,15,RENT,High School,Debt Consolidation,639,0,4700,Approved,4270,10.96,36,Current,Good Loan,3574.52,195.88
LN104027,29-11-2023,37,Female,West,45700,4,RENT,PhD,Medical,450,0,35800,Rejected,0,,48,Not Funded,N/A,0,0
LN104028,05-11-2023,43,Male,South,43700,17,RENT,Master's,Home Improvement,344,0,26400,Rejected,0,,24,Not Funded,N/A,0,0
LN104029,27-06-2023,56,Female,East,71400,33,MORTGAGE,Bachelor's,Home Improvement,506,0,3200,Rejected,0,,24,Not Funded,N/A,0,0
LN104030,06-05-2024,29,Male,North,91400,24,MORTGAGE,High School,Debt Consolidation,721,0,33300,Approved,32090,6.91,48,Fully Paid,Good Loan,32090,1108.71
LN104031,15-06-2024,22,Female,East,33900,33,MORTGAGE,Bachelor's,Personal,438,0,15100,Rejected,0,,24,Not Funded,N/A,0,0
LN104032,05-10-2022,52,Male,North,78600,14,MORTGAGE,Bachelor's,Debt Consolidation,691,0,9800,Approved,8640,8.83,60,Fully Paid,Good Loan,8640,381.46
LN104033,06-07-2023,42,Male,East,95000,3,RENT,Bachelor's,Debt Consolidation,683,0,10900,Approved,10680,9.59,60,Fully Paid,Good Loan,10680,512.11
LN104034,21-04-2022,63,Female,North,24500,3,OWN,Bachelor's,Home Improvement,748,0,24300,Approved,22910,9.21,12,Current,Good Loan,19450.37,895.69
LN104035,20-01-2023,33,Female,South,37000,24,RENT,Master's,Debt Consolidation,502,0,4200,Rejected,0,,48,Not Funded,N/A,0,0
LN104036,31-01-2024,28,Male,North,94000,12,RENT,Bachelor's,Debt Consolidation,309,0,3300,Rejected,0,,60,Not Funded,N/A,0,0
LN104037,25-11-2023,21,Male,North,64100,24,RENT,High School,Home Improvement,649,0,25500,Rejected,0,,48,Not Funded,N/A,0,0
LN104038,09-02-2023,37,Male,East,116900,2,OWN,Bachelor's,Business,375,0,39300,Rejected,0,,36,Not Funded,N/A,0,0
LN104039,22-01-2022,32,Male,Central,50000,34,OWN,High School,Business,516,0,19900,Rejected,0,,48,Not Funded,N/A,0,0
LN104040,09-11-2023,24,Female,South,42800,8,MORTGAGE,High School,Debt Consolidation,591,0,17100,Approved,15890,10.84,12,Fully Paid,Good Loan,15890,861.24
LN104041,03-09-2023,33,Male,West,100000,13,RENT,PhD,Medical,303,0,37900,Rejected,0,,12,Not Funded,N/A,0,0
LN104042,08-01-2022,51,Male,East,37200,21,OWN,Bachelor's,Home Improvement,677,0,10400,Approved,9770,8.3,36,Fully Paid,Good Loan,9770,405.46
LN104043,03-12-2023,61,Male,East,48500,8,RENT,High School,Personal,337,0,10400,Rejected,0,,48,Not Funded,N/A,0,0
LN104044,13-06-2023,27,Male,North,69700,23,MORTGAGE,Bachelor's,Home Improvement,594,0,36300,Approved,35250,13.38,48,Current,Good Loan,14895.86,996.53
LN104045,25-08-2023,43,Male,North,72900,22,OWN,Bachelor's,Car,388,0,26200,Rejected,0,,60,Not Funded,N/A,0,0
LN104046,19-10-2023,44,Female,Central,37800,14,MORTGAGE,Bachelor's,Home Improvement,574,2,3100,Rejected,0,,60,Not Funded,N/A,0,0
LN104047,15-06-2022,25,Male,South,60900,13,RENT,Bachelor's,Business,813,1,27300,Approved,26030,9.03,12,Fully Paid,Good Loan,26030,1175.25
LN104048,28-04-2024,25,Male,East,47500,19,MORTGAGE,High School,Home Improvement,449,0,33000,Approved,28290,18.79,48,Current,Good Loan,5693.43,534.9
LN104049,11-05-2023,37,Male,East,25400,26,RENT,Bachelor's,Home Improvement,612,1,11700,Rejected,0,,24,Not Funded,N/A,0,0
LN104050,13-08-2023,50,Male,South,44000,16,RENT,High School,Education,399,0,15900,Rejected,0,,60,Not Funded,N/A,0,0
LN104051,05-03-2023,29,Male,South,26000,25,MORTGAGE,Bachelor's,Education,558,0,8700,Rejected,0,,48,Not Funded,N/A,0,0
LN104052,13-02-2024,26,Male,East,40300,3,RENT,High School,Car,578,0,25700,Approved,23510,12.04,36,Fully Paid,Good Loan,23510,1415.3
LN104053,12-06-2022,45,Male,North,31500,2,RENT,High School,Business,303,2,26900,Rejected,0,,60,Not Funded,N/A,0,0
LN104054,01-01-2023,39,Male,South,76700,18,MORTGAGE,High School,Debt Consolidation,711,0,3700,Approved,3250,9.55,12,Current,Good Loan,982.94,46.94
LN104055,13-03-2022,36,Female,South,62000,6,MORTGAGE,High School,Personal,625,0,27400,Approved,24300,12.4,12,Charged Off,Bad Loan,3543.92,219.72
LN104056,17-10-2023,41,Female,Central,108300,18,RENT,High School,Education,818,0,26700,Approved,24890,6.27,12,Fully Paid,Good Loan,24890,780.3
LN104057,26-09-2022,22,Female,South,35800,11,RENT,Master's,Home Improvement,300,0,2400,Rejected,0,,12,Not Funded,N/A,0,0
LN104058,19-02-2023,30,Male,East,57300,19,OWN,Bachelor's,Personal,717,0,22700,Approved,20780,7.11,48,Charged Off,Bad Loan,5288.85,188.02
LN104059,12-10-2024,36,Female,North,33000,11,RENT,Bachelor's,Personal,479,0,24900,Rejected,0,,48,Not Funded,N/A,0,0
LN104060,06-11-2023,57,Female,North,40800,28,MORTGAGE,Bachelor's,Debt Consolidation,309,0,17800,Rejected,0,,60,Not Funded,N/A,0,0
LN104061,19-12-2024,35,Female,Central,45300,29,OWN,High School,Debt Consolidation,674,0,36200,Rejected,0,,24,Not Funded,N/A,0,0
LN104062,06-01-2022,33,Male,West,131700,19,MORTGAGE,Bachelor's,Debt Consolidation,751,0,13800,Approved,11740,7.01,12,Fully Paid,Good Loan,11740,411.49
LN104063,08-09-2024,33,Male,South,63800,3,RENT,Master's,Education,409,0,3600,Rejected,0,,24,Not Funded,N/A,0,0
LN104064,24-07-2023,52,Male,East,51100,1,RENT,High School,Medical,424,0,27200,Approved,23130,16.72,12,Current,Good Loan,14588.07,1219.56
LN104065,11-02-2023,28,Male,North,88000,29,MORTGAGE,Master's,Medical,731,0,24600,Approved,23100,8.61,60,Current,Good Loan,13378.78,575.96
LN104066,26-01-2022,63,Male,West,73300,22,MORTGAGE,Master's,Education,600,0,39600,Approved,33840,9.53,36,Fully Paid,Good Loan,33840,1612.48
LN104067,25-10-2024,38,Female,North,52800,5,MORTGAGE,Master's,Debt Consolidation,402,2,10000,Rejected,0,,12,Not Funded,N/A,0,0
LN104068,12-09-2024,56,Female,West,73400,17,RENT,High School,Debt Consolidation,369,1,16400,Rejected,0,,36,Not Funded,N/A,0,0
LN104069,25-01-2023,46,Male,East,47200,21,RENT,Bachelor's,Personal,409,0,19000,Rejected,0,,12,Not Funded,N/A,0,0
LN104070,11-12-2023,30,Male,South,207600,3,RENT,Bachelor's,Personal,523,0,34600,Approved,33840,13.53,24,Current,Good Loan,7459.38,504.63
LN104071,25-07-2023,51,Male,Central,93800,10,MORTGAGE,High School,Debt Consolidation,523,0,17200,Approved,15230,13.18,12,Fully Paid,Good Loan,15230,1003.66
LN104072,24-01-2024,53,Male,Central,45100,34,MORTGAGE,Bachelor's,Debt Consolidation,513,0,31100,Rejected,0,,24,Not Funded,N/A,0,0
LN104073,26-05-2022,49,Male,South,76200,10,RENT,Master's,Home Improvement,847,0,7100,Approved,6950,4,36,Current,Good Loan,3191.77,63.84
LN104074,24-02-2024,25,Male,West,69400,33,MORTGAGE,Master's,Debt Consolidation,642,0,17000,Approved,15820,10.06,48,Fully Paid,Good Loan,15820,795.75
LN104075,10-06-2023,33,Male,West,61500,8,MORTGAGE,High School,Debt Consolidation,656,1,7000,Rejected,0,,36,Not Funded,N/A,0,0
LN104076,13-01-2022,21,Female,West,68300,30,OWN,High School,Home Improvement,738,0,38000,Approved,34400,7.49,48,Fully Paid,Good Loan,34400,1288.28
LN104077,21-06-2024,43,Male,Central,37600,31,RENT,High School,Debt Consolidation,555,0,7900,Rejected,0,,60,Not Funded,N/A,0,0
LN104078,19-01-2023,60,Male,East,44500,34,MORTGAGE,High School,Medical,781,0,17300,Approved,16300,5.43,60,Fully Paid,Good Loan,16300,442.54
LN104079,10-07-2023,23,Male,West,114300,10,RENT,Bachelor's,Personal,703,0,4200,Approved,3600,8.7,60,Current,Good Loan,3215.57,139.88
LN104080,05-06-2024,23,Male,West,59400,16,MORTGAGE,Master's,Personal,341,0,36900,Rejected,0,,60,Not Funded,N/A,0,0
LN104081,19-01-2022,27,Male,East,39500,1,MORTGAGE,Bachelor's,Education,687,1,25300,Rejected,0,,12,Not Funded,N/A,0,0
LN104082,29-07-2023,56,Female,East,50900,23,MORTGAGE,Master's,Medical,328,0,38500,Rejected,0,,36,Not Funded,N/A,0,0
LN104083,21-01-2024,55,Male,South,42600,14,RENT,Bachelor's,Business,502,0,2600,Rejected,0,,24,Not Funded,N/A,0,0
LN104084,30-09-2024,35,Male,West,81100,27,MORTGAGE,Bachelor's,Debt Consolidation,626,0,7800,Approved,7710,10.98,12,Current,Good Loan,6694.03,367.5
LN104085,23-02-2023,60,Female,West,42100,2,RENT,Master's,Education,353,0,15800,Rejected,0,,12,Not Funded,N/A,0,0
LN104086,23-02-2023,23,Male,South,55300,28,MORTGAGE,Master's,Home Improvement,789,0,25200,Approved,23880,6.44,60,Fully Paid,Good Loan,23880,768.94
LN104087,02-05-2022,49,Male,South,40200,12,RENT,Master's,Debt Consolidation,716,0,13900,Approved,11850,10.06,12,Charged Off,Bad Loan,958.15,48.19
LN104088,08-03-2023,50,Male,North,146300,21,RENT,Bachelor's,Business,659,0,28800,Rejected,0,,24,Not Funded,N/A,0,0
LN104089,13-02-2022,59,Female,North,71900,30,RENT,Master's,Debt Consolidation,848,0,7400,Approved,7200,5.43,36,Fully Paid,Good Loan,7200,195.48
LN104090,16-01-2023,38,Male,East,70600,6,RENT,Bachelor's,Car,504,0,24400,Rejected,0,,60,Not Funded,N/A,0,0
LN104091,25-05-2022,31,Male,South,74200,25,RENT,Master's,Personal,579,0,16500,Approved,16370,13.05,60,Fully Paid,Good Loan,16370,1068.14
LN104092,29-12-2022,63,Female,West,45400,30,RENT,Master's,Debt Consolidation,354,2,20800,Rejected,0,,24,Not Funded,N/A,0,0
LN104093,09-12-2024,58,Male,East,107400,3,RENT,High School,Debt Consolidation,522,0,23200,Approved,21280,15.57,12,Charged Off,Bad Loan,8321.54,647.83
LN104094,24-12-2024,60,Male,Central,52600,34,RENT,Master's,Debt Consolidation,407,0,3300,Rejected,0,,24,Not Funded,N/A,0,0
LN104095,21-12-2022,21,Male,North,120300,32,MORTGAGE,High School,Personal,808,0,37000,Approved,34050,7.19,48,Current,Good Loan,22122.18,795.29
LN104096,10-03-2024,49,Female,Central,46800,2,RENT,Master's,Debt Consolidation,305,0,31700,Rejected,0,,36,Not Funded,N/A,0,0
LN104097,05-04-2024,30,Female,South,74800,18,OWN,Bachelor's,Home Improvement,806,0,18300,Approved,15680,6.9,36,Current,Good Loan,12200.32,420.91
LN104098,02-02-2023,48,Female,East,58400,8,OWN,Bachelor's,Debt Consolidation,470,0,22400,Rejected,0,,24,Not Funded,N/A,0,0
LN104099,29-05-2024,51,Female,East,61100,18,RENT,High School,Home Improvement,567,1,2300,Rejected,0,,36,Not Funded,N/A,0,0
LN104100,08-04-2023,39,Female,South,25600,18,RENT,High School,Medical,492,1,20400,Rejected,0,,36,Not Funded,N/A,0,0
LN104101,18-03-2024,23,Female,North,34800,25,RENT,PhD,Home Improvement,479,0,17600,Rejected,0,,12,Not Funded,N/A,0,0
LN104102,06-07-2022,56,Female,North,106900,12,MORTGAGE,Bachelor's,Medical,369,0,15600,Rejected,0,,60,Not Funded,N/A,0,0
LN104103,02-01-2024,63,Male,West,30300,21,MORTGAGE,Master's,Education,329,0,32800,Rejected,0,,60,Not Funded,N/A,0,0
LN104104,05-03-2023,35,Female,South,80900,7,RENT,Bachelor's,Business,418,0,8100,Approved,7470,16.57,60,Current,Good Loan,1906.58,157.96
LN104105,07-05-2024,53,Male,Central,174600,23,RENT,Bachelor's,Medical,809,0,7900,Approved,7510,6,24,Current,Good Loan,5576.16,167.28
LN104106,25-08-2022,61,Male,South,69500,25,MORTGAGE,Bachelor's,Car,759,0,21300,Approved,19770,6.76,24,Fully Paid,Good Loan,19770,668.23
LN104107,10-02-2024,63,Female,Central,141100,2,RENT,High School,Medical,757,0,27800,Approved,25930,6.97,60,Fully Paid,Good Loan,25930,903.66
LN104108,28-01-2024,46,Male,North,74000,6,OWN,Bachelor's,Education,338,0,1900,Rejected,0,,48,Not Funded,N/A,0,0
LN104109,16-05-2022,36,Male,North,61000,1,RENT,Bachelor's,Medical,561,1,22300,Approved,22190,14.8,48,Current,Good Loan,14220.86,1052.34
LN104110,02-03-2024,56,Male,South,64100,32,RENT,Master's,Debt Consolidation,483,0,12600,Approved,11400,15.95,12,Fully Paid,Good Loan,11400,909.15
LN104111,20-06-2022,53,Female,Central,50000,11,RENT,Bachelor's,Personal,819,0,30500,Approved,27440,7.35,24,Current,Good Loan,6254.41,229.85
LN104112,08-06-2022,40,Female,East,49300,11,MORTGAGE,High School,Debt Consolidation,827,0,19300,Approved,17280,5.63,60,Fully Paid,Good Loan,17280,486.43
LN104113,20-07-2022,33,Male,North,42800,9,RENT,PhD,Home Improvement,685,0,33500,Approved,32350,7.66,48,Fully Paid,Good Loan,32350,1239.01
LN104114,19-08-2024,53,Male,North,65500,26,RENT,Bachelor's,Business,552,0,16500,Rejected,0,,60,Not Funded,N/A,0,0
LN104115,06-08-2023,25,Male,South,145800,17,RENT,Bachelor's,Debt Consolidation,310,0,33300,Approved,28520,18.86,36,Fully Paid,Good Loan,28520,2689.44
LN104116,25-05-2024,57,Male,East,102800,3,RENT,Master's,Business,510,0,28900,Approved,24950,15.45,48,Fully Paid,Good Loan,24950,1927.39
LN104117,06-01-2023,34,Male,South,59400,22,MORTGAGE,Bachelor's,Debt Consolidation,815,0,33300,Approved,31530,4,60,Fully Paid,Good Loan,31530,630.6
LN104118,13-04-2022,47,Female,West,71400,20,RENT,Bachelor's,Personal,659,0,32700,Approved,29140,10.39,24,Fully Paid,Good Loan,29140,1513.82
LN104119,28-09-2024,43,Male,East,52100,29,MORTGAGE,Bachelor's,Car,367,0,20000,Rejected,0,,24,Not Funded,N/A,0,0
LN104120,02-09-2024,34,Male,Central,102700,20,RENT,High School,Business,726,0,15400,Approved,14050,8.82,36,Fully Paid,Good Loan,14050,619.6
LN104121,08-03-2024,60,Male,East,26000,22,MORTGAGE,Bachelor's,Home Improvement,308,0,30800,Rejected,0,,36,Not Funded,N/A,0,0
LN104122,20-10-2023,24,Male,South,129200,20,MORTGAGE,High School,Debt Consolidation,836,0,15100,Approved,13660,6.78,12,Fully Paid,Good Loan,13660,463.07
LN104123,31-05-2024,59,Male,Central,42400,7,MORTGAGE,Bachelor's,Car,365,0,4500,Approved,4290,18.44,60,Fully Paid,Good Loan,4290,395.54
LN104124,03-01-2024,39,Male,South,45600,12,MORTGAGE,High School,Home Improvement,472,0,34500,Rejected,0,,48,Not Funded,N/A,0,0
LN104125,27-02-2023,24,Male,South,31300,21,RENT,High School,Debt Consolidation,321,0,16500,Rejected,0,,48,Not Funded,N/A,0,0
LN104126,26-07-2023,50,Female,West,58100,6,OWN,Master's,Personal,341,0,6200,Rejected,0,,48,Not Funded,N/A,0,0
LN104127,20-06-2022,39,Female,North,39900,23,MORTGAGE,Bachelor's,Education,503,0,26200,Rejected,0,,12,Not Funded,N/A,0,0
LN104128,22-06-2022,51,Male,South,91500,4,RENT,Bachelor's,Debt Consolidation,454,0,35700,Approved,31380,14.89,60,Fully Paid,Good Loan,31380,2336.24
LN104129,25-10-2023,51,Male,North,73400,25,RENT,Bachelor's,Car,822,0,34600,Approved,34540,6.49,36,Fully Paid,Good Loan,34540,1120.82
LN104130,29-03-2023,29,Female,North,39700,9,RENT,Bachelor's,Medical,761,1,22600,Rejected,0,,12,Not Funded,N/A,0,0
LN104131,16-12-2022,33,Male,North,36500,10,MORTGAGE,Bachelor's,Home Improvement,377,0,4400,Rejected,0,,36,Not Funded,N/A,0,0
LN104132,09-05-2023,34,Female,North,40600,10,RENT,Master's,Debt Consolidation,403,0,28200,Rejected,0,,12,Not Funded,N/A,0,0
LN104133,12-09-2023,30,Female,South,35400,29,OWN,High School,Business,577,0,24700,Approved,22730,12.38,12,Current,Good Loan,18837.61,1166.05
LN104134,24-10-2024,51,Male,West,47800,3,RENT,Bachelor's,Medical,356,0,9200,Rejected,0,,48,Not Funded,N/A,0,0
LN104135,07-07-2024,57,Female,East,37100,1,MORTGAGE,High School,Debt Consolidation,638,0,36100,Approved,33340,9.77,12,Current,Good Loan,15940,778.67
LN104136,06-01-2022,43,Female,East,91600,12,MORTGAGE,Bachelor's,Debt Consolidation,573,0,4400,Approved,4160,11.45,48,Charged Off,Bad Loan,1295.29,74.16
LN104137,15-10-2022,47,Male,East,43300,16,OWN,Master's,Education,732,0,15500,Approved,13260,6.83,48,Current,Good Loan,6944.11,237.14
LN104138,31-08-2023,26,Female,West,70200,22,RENT,Master's,Business,690,0,4700,Rejected,0,,48,Not Funded,N/A,0,0
LN104139,02-04-2023,46,Male,Central,70500,9,OWN,Bachelor's,Personal,641,0,36600,Approved,34720,8.97,24,Current,Good Loan,26182.56,1174.29
LN104140,26-10-2024,22,Male,West,23500,12,OWN,High School,Car,559,0,2400,Rejected,0,,48,Not Funded,N/A,0,0
LN104141,16-09-2023,33,Female,West,74700,28,OWN,Bachelor's,Personal,473,0,17600,Rejected,0,,60,Not Funded,N/A,0,0
LN104142,11-01-2023,39,Female,North,25100,15,OWN,Master's,Business,494,0,34600,Rejected,0,,60,Not Funded,N/A,0,0
LN104143,23-03-2023,21,Female,East,37200,2,OWN,High School,Medical,740,0,10800,Approved,9240,5.73,12,Fully Paid,Good Loan,9240,264.73
LN104144,14-04-2024,60,Male,East,73200,3,MORTGAGE,Bachelor's,Debt Consolidation,571,0,5100,Approved,4990,12.49,36,Current,Good Loan,2219.68,138.62
LN104145,21-03-2024,52,Male,East,57300,15,MORTGAGE,Bachelor's,Debt Consolidation,606,0,6000,Approved,5250,10.76,60,Charged Off,Bad Loan,1730.83,93.12
LN104146,16-08-2024,42,Male,East,46500,5,MORTGAGE,High School,Education,607,0,16800,Approved,16590,11.37,36,Charged Off,Bad Loan,1765,100.34
LN104147,28-04-2024,49,Male,North,24300,27,MORTGAGE,Bachelor's,Medical,506,0,17700,Approved,17560,14.14,48,Fully Paid,Good Loan,17560,1241.49
LN104148,19-03-2024,22,Male,North,83600,22,MORTGAGE,High School,Business,416,1,29000,Rejected,0,,36,Not Funded,N/A,0,0
LN104149,05-09-2024,60,Male,Central,65900,11,OWN,High School,Business,304,0,10300,Rejected,0,,48,Not Funded,N/A,0,0
LN104150,20-02-2023,58,Male,East,36800,30,RENT,Bachelor's,Debt Consolidation,798,0,28400,Approved,27370,7.02,24,Current,Good Loan,24230.09,850.48
LN104151,27-12-2023,31,Male,South,35100,11,MORTGAGE,High School,Debt Consolidation,600,0,40000,Rejected,0,,12,Not Funded,N/A,0,0
LN104152,30-03-2023,37,Male,South,86000,31,RENT,Master's,Car,724,0,34700,Approved,30700,9.14,36,Fully Paid,Good Loan,30700,1402.99
LN104153,30-05-2022,63,Female,East,62000,24,RENT,Bachelor's,Debt Consolidation,389,1,25800,Rejected,0,,36,Not Funded,N/A,0,0
LN104154,29-01-2024,28,Female,South,29400,28,RENT,PhD,Home Improvement,327,0,37700,Rejected,0,,36,Not Funded,N/A,0,0
LN104155,18-02-2024,42,Male,South,39000,18,RENT,Bachelor's,Car,843,0,39700,Approved,38780,5.12,12,Charged Off,Bad Loan,13260.91,339.48
LN104156,30-08-2024,24,Female,North,130700,21,OWN,High School,Debt Consolidation,516,0,23200,Approved,20200,14.23,24,Charged Off,Bad Loan,2093.7,148.97
LN104157,02-02-2024,31,Female,North,85100,23,RENT,Bachelor's,Debt Consolidation,370,1,11700,Rejected,0,,12,Not Funded,N/A,0,0
LN104158,28-09-2024,28,Female,South,54200,32,MORTGAGE,Master's,Education,329,0,36700,Rejected,0,,60,Not Funded,N/A,0,0
LN104159,17-03-2022,29,Male,West,54700,15,RENT,Bachelor's,Home Improvement,555,0,33900,Rejected,0,,12,Not Funded,N/A,0,0
LN104160,22-08-2023,46,Male,North,20400,1,OWN,Bachelor's,Home Improvement,695,0,4300,Approved,3870,10.66,60,Fully Paid,Good Loan,3870,206.27
LN104161,13-08-2022,22,Female,South,97500,7,MORTGAGE,Bachelor's,Education,820,0,37500,Approved,37380,5.15,36,Current,Good Loan,9827.99,253.07
LN104162,23-04-2022,36,Male,West,44200,12,RENT,High School,Home Improvement,622,0,15300,Approved,13040,12.18,24,Current,Good Loan,7420.49,451.91
LN104163,08-09-2022,51,Female,West,37700,29,RENT,High School,Medical,669,1,13600,Rejected,0,,48,Not Funded,N/A,0,0
LN104164,20-04-2024,26,Female,North,75900,0,RENT,High School,Personal,455,0,14400,Rejected,0,,24,Not Funded,N/A,0,0
LN104165,15-12-2023,41,Female,West,40800,11,RENT,Bachelor's,Personal,513,0,13500,Rejected,0,,60,Not Funded,N/A,0,0
LN104166,05-05-2022,46,Male,Central,23900,6,RENT,High School,Business,382,0,21100,Rejected,0,,24,Not Funded,N/A,0,0
LN104167,28-12-2024,39,Male,Central,65100,13,OWN,Bachelor's,Home Improvement,704,0,23600,Approved,22940,9.8,36,Fully Paid,Good Loan,22940,1124.06
LN104168,06-12-2024,48,Male,West,27400,34,MORTGAGE,Bachelor's,Home Improvement,309,0,17600,Rejected,0,,12,Not Funded,N/A,0,0
LN104169,02-06-2024,28,Female,West,52800,27,RENT,Bachelor's,Home Improvement,579,0,17100,Rejected,0,,60,Not Funded,N/A,0,0
LN104170,30-01-2022,34,Male,South,62500,11,OWN,High School,Home Improvement,580,0,29800,Rejected,0,,60,Not Funded,N/A,0,0
LN104171,08-10-2022,44,Male,East,47800,23,RENT,Bachelor's,Debt Consolidation,389,0,1100,Rejected,0,,60,Not Funded,N/A,0,0
LN104172,12-07-2024,64,Male,East,47900,0,RENT,Bachelor's,Debt Consolidation,428,0,37900,Rejected,0,,36,Not Funded,N/A,0,0
LN104173,03-01-2023,57,Male,South,108900,16,MORTGAGE,Master's,Medical,608,1,28900,Rejected,0,,24,Not Funded,N/A,0,0
LN104174,10-05-2023,46,Male,East,109600,27,RENT,Bachelor's,Home Improvement,784,0,28600,Approved,24470,7.99,60,Fully Paid,Good Loan,24470,977.58
LN104175,14-11-2024,51,Male,West,35900,32,RENT,High School,Medical,406,0,17500,Rejected,0,,48,Not Funded,N/A,0,0
LN104176,19-12-2023,52,Female,Central,41500,23,RENT,High School,Business,804,1,38700,Approved,35710,5.06,60,Current,Good Loan,29350.08,742.56
LN104177,13-10-2024,61,Male,South,42500,5,MORTGAGE,Bachelor's,Car,582,0,1000,Rejected,0,,24,Not Funded,N/A,0,0
LN104178,29-08-2023,22,Female,South,53400,20,OWN,Bachelor's,Education,406,0,4000,Rejected,0,,24,Not Funded,N/A,0,0
LN104179,10-01-2023,45,Female,East,52200,3,MORTGAGE,High School,Debt Consolidation,454,0,32400,Approved,29680,15.84,48,Fully Paid,Good Loan,29680,2350.66
LN104180,01-10-2023,64,Female,North,117300,32,MORTGAGE,Bachelor's,Home Improvement,531,0,29800,Approved,29330,11.23,12,Charged Off,Bad Loan,11712.47,657.66
LN104181,14-11-2024,22,Female,East,49800,9,MORTGAGE,High School,Medical,748,0,11600,Approved,11400,7.13,60,Current,Good Loan,2702.38,96.34
LN104182,26-04-2022,62,Male,North,34100,12,RENT,Bachelor's,Home Improvement,679,0,24200,Approved,20660,11.02,24,Current,Good Loan,4935.22,271.93
LN104183,17-02-2022,21,Male,East,41600,8,MORTGAGE,Bachelor's,Debt Consolidation,632,0,21800,Approved,21380,8.71,48,Charged Off,Bad Loan,7112.54,309.75
LN104184,09-04-2022,56,Female,East,64100,30,MORTGAGE,Master's,Business,375,0,21600,Rejected,0,,48,Not Funded,N/A,0,0
LN104185,09-02-2023,32,Male,North,48300,3,RENT,High School,Debt Consolidation,560,1,24200,Rejected,0,,36,Not Funded,N/A,0,0
LN104186,16-11-2023,29,Male,North,62400,19,RENT,Master's,Business,636,0,39800,Approved,34910,9.8,24,Fully Paid,Good Loan,34910,1710.59
LN104187,21-06-2024,56,Male,South,48500,7,OWN,Bachelor's,Debt Consolidation,529,0,39500,Rejected,0,,24,Not Funded,N/A,0,0
LN104188,18-05-2023,61,Female,South,75100,26,RENT,High School,Personal,520,0,39300,Approved,37660,16.18,24,Fully Paid,Good Loan,37660,3046.69
LN104189,12-06-2024,48,Male,West,52100,8,OWN,PhD,Home Improvement,697,1,22400,Rejected,0,,36,Not Funded,N/A,0,0
LN104190,15-09-2022,58,Male,East,31300,23,RENT,Bachelor's,Personal,711,0,13400,Approved,12510,9.04,48,Fully Paid,Good Loan,12510,565.45
LN104191,23-04-2024,53,Male,South,46300,29,MORTGAGE,High School,Debt Consolidation,700,0,22800,Approved,21740,11.02,48,Fully Paid,Good Loan,21740,1197.87
LN104192,01-05-2022,62,Female,South,146600,25,RENT,Bachelor's,Education,797,2,25300,Rejected,0,,12,Not Funded,N/A,0,0
LN104193,20-03-2024,42,Male,North,94500,3,OWN,Master's,Debt Consolidation,473,0,13100,Approved,12510,15.12,48,Charged Off,Bad Loan,219.73,16.61
LN104194,04-09-2024,45,Female,West,32100,0,MORTGAGE,Master's,Medical,600,2,25700,Rejected,0,,24,Not Funded,N/A,0,0
LN104195,23-02-2022,38,Female,North,120600,19,RENT,Bachelor's,Debt Consolidation,402,0,25300,Rejected,0,,36,Not Funded,N/A,0,0
LN104196,15-10-2024,26,Female,West,57600,27,RENT,Bachelor's,Car,820,2,36200,Approved,31260,8.27,12,Fully Paid,Good Loan,31260,1292.6
LN104197,23-02-2024,38,Male,East,43500,23,RENT,High School,Business,463,0,10300,Rejected,0,,48,Not Funded,N/A,0,0
LN104198,29-08-2022,36,Female,East,47700,27,OWN,PhD,Debt Consolidation,304,0,28200,Rejected,0,,36,Not Funded,N/A,0,0
LN104199,28-04-2023,35,Male,West,55600,27,MORTGAGE,High School,Home Improvement,477,0,18600,Rejected,0,,60,Not Funded,N/A,0,0
LN104200,09-10-2024,28,Male,Central,88200,4,MORTGAGE,High School,Medical,326,0,6100,Rejected,0,,48,Not Funded,N/A,0,0
LN104201,06-07-2022,33,Female,Central,59000,31,RENT,PhD,Debt Consolidation,460,0,13300,Approved,11610,16.59,36,Charged Off,Bad Loan,2605.39,216.12
LN104202,18-10-2023,63,Female,East,62900,29,MORTGAGE,High School,Education,414,0,3200,Rejected,0,,24,Not Funded,N/A,0,0
LN104203,19-09-2022,27,Female,North,93400,20,OWN,Bachelor's,Business,677,0,13500,Approved,12310,10.2,60,Current,Good Loan,3355.58,171.13
LN104204,10-08-2024,37,Female,Central,45300,15,MORTGAGE,Bachelor's,Home Improvement,396,0,3700,Rejected,0,,12,Not Funded,N/A,0,0
LN104205,06-05-2023,52,Male,North,62100,7,RENT,Master's,Medical,435,0,37100,Rejected,0,,12,Not Funded,N/A,0,0
LN104206,07-03-2023,42,Female,West,66000,11,MORTGAGE,Bachelor's,Debt Consolidation,687,0,5000,Approved,4870,8.8,24,Fully Paid,Good Loan,4870,214.28
LN104207,27-08-2022,33,Male,West,57600,31,MORTGAGE,Bachelor's,Business,463,0,32900,Rejected,0,,36,Not Funded,N/A,0,0
LN104208,31-10-2022,43,Female,Central,67800,24,MORTGAGE,High School,Business,714,0,36300,Approved,36040,9.28,60,Fully Paid,Good Loan,36040,1672.26
LN104209,25-10-2022,49,Male,Central,39700,2,RENT,High School,Debt Consolidation,435,0,19200,Rejected,0,,48,Not Funded,N/A,0,0
LN104210,17-03-2022,42,Male,North,84200,25,RENT,Master's,Debt Consolidation,457,0,3100,Rejected,0,,24,Not Funded,N/A,0,0
LN104211,25-09-2024,21,Male,East,42200,16,OWN,Bachelor's,Home Improvement,697,1,24200,Approved,22630,8.6,24,Fully Paid,Good Loan,22630,973.09
LN104212,04-10-2023,49,Male,North,66500,26,RENT,High School,Business,665,0,10200,Approved,9780,7.59,24,Fully Paid,Good Loan,9780,371.15
LN104213,06-04-2024,25,Male,North,59600,21,RENT,Bachelor's,Debt Consolidation,601,1,7900,Rejected,0,,24,Not Funded,N/A,0,0
LN104214,10-10-2022,55,Male,South,39800,34,MORTGAGE,High School,Debt Consolidation,648,1,23100,Approved,21930,11.19,48,Fully Paid,Good Loan,21930,1226.98
LN104215,14-08-2023,30,Male,North,112400,6,MORTGAGE,Bachelor's,Debt Consolidation,693,0,14900,Approved,13690,10.24,24,Current,Good Loan,9353.84,478.92
LN104216,13-03-2022,39,Male,West,117300,2,OWN,High School,Business,623,0,29500,Approved,27400,9.33,12,Fully Paid,Good Loan,27400,1278.21
LN104217,04-12-2023,57,Male,Central,35800,5,RENT,High School,Debt Consolidation,349,0,24100,Rejected,0,,12,Not Funded,N/A,0,0
LN104218,29-07-2023,27,Male,East,77600,12,MORTGAGE,Bachelor's,Medical,623,0,33300,Approved,33020,13.42,24,Charged Off,Bad Loan,13016.21,873.39
LN104219,26-09-2024,55,Male,South,51300,14,RENT,Master's,Debt Consolidation,813,0,3300,Approved,3250,4.84,36,Current,Good Loan,1474.16,35.67
LN104220,10-06-2024,33,Male,West,40000,25,RENT,Bachelor's,Medical,762,0,10200,Approved,9550,7.87,12,Fully Paid,Good Loan,9550,375.79
LN104221,12-01-2022,30,Female,Central,63900,32,RENT,Bachelor's,Debt Consolidation,374,0,23100,Rejected,0,,60,Not Funded,N/A,0,0
LN104222,21-05-2022,22,Female,West,78800,14,MORTGAGE,High School,Home Improvement,800,0,35300,Approved,31840,5.87,36,Current,Good Loan,16087.33,472.16
LN104223,17-01-2022,26,Male,East,58200,13,MORTGAGE,Bachelor's,Business,487,0,32700,Approved,29570,15.23,24,Fully Paid,Good Loan,29570,2251.76
LN104224,22-12-2024,28,Female,Central,46000,18,RENT,Master's,Home Improvement,428,0,27500,Rejected,0,,48,Not Funded,N/A,0,0
LN104225,10-09-2022,56,Female,North,98500,27,RENT,Bachelor's,Debt Consolidation,792,0,23400,Approved,22510,6.38,36,Current,Good Loan,5559.74,177.36
LN104226,10-04-2023,45,Male,Central,100200,23,MORTGAGE,High School,Personal,396,1,25600,Rejected,0,,60,Not Funded,N/A,0,0
LN104227,11-01-2023,64,Female,Central,39800,32,RENT,PhD,Debt Consolidation,664,0,9300,Approved,8350,8.53,36,Current,Good Loan,6903.53,294.44
LN104228,07-09-2024,60,Male,Central,56400,11,RENT,Bachelor's,Debt Consolidation,800,0,24200,Approved,23640,6.77,12,Current,Good Loan,13305.14,450.38
LN104229,04-06-2023,27,Male,South,26600,9,MORTGAGE,Bachelor's,Debt Consolidation,464,1,20300,Rejected,0,,12,Not Funded,N/A,0,0
LN104230,31-03-2022,43,Male,Central,78900,6,RENT,Bachelor's,Personal,476,0,16000,Rejected,0,,48,Not Funded,N/A,0,0
LN104231,21-12-2023,39,Male,East,98500,0,MORTGAGE,High School,Debt Consolidation,572,0,35600,Approved,33990,13.44,36,Fully Paid,Good Loan,33990,2284.13
LN104232,14-03-2024,42,Female,East,64600,14,MORTGAGE,High School,Home Improvement,626,2,33300,Rejected,0,,48,Not Funded,N/A,0,0
LN104233,06-03-2024,33,Male,West,34000,0,RENT,Master's,Debt Consolidation,698,0,4000,Approved,3740,8.1,36,Fully Paid,Good Loan,3740,151.47
LN104234,22-09-2023,41,Male,North,112100,19,OWN,Bachelor's,Medical,710,0,39400,Approved,36110,7.21,24,Fully Paid,Good Loan,36110,1301.77
LN104235,17-03-2022,21,Male,South,135100,1,MORTGAGE,Master's,Business,363,0,10000,Rejected,0,,36,Not Funded,N/A,0,0
LN104236,14-07-2024,39,Female,West,44600,2,RENT,PhD,Business,746,1,9400,Approved,7990,10.03,36,Fully Paid,Good Loan,7990,400.7
LN104237,04-02-2023,53,Female,West,66200,15,MORTGAGE,Bachelor's,Car,640,0,37800,Approved,37440,11.49,24,Current,Good Loan,10976.6,630.61
LN104238,27-08-2024,24,Female,West,78200,28,MORTGAGE,Bachelor's,Business,528,0,18300,Approved,16290,13.99,60,Current,Good Loan,7986.97,558.69
LN104239,30-12-2024,62,Male,North,77200,2,MORTGAGE,Master's,Personal,804,1,32400,Approved,30760,5.76,12,Fully Paid,Good Loan,30760,885.89
LN104240,07-03-2024,23,Male,West,55400,11,MORTGAGE,Bachelor's,Education,549,0,12200,Approved,12100,12.62,36,Fully Paid,Good Loan,12100,763.51
LN104241,14-07-2022,47,Male,North,121700,19,OWN,Bachelor's,Home Improvement,369,2,35100,Rejected,0,,48,Not Funded,N/A,0,0
LN104242,16-08-2022,61,Male,West,26800,22,OWN,Master's,Debt Consolidation,811,0,33500,Approved,29090,5.21,24,Fully Paid,Good Loan,29090,757.79
LN104243,06-04-2023,55,Male,South,26900,21,MORTGAGE,High School,Medical,644,0,21300,Approved,20670,11.23,60,Current,Good Loan,5446.35,305.81
LN104244,10-09-2023,48,Male,West,53800,31,MORTGAGE,High School,Home Improvement,846,0,28500,Approved,27330,8.03,12,Fully Paid,Good Loan,27330,1097.3
LN104245,10-11-2024,26,Female,South,118700,6,RENT,Bachelor's,Business,572,0,38600,Approved,34720,13.62,12,Fully Paid,Good Loan,34720,2364.43
LN104246,05-03-2022,26,Female,Central,91300,21,OWN,Master's,Car,644,0,18600,Approved,17730,10,48,Fully Paid,Good Loan,17730,886.5
LN104247,14-06-2022,64,Female,East,27700,1,RENT,Master's,Debt Consolidation,759,0,20300,Approved,19770,6.56,60,Fully Paid,Good Loan,19770,648.46
LN104248,27-01-2022,43,Male,East,194800,13,MORTGAGE,Bachelor's,Medical,406,0,29200,Approved,26100,16.11,48,Current,Good Loan,16081.71,1295.38
LN104249,08-10-2024,53,Male,South,69500,15,RENT,High School,Home Improvement,787,0,16100,Approved,15780,9.47,12,Current,Good Loan,5360.65,253.83
LN104250,12-10-2022,36,Male,West,32300,23,RENT,Bachelor's,Debt Consolidation,343,2,38500,Rejected,0,,36,Not Funded,N/A,0,0
LN104251,08-10-2022,44,Female,East,52000,6,RENT,Bachelor's,Business,801,0,2600,Approved,2420,6.83,24,Fully Paid,Good Loan,2420,82.64
LN104252,17-04-2024,25,Female,North,83700,3,RENT,High School,Business,724,0,16700,Approved,14780,9.81,24,Current,Good Loan,5329.46,261.41
LN104253,10-04-2024,61,Female,East,95200,4,RENT,Bachelor's,Car,348,0,28800,Rejected,0,,48,Not Funded,N/A,0,0
LN104254,06-07-2024,62,Male,West,52600,1,RENT,Bachelor's,Business,359,0,17700,Rejected,0,,36,Not Funded,N/A,0,0
LN104255,12-08-2022,33,Female,South,68500,4,RENT,Bachelor's,Car,557,0,11100,Rejected,0,,12,Not Funded,N/A,0,0
LN104256,23-02-2024,32,Male,South,51200,2,MORTGAGE,Bachelor's,Business,413,0,17100,Rejected,0,,24,Not Funded,N/A,0,0
LN104257,22-08-2024,25,Female,East,52600,7,RENT,High School,Home Improvement,648,2,35400,Rejected,0,,24,Not Funded,N/A,0,0
LN104258,07-08-2024,57,Female,West,75100,25,MORTGAGE,Bachelor's,Home Improvement,697,0,22300,Approved,19400,10.78,48,Current,Good Loan,5076.52,273.62
LN104259,19-11-2024,51,Female,South,103600,9,OWN,High School,Debt Consolidation,769,1,14100,Approved,13510,7.16,60,Fully Paid,Good Loan,13510,483.66
LN104260,14-02-2022,48,Male,Central,32500,33,MORTGAGE,Bachelor's,Business,314,0,27200,Rejected,0,,24,Not Funded,N/A,0,0
LN104261,16-04-2023,48,Female,Central,48800,11,RENT,Bachelor's,Business,848,0,24900,Approved,21700,4,48,Fully Paid,Good Loan,21700,434
LN104262,03-02-2022,50,Male,North,41300,19,RENT,High School,Personal,437,0,22900,Rejected,0,,12,Not Funded,N/A,0,0
LN104263,15-10-2023,38,Male,South,34400,28,RENT,High School,Home Improvement,564,0,16300,Approved,15070,13.12,24,Current,Good Loan,10532.79,690.95
LN104264,09-04-2024,64,Male,West,33600,13,OWN,High School,Home Improvement,380,0,3800,Approved,3570,17.83,48,Current,Good Loan,933.6,83.23
LN104265,09-08-2022,47,Male,Central,54800,4,RENT,Bachelor's,Debt Consolidation,602,0,25200,Approved,24960,12.58,60,Fully Paid,Good Loan,24960,1569.98
LN104266,18-06-2023,55,Female,West,33400,26,MORTGAGE,High School,Business,573,0,17400,Rejected,0,,36,Not Funded,N/A,0,0
LN104267,23-11-2023,46,Male,South,32900,3,RENT,High School,Car,412,0,17700,Rejected,0,,24,Not Funded,N/A,0,0
LN104268,20-07-2024,59,Male,North,50000,28,RENT,High School,Debt Consolidation,708,0,10100,Approved,9890,8.15,48,Current,Good Loan,6358.33,259.1
LN104269,20-04-2024,38,Male,South,34900,2,MORTGAGE,Bachelor's,Debt Consolidation,664,0,10700,Approved,9300,9.26,36,Fully Paid,Good Loan,9300,430.59
LN104270,07-10-2024,53,Male,East,68100,32,RENT,Bachelor's,Education,540,1,31700,Approved,30060,13.28,60,Charged Off,Bad Loan,10107.77,671.16
LN104271,05-08-2023,45,Male,South,43700,29,RENT,Bachelor's,Debt Consolidation,388,0,19700,Rejected,0,,24,Not Funded,N/A,0,0
LN104272,27-08-2022,51,Male,East,31600,8,OWN,Bachelor's,Home Improvement,571,0,5300,Rejected,0,,48,Not Funded,N/A,0,0
LN104273,17-03-2023,57,Male,North,154300,0,RENT,Bachelor's,Education,554,0,2800,Approved,2590,12.82,36,Charged Off,Bad Loan,197.88,12.68
LN104274,28-05-2022,22,Male,South,20700,22,MORTGAGE,Master's,Home Improvement,788,1,9800,Rejected,0,,12,Not Funded,N/A,0,0
LN104275,29-10-2024,53,Female,North,79600,2,RENT,High School,Debt Consolidation,544,1,20000,Rejected,0,,12,Not Funded,N/A,0,0
LN104276,23-01-2023,59,Male,North,63300,31,OWN,Bachelor's,Medical,398,1,25100,Rejected,0,,48,Not Funded,N/A,0,0
LN104277,09-12-2024,63,Female,Central,43600,23,MORTGAGE,Bachelor's,Home Improvement,372,0,6600,Rejected,0,,36,Not Funded,N/A,0,0
LN104278,04-07-2024,63,Male,North,36000,5,RENT,Bachelor's,Debt Consolidation,587,0,17900,Approved,17520,11.97,12,Fully Paid,Good Loan,17520,1048.57
LN104279,30-09-2023,52,Female,East,117900,12,OWN,Bachelor's,Home Improvement,510,2,3800,Rejected,0,,24,Not Funded,N/A,0,0
LN104280,05-10-2022,38,Male,North,140900,14,RENT,PhD,Debt Consolidation,833,0,2500,Approved,2320,4,48,Fully Paid,Good Loan,2320,46.4
LN104281,15-09-2024,37,Male,South,47500,29,RENT,Master's,Education,382,0,34700,Rejected,0,,60,Not Funded,N/A,0,0
LN104282,12-08-2023,54,Male,South,44500,11,MORTGAGE,Bachelor's,Medical,541,0,26700,Rejected,0,,24,Not Funded,N/A,0,0
LN104283,11-10-2023,59,Male,North,90000,34,MORTGAGE,Bachelor's,Debt Consolidation,311,2,31500,Rejected,0,,48,Not Funded,N/A,0,0
LN104284,10-09-2023,27,Female,North,48500,27,MORTGAGE,Master's,Education,816,0,8100,Approved,6900,5.71,12,Fully Paid,Good Loan,6900,197
LN104285,15-05-2022,62,Male,Central,70400,3,MORTGAGE,Bachelor's,Debt Consolidation,415,1,13600,Rejected,0,,60,Not Funded,N/A,0,0
LN104286,03-08-2023,55,Male,North,69600,6,MORTGAGE,PhD,Education,646,0,18300,Approved,16890,11.92,24,Charged Off,Bad Loan,597.52,35.61
LN104287,05-05-2023,50,Female,North,55100,15,OWN,Bachelor's,Medical,319,0,26700,Rejected,0,,36,Not Funded,N/A,0,0
LN104288,23-04-2023,32,Female,West,58400,21,MORTGAGE,High School,Debt Consolidation,435,0,21900,Rejected,0,,60,Not Funded,N/A,0,0
LN104289,19-01-2023,55,Male,South,64000,24,MORTGAGE,Bachelor's,Debt Consolidation,745,0,22500,Approved,19830,6.94,12,Fully Paid,Good Loan,19830,688.1
LN104290,12-06-2022,31,Male,West,33200,2,RENT,Bachelor's,Car,737,0,7100,Approved,6720,6.29,60,Fully Paid,Good Loan,6720,211.34
LN104291,17-03-2023,64,Male,North,39900,21,MORTGAGE,Master's,Medical,472,0,19500,Rejected,0,,12,Not Funded,N/A,0,0
LN104292,19-02-2023,24,Female,South,60000,30,MORTGAGE,Master's,Car,816,0,33100,Approved,29650,6.59,48,Fully Paid,Good Loan,29650,976.97
LN104293,15-10-2022,45,Female,East,44200,21,OWN,PhD,Home Improvement,458,2,20900,Rejected,0,,24,Not Funded,N/A,0,0
LN104294,06-07-2022,52,Female,Central,189100,26,RENT,Bachelor's,Business,704,0,8800,Approved,7620,10.14,48,Fully Paid,Good Loan,7620,386.33
LN104295,10-05-2022,40,Female,North,57500,1,MORTGAGE,High School,Home Improvement,811,0,17100,Approved,15740,5.86,60,Current,Good Loan,5489.04,160.83
LN104296,13-07-2022,51,Male,South,24800,21,OWN,Bachelor's,Business,303,0,30400,Rejected,0,,48,Not Funded,N/A,0,0
LN104297,12-11-2022,24,Male,North,15300,16,MORTGAGE,High School,Education,403,1,6300,Rejected,0,,24,Not Funded,N/A,0,0
LN104298,24-05-2022,58,Male,North,78400,19,MORTGAGE,PhD,Car,672,0,23600,Approved,21170,9.33,60,Fully Paid,Good Loan,21170,987.58
LN104299,16-01-2022,21,Female,Central,57700,23,OWN,Master's,Debt Consolidation,581,0,38600,Approved,36050,12.21,48,Fully Paid,Good Loan,36050,2200.85
LN104300,27-02-2023,23,Female,North,103600,30,MORTGAGE,PhD,Home Improvement,582,0,15800,Approved,14210,12.17,48,Current,Good Loan,7949.83,483.75
LN104301,02-09-2022,57,Male,Central,40500,7,MORTGAGE,Bachelor's,Business,776,0,2700,Approved,2340,6.03,48,Current,Good Loan,1434.25,43.24
LN104302,15-07-2024,42,Male,North,51300,4,RENT,High School,Business,534,0,25700,Rejected,0,,36,Not Funded,N/A,0,0
LN104303,09-05-2022,37,Female,Central,61400,1,MORTGAGE,Bachelor's,Business,477,0,2800,Approved,2430,12.35,60,Fully Paid,Good Loan,2430,150.05
LN104304,25-06-2024,34,Male,East,50500,3,RENT,High School,Car,637,1,8500,Rejected,0,,24,Not Funded,N/A,0,0
LN104305,05-06-2024,61,Female,Central,48700,34,RENT,Bachelor's,Car,801,0,2900,Approved,2570,6.36,60,Fully Paid,Good Loan,2570,81.73
LN104306,07-12-2022,55,Male,North,75100,33,MORTGAGE,Bachelor's,Debt Consolidation,521,0,7700,Approved,7160,13.54,60,Current,Good Loan,2304.63,156.02
LN104307,04-01-2022,33,Male,West,37200,2,RENT,Master's,Medical,755,0,34300,Approved,31360,6.64,48,Fully Paid,Good Loan,31360,1041.15
LN104308,02-11-2022,55,Male,West,68900,19,OWN,High School,Business,658,0,29700,Approved,27780,10.35,12,Fully Paid,Good Loan,27780,1437.62
LN104309,26-06-2024,63,Female,East,123400,8,MORTGAGE,Master's,Home Improvement,709,1,14300,Approved,13220,8.65,48,Current,Good Loan,4401.5,190.36
LN104310,30-08-2023,22,Male,West,114100,5,MORTGAGE,Bachelor's,Debt Consolidation,761,0,36000,Approved,34530,9.5,12,Current,Good Loan,22030.58,1046.45
LN104311,18-09-2024,33,Male,East,24000,4,RENT,PhD,Debt Consolidation,490,0,26900,Rejected,0,,36,Not Funded,N/A,0,0
LN104312,17-11-2022,36,Female,Central,43500,34,RENT,High School,Personal,444,0,18500,Rejected,0,,36,Not Funded,N/A,0,0
LN104313,13-07-2023,38,Female,South,61700,30,RENT,High School,Education,643,0,3700,Approved,3250,11.56,12,Current,Good Loan,821.59,47.49
LN104314,10-09-2023,27,Female,East,96300,12,RENT,Master's,Business,456,0,29500,Rejected,0,,48,Not Funded,N/A,0,0
LN104315,12-12-2023,56,Male,Central,59500,25,OWN,Bachelor's,Medical,607,1,15600,Rejected,0,,48,Not Funded,N/A,0,0
LN104316,15-06-2023,61,Female,North,96400,21,MORTGAGE,Bachelor's,Debt Consolidation,427,0,12800,Approved,11580,17.17,60,Fully Paid,Good Loan,11580,994.14
LN104317,14-02-2023,50,Male,East,40100,31,OWN,Master's,Education,323,0,12200,Rejected,0,,60,Not Funded,N/A,0,0
LN104318,28-03-2024,62,Male,Central,62800,14,MORTGAGE,Bachelor's,Education,424,0,1300,Rejected,0,,36,Not Funded,N/A,0,0
LN104319,08-05-2023,61,Male,East,63600,10,MORTGAGE,High School,Business,474,0,30000,Rejected,0,,60,Not Funded,N/A,0,0
LN104320,12-01-2022,27,Male,South,97800,15,MORTGAGE,High School,Debt Consolidation,400,1,6700,Rejected,0,,60,Not Funded,N/A,0,0
LN104321,14-07-2022,35,Female,South,81500,5,RENT,Bachelor's,Personal,350,0,21300,Rejected,0,,60,Not Funded,N/A,0,0
LN104322,05-05-2023,60,Male,Central,73900,10,MORTGAGE,Bachelor's,Home Improvement,557,0,1600,Approved,1560,14.02,36,Charged Off,Bad Loan,614.5,43.08
LN104323,05-03-2024,39,Male,Central,79400,9,RENT,High School,Debt Consolidation,467,1,25500,Rejected,0,,60,Not Funded,N/A,0,0
LN104324,30-05-2024,63,Female,Central,31400,15,MORTGAGE,Bachelor's,Education,404,0,15400,Rejected,0,,12,Not Funded,N/A,0,0
LN104325,01-07-2022,57,Female,West,50200,11,RENT,Bachelor's,Business,334,0,25600,Rejected,0,,24,Not Funded,N/A,0,0
LN104326,19-08-2024,22,Female,East,34500,6,MORTGAGE,Master's,Medical,727,0,4500,Approved,4320,7.26,24,Current,Good Loan,2948.13,107.02
LN104327,18-10-2023,62,Male,North,40400,26,RENT,High School,Medical,638,1,11400,Rejected,0,,60,Not Funded,N/A,0,0
LN104328,25-11-2023,33,Female,North,50100,23,RENT,Master's,Education,452,0,5300,Rejected,0,,60,Not Funded,N/A,0,0
LN104329,30-01-2022,60,Male,North,19600,14,MORTGAGE,Master's,Debt Consolidation,805,0,26200,Approved,25400,4.94,60,Current,Good Loan,20915.51,516.61
LN104330,17-02-2024,61,Female,North,50900,5,RENT,Bachelor's,Car,379,0,5200,Rejected,0,,12,Not Funded,N/A,0,0
LN104331,20-03-2023,63,Male,Central,38100,18,RENT,Bachelor's,Debt Consolidation,330,1,25100,Rejected,0,,36,Not Funded,N/A,0,0
LN104332,25-10-2022,63,Female,West,33700,7,RENT,High School,Debt Consolidation,524,0,6300,Rejected,0,,24,Not Funded,N/A,0,0
LN104333,18-03-2024,51,Male,East,56600,12,RENT,High School,Home Improvement,508,0,37800,Approved,35740,14.47,48,Fully Paid,Good Loan,35740,2585.79
LN104334,24-04-2024,36,Male,Central,45500,32,OWN,Bachelor's,Business,479,0,17200,Rejected,0,,60,Not Funded,N/A,0,0
LN104335,12-10-2024,62,Male,Central,63200,31,MORTGAGE,High School,Debt Consolidation,718,0,5900,Approved,5590,6.32,48,Fully Paid,Good Loan,5590,176.64
LN104336,08-07-2023,64,Male,West,40500,27,OWN,Master's,Home Improvement,796,0,2600,Approved,2490,8.61,12,Fully Paid,Good Loan,2490,107.19
LN104337,30-10-2022,26,Male,South,50100,9,RENT,PhD,Business,604,1,13800,Rejected,0,,36,Not Funded,N/A,0,0
LN104338,25-02-2023,48,Female,North,163800,32,RENT,High School,Home Improvement,613,1,35800,Approved,35020,11.22,48,Charged Off,Bad Loan,3158.29,177.18
LN104339,04-07-2022,52,Male,East,71700,0,MORTGAGE,Bachelor's,Debt Consolidation,633,0,6600,Approved,5960,10.48,60,Fully Paid,Good Loan,5960,312.3
LN104340,13-04-2023,64,Female,North,37000,20,RENT,Master's,Debt Consolidation,363,0,31800,Rejected,0,,60,Not Funded,N/A,0,0
LN104341,24-01-2024,30,Male,South,94600,4,RENT,Bachelor's,Medical,607,0,17300,Approved,16730,11.82,12,Current,Good Loan,10273.28,607.15
LN104342,29-12-2022,38,Male,Central,108700,0,MORTGAGE,Bachelor's,Personal,339,1,32300,Rejected,0,,60,Not Funded,N/A,0,0
LN104343,02-12-2022,24,Female,South,70900,20,MORTGAGE,Bachelor's,Debt Consolidation,542,0,35100,Rejected,0,,48,Not Funded,N/A,0,0
LN104344,11-06-2022,29,Female,North,38100,24,RENT,High School,Education,660,2,39900,Rejected,0,,36,Not Funded,N/A,0,0
LN104345,12-01-2022,27,Male,East,86200,19,RENT,PhD,Personal,544,0,3700,Rejected,0,,60,Not Funded,N/A,0,0
LN104346,11-08-2023,28,Male,East,41800,8,MORTGAGE,Master's,Debt Consolidation,444,0,32100,Rejected,0,,60,Not Funded,N/A,0,0
LN104347,20-07-2022,63,Female,North,99500,15,RENT,High School,Car,329,0,3700,Approved,3590,19.14,48,Current,Good Loan,2405.31,230.19
LN104348,06-06-2023,27,Male,North,48600,27,OWN,High School,Personal,727,0,13300,Rejected,0,,36,Not Funded,N/A,0,0
LN104349,20-05-2023,61,Male,Central,47800,23,OWN,Master's,Debt Consolidation,681,0,26200,Approved,23660,11.25,48,Charged Off,Bad Loan,8824.24,496.36
LN104350,27-02-2024,60,Female,South,68600,15,OWN,Bachelor's,Debt Consolidation,752,0,18400,Approved,17800,8.07,12,Fully Paid,Good Loan,17800,718.23
LN104351,28-11-2024,23,Male,West,102200,13,RENT,High School,Personal,480,1,23000,Rejected,0,,60,Not Funded,N/A,0,0
LN104352,01-03-2022,37,Male,East,157300,33,RENT,High School,Home Improvement,797,0,38700,Approved,34250,4,24,Current,Good Loan,28656.58,573.13
LN104353,01-08-2023,22,Female,South,54800,23,OWN,High School,Debt Consolidation,497,0,32900,Rejected,0,,12,Not Funded,N/A,0,0
LN104354,17-11-2022,35,Female,South,45100,10,RENT,PhD,Business,642,1,15200,Approved,13090,11.52,24,Fully Paid,Good Loan,13090,753.98
LN104355,11-07-2024,49,Male,West,37400,0,RENT,Bachelor's,Debt Consolidation,332,0,24400,Rejected,0,,48,Not Funded,N/A,0,0
LN104356,23-07-2023,42,Male,Central,27800,11,RENT,Bachelor's,Personal,633,0,2900,Approved,2870,10.68,24,Fully Paid,Good Loan,2870,153.26
LN104357,11-06-2023,24,Male,South,34500,20,RENT,PhD,Debt Consolidation,533,0,18700,Rejected,0,,36,Not Funded,N/A,0,0
LN104358,08-06-2023,26,Female,North,60200,8,MORTGAGE,Bachelor's,Home Improvement,847,1,24700,Approved,23760,5.63,60,Fully Paid,Good Loan,23760,668.84
LN104359,05-09-2023,58,Female,North,87100,2,OWN,Bachelor's,Medical,829,0,28900,Approved,28320,4,36,Charged Off,Bad Loan,275.24,5.5
LN104360,05-05-2022,46,Male,West,36100,15,MORTGAGE,PhD,Car,727,0,36200,Approved,35530,9.7,36,Current,Good Loan,24067.81,1167.29
LN104361,20-05-2024,31,Male,South,77200,3,MORTGAGE,High School,Personal,565,0,12000,Approved,10950,12.58,48,Current,Good Loan,9641.61,606.46
LN104362,07-10-2022,46,Male,North,36800,25,RENT,PhD,Business,594,0,36200,Rejected,0,,36,Not Funded,N/A,0,0
LN104363,05-07-2024,37,Male,South,38800,12,MORTGAGE,High School,Personal,739,0,26800,Approved,24080,7.28,24,Current,Good Loan,12915.18,470.11
LN104364,14-09-2023,44,Female,East,33500,19,RENT,Bachelor's,Business,631,2,4000,Rejected,0,,12,Not Funded,N/A,0,0
LN104365,25-04-2024,48,Male,Central,98600,18,RENT,Bachelor's,Medical,450,0,15800,Approved,13930,16.34,12,Fully Paid,Good Loan,13930,1138.08
LN104366,05-11-2023,55,Male,East,111600,26,RENT,PhD,Home Improvement,600,0,19600,Rejected,0,,12,Not Funded,N/A,0,0
LN104367,10-11-2022,51,Male,North,39000,1,MORTGAGE,Bachelor's,Personal,644,0,14700,Approved,13390,9.8,24,Fully Paid,Good Loan,13390,656.11
LN104368,28-11-2022,33,Male,North,37600,9,RENT,High School,Education,610,0,5500,Approved,4820,13.25,60,Fully Paid,Good Loan,4820,319.32
LN104369,05-02-2022,55,Male,South,71700,24,OWN,High School,Debt Consolidation,482,2,22500,Rejected,0,,24,Not Funded,N/A,0,0
LN104370,11-11-2024,36,Male,North,117900,18,OWN,Bachelor's,Debt Consolidation,446,0,6100,Approved,5960,15.62,12,Charged Off,Bad Loan,1586.03,123.87
LN104371,25-07-2022,35,Female,West,112000,14,RENT,Bachelor's,Car,449,0,36700,Rejected,0,,60,Not Funded,N/A,0,0
LN104372,01-10-2023,63,Female,South,45600,23,RENT,Bachelor's,Car,566,0,34700,Approved,32940,11.68,48,Current,Good Loan,22992.14,1342.74
LN104373,27-04-2024,38,Female,South,49900,15,MORTGAGE,Master's,Home Improvement,789,0,19500,Approved,18950,5.67,24,Charged Off,Bad Loan,4731,134.12
LN104374,16-03-2023,57,Male,East,31100,16,OWN,Master's,Business,430,0,3600,Rejected,0,,36,Not Funded,N/A,0,0
LN104375,30-12-2023,61,Female,West,45300,15,OWN,Bachelor's,Car,446,0,22500,Rejected,0,,36,Not Funded,N/A,0,0
LN104376,29-07-2024,47,Female,East,56600,17,RENT,Bachelor's,Debt Consolidation,674,0,24100,Approved,21190,9.42,36,Fully Paid,Good Loan,21190,998.05
LN104377,13-06-2022,55,Male,West,29500,3,RENT,High School,Debt Consolidation,784,0,35600,Approved,32110,6.84,24,Fully Paid,Good Loan,32110,1098.16
LN104378,28-05-2022,55,Male,East,42400,1,RENT,PhD,Medical,803,1,3600,Approved,3230,5.41,48,Fully Paid,Good Loan,3230,87.37
LN104379,21-10-2022,48,Male,West,59900,30,RENT,High School,Debt Consolidation,803,0,28000,Approved,24240,6.17,60,Current,Good Loan,16737.74,516.36
LN104380,14-07-2022,59,Male,West,27300,1,RENT,Bachelor's,Home Improvement,518,1,22900,Rejected,0,,24,Not Funded,N/A,0,0
LN104381,25-10-2023,58,Female,North,66900,1,MORTGAGE,Bachelor's,Debt Consolidation,794,0,7800,Approved,7750,8.8,24,Current,Good Loan,3323.94,146.25
LN104382,25-04-2023,29,Male,North,85700,14,RENT,Master's,Medical,845,0,5700,Approved,5360,6.54,24,Current,Good Loan,4153.26,135.81
LN104383,03-05-2022,32,Male,Central,70000,28,OWN,Bachelor's,Debt Consolidation,310,0,28100,Rejected,0,,60,Not Funded,N/A,0,0
LN104384,30-11-2023,35,Male,Central,43300,33,RENT,Master's,Debt Consolidation,560,0,14300,Rejected,0,,48,Not Funded,N/A,0,0
LN104385,22-08-2024,41,Male,West,91800,31,RENT,High School,Debt Consolidation,370,0,40000,Rejected,0,,24,Not Funded,N/A,0,0
LN104386,23-10-2023,55,Male,West,101100,20,RENT,Bachelor's,Home Improvement,463,1,35900,Rejected,0,,12,Not Funded,N/A,0,0
LN104387,11-12-2023,62,Male,South,62500,29,RENT,Bachelor's,Debt Consolidation,560,0,23100,Rejected,0,,60,Not Funded,N/A,0,0
LN104388,31-01-2023,53,Male,East,57900,23,MORTGAGE,Master's,Debt Consolidation,710,0,26000,Approved,25740,8.29,48,Charged Off,Bad Loan,4969.93,206
LN104389,30-06-2024,39,Female,Central,41000,13,RENT,Bachelor's,Home Improvement,715,0,7200,Approved,6750,9.01,12,Current,Good Loan,5750.98,259.08
LN104390,01-10-2024,43,Female,Central,45100,27,OWN,Bachelor's,Debt Consolidation,644,0,35900,Approved,33820,11.39,24,Charged Off,Bad Loan,5845.37,332.89
LN104391,13-11-2022,33,Female,South,87800,13,OWN,High School,Debt Consolidation,533,0,18900,Approved,18530,15.09,12,Charged Off,Bad Loan,2746.07,207.19
LN104392,12-11-2023,64,Female,South,124500,33,OWN,Bachelor's,Business,314,0,21300,Rejected,0,,36,Not Funded,N/A,0,0
LN104393,10-05-2023,21,Female,East,44900,13,MORTGAGE,High School,Personal,653,0,35100,Rejected,0,,48,Not Funded,N/A,0,0
LN104394,10-07-2023,49,Female,South,50200,24,MORTGAGE,High School,Education,782,0,1200,Approved,1070,5.88,48,Current,Good Loan,704.09,20.7
LN104395,02-09-2023,44,Female,South,40500,11,RENT,High School,Medical,737,1,20300,Approved,19830,9.53,36,Charged Off,Bad Loan,2437.47,116.15
LN104396,19-04-2022,36,Female,East,44600,19,MORTGAGE,Bachelor's,Personal,319,0,25400,Rejected,0,,12,Not Funded,N/A,0,0
LN104397,07-01-2023,45,Male,North,30800,6,OWN,High School,Debt Consolidation,771,0,7200,Approved,6510,6.64,48,Fully Paid,Good Loan,6510,216.13
LN104398,04-05-2024,43,Male,West,65700,14,RENT,High School,Business,461,0,3700,Approved,3640,16.63,24,Fully Paid,Good Loan,3640,302.67
LN104399,08-09-2023,48,Female,West,30600,8,MORTGAGE,High School,Business,333,0,21900,Rejected,0,,36,Not Funded,N/A,0,0
LN104400,07-02-2024,36,Male,West,42300,3,OWN,Bachelor's,Home Improvement,414,0,22400,Approved,19230,18.25,48,Charged Off,Bad Loan,4744.99,432.98
LN104401,25-07-2022,63,Male,West,52700,30,OWN,Bachelor's,Education,729,0,13900,Approved,13740,8.01,48,Fully Paid,Good Loan,13740,550.29
LN104402,26-04-2024,58,Male,East,30000,22,RENT,Master's,Education,320,0,35400,Rejected,0,,60,Not Funded,N/A,0,0
LN104403,12-02-2022,31,Male,West,38200,5,RENT,Bachelor's,Car,466,1,12700,Rejected,0,,12,Not Funded,N/A,0,0
LN104404,14-05-2024,23,Female,East,32600,27,RENT,High School,Car,595,0,21100,Rejected,0,,36,Not Funded,N/A,0,0
LN104405,24-02-2024,35,Male,Central,88900,11,MORTGAGE,Bachelor's,Debt Consolidation,471,0,8300,Approved,8200,17.33,48,Fully Paid,Good Loan,8200,710.53
LN104406,21-04-2023,21,Male,North,102900,21,RENT,High School,Debt Consolidation,463,1,1400,Rejected,0,,36,Not Funded,N/A,0,0
LN104407,24-03-2022,27,Male,Central,38000,23,RENT,Master's,Debt Consolidation,516,2,17600,Rejected,0,,24,Not Funded,N/A,0,0
LN104408,09-07-2022,21,Female,South,187900,33,RENT,Bachelor's,Debt Consolidation,498,0,21600,Approved,20410,14.01,60,Current,Good Loan,7644.51,535.5
LN104409,10-03-2024,52,Female,North,35600,18,RENT,Bachelor's,Business,349,0,30800,Rejected,0,,12,Not Funded,N/A,0,0
LN104410,24-07-2024,29,Female,South,44800,23,RENT,Bachelor's,Home Improvement,797,0,18500,Approved,17810,6.39,12,Fully Paid,Good Loan,17810,569.03
LN104411,08-09-2022,49,Female,East,67600,19,MORTGAGE,PhD,Personal,741,0,11900,Approved,10850,7.58,24,Fully Paid,Good Loan,10850,411.22
LN104412,18-10-2022,46,Male,South,70600,33,OWN,High School,Debt Consolidation,629,0,24600,Approved,21100,11.98,48,Current,Good Loan,14097.2,844.42
LN104413,22-11-2022,43,Male,East,46900,26,RENT,Master's,Debt Consolidation,629,2,15900,Rejected,0,,60,Not Funded,N/A,0,0
LN104414,16-04-2024,63,Male,West,88600,28,MORTGAGE,Bachelor's,Car,593,0,10100,Approved,9450,12.05,12,Fully Paid,Good Loan,9450,569.36
LN104415,23-05-2023,49,Female,South,92900,0,MORTGAGE,PhD,Business,579,0,36500,Approved,35260,14.59,36,Charged Off,Bad Loan,1316.21,96.02
LN104416,01-01-2024,58,Female,East,54000,6,RENT,Bachelor's,Business,663,0,21900,Approved,20830,11.35,24,Fully Paid,Good Loan,20830,1182.1
LN104417,13-03-2022,53,Male,South,50600,19,MORTGAGE,Bachelor's,Business,472,0,8800,Rejected,0,,12,Not Funded,N/A,0,0
LN104418,03-10-2023,27,Male,East,41200,19,RENT,Bachelor's,Debt Consolidation,453,0,27200,Rejected,0,,48,Not Funded,N/A,0,0
LN104419,28-07-2024,32,Male,West,33900,24,MORTGAGE,Master's,Medical,791,2,32300,Approved,27530,5.84,60,Charged Off,Bad Loan,422.67,12.34
LN104420,31-08-2023,51,Female,South,37800,20,MORTGAGE,Bachelor's,Business,566,0,30600,Rejected,0,,12,Not Funded,N/A,0,0
LN104421,20-07-2023,52,Male,Central,69200,8,MORTGAGE,Bachelor's,Debt Consolidation,717,1,24400,Approved,23590,7.71,48,Fully Paid,Good Loan,23590,909.39
LN104422,23-02-2022,40,Male,East,54200,26,RENT,Bachelor's,Debt Consolidation,571,0,21300,Approved,20540,11.99,48,Charged Off,Bad Loan,5214.02,312.58
LN104423,12-06-2023,37,Male,West,48500,27,MORTGAGE,Bachelor's,Car,742,0,31300,Approved,30770,7.69,24,Fully Paid,Good Loan,30770,1183.11
LN104424,03-09-2023,56,Female,West,41900,24,MORTGAGE,Master's,Home Improvement,812,1,28600,Approved,26930,7.51,48,Fully Paid,Good Loan,26930,1011.22
LN104425,12-07-2022,23,Female,Central,42300,33,MORTGAGE,High School,Medical,711,0,23300,Approved,23100,9.92,24,Fully Paid,Good Loan,23100,1145.76
LN104426,27-02-2022,21,Male,North,53100,1,MORTGAGE,High School,Education,314,0,26700,Rejected,0,,36,Not Funded,N/A,0,0
LN104427,09-05-2022,47,Female,South,51200,8,MORTGAGE,Bachelor's,Home Improvement,379,0,7600,Rejected,0,,24,Not Funded,N/A,0,0
LN104428,07-12-2023,60,Male,East,54200,18,RENT,Bachelor's,Debt Consolidation,843,0,1800,Approved,1580,7.31,12,Current,Good Loan,672.25,24.57
LN104429,01-05-2024,53,Female,Central,44400,14,RENT,Bachelor's,Car,850,0,37300,Approved,36060,5.53,24,Fully Paid,Good Loan,36060,997.06
LN104430,08-01-2022,40,Male,North,40100,20,MORTGAGE,Bachelor's,Education,539,0,37500,Approved,35770,12.38,60,Fully Paid,Good Loan,35770,2214.16
LN104431,29-01-2022,34,Female,Central,54400,15,MORTGAGE,Master's,Home Improvement,388,1,31700,Rejected,0,,36,Not Funded,N/A,0,0
LN104432,04-08-2024,56,Male,North,72600,1,RENT,High School,Business,553,0,15500,Approved,13380,11.97,24,Current,Good Loan,6732.13,402.92
LN104433,11-05-2022,25,Male,North,43100,25,RENT,Bachelor's,Education,438,0,6900,Rejected,0,,36,Not Funded,N/A,0,0
LN104434,07-07-2022,43,Female,North,18500,28,RENT,Master's,Debt Consolidation,589,0,14900,Rejected,0,,24,Not Funded,N/A,0,0
LN104435,10-12-2023,35,Male,East,29300,32,MORTGAGE,Bachelor's,Education,605,0,29300,Approved,26560,12.05,48,Current,Good Loan,16498.88,994.06
LN104436,31-07-2022,26,Male,Central,87900,33,MORTGAGE,Bachelor's,Education,471,0,14100,Rejected,0,,48,Not Funded,N/A,0,0
LN104437,03-10-2022,53,Male,South,84700,26,MORTGAGE,High School,Debt Consolidation,825,0,32000,Approved,31330,6,12,Current,Good Loan,13678.44,410.35
LN104438,31-08-2022,39,Male,East,72500,6,RENT,Master's,Medical,627,0,27200,Rejected,0,,48,Not Funded,N/A,0,0
LN104439,13-09-2024,33,Male,North,68200,14,RENT,Master's,Car,452,0,25600,Rejected,0,,60,Not Funded,N/A,0,0
LN104440,16-11-2023,49,Male,East,85600,16,MORTGAGE,Bachelor's,Debt Consolidation,477,0,37300,Approved,35110,16.06,48,Fully Paid,Good Loan,35110,2819.33
LN104441,20-06-2022,26,Female,North,46400,8,RENT,High School,Debt Consolidation,715,0,35800,Approved,33630,9.49,60,Fully Paid,Good Loan,33630,1595.74
LN104442,15-10-2023,35,Female,East,57700,12,RENT,Bachelor's,Education,610,0,28800,Approved,28330,11.77,24,Fully Paid,Good Loan,28330,1667.22
LN104443,07-07-2022,36,Male,West,38300,31,MORTGAGE,Bachelor's,Debt Consolidation,543,0,8800,Rejected,0,,24,Not Funded,N/A,0,0
LN104444,21-02-2022,44,Female,East,50100,1,OWN,Master's,Car,708,0,37600,Approved,32310,11.01,60,Fully Paid,Good Loan,32310,1778.67
LN104445,21-04-2022,43,Female,North,127200,31,RENT,High School,Business,519,0,9900,Approved,9110,13.46,12,Fully Paid,Good Loan,9110,613.1
LN104446,26-05-2024,30,Male,North,37300,19,OWN,High School,Personal,735,1,15500,Rejected,0,,48,Not Funded,N/A,0,0
LN104447,02-12-2024,61,Male,West,32100,18,RENT,High School,Education,483,2,33200,Rejected,0,,60,Not Funded,N/A,0,0
LN104448,30-07-2022,61,Female,West,49700,26,RENT,Bachelor's,Debt Consolidation,423,0,9100,Rejected,0,,48,Not Funded,N/A,0,0
LN104449,07-05-2024,37,Female,Central,45300,29,MORTGAGE,High School,Business,537,0,25900,Approved,25060,14.14,36,Charged Off,Bad Loan,5253.85,371.45
LN104450,19-09-2023,64,Male,West,61100,10,MORTGAGE,PhD,Business,705,0,18900,Approved,18140,9.64,12,Fully Paid,Good Loan,18140,874.35
LN104451,15-11-2024,50,Male,Central,77400,15,RENT,High School,Car,497,0,25300,Rejected,0,,24,Not Funded,N/A,0,0
LN104452,26-10-2022,64,Male,South,45800,25,MORTGAGE,Bachelor's,Car,386,0,38400,Rejected,0,,60,Not Funded,N/A,0,0
LN104453,12-07-2024,30,Female,South,139800,29,RENT,Bachelor's,Education,374,0,32500,Rejected,0,,36,Not Funded,N/A,0,0
LN104454,17-05-2022,39,Male,North,94300,1,MORTGAGE,Bachelor's,Debt Consolidation,632,0,12500,Approved,10640,11.55,60,Fully Paid,Good Loan,10640,614.46
LN104455,09-11-2024,49,Female,South,38400,33,RENT,Master's,Business,730,1,3200,Rejected,0,,60,Not Funded,N/A,0,0
LN104456,16-03-2023,22,Male,West,52300,21,MORTGAGE,Bachelor's,Debt Consolidation,669,0,38700,Approved,35640,9.41,60,Charged Off,Bad Loan,11960,562.72
LN104457,30-07-2022,56,Male,West,68700,30,MORTGAGE,Bachelor's,Debt Consolidation,343,0,23800,Rejected,0,,60,Not Funded,N/A,0,0
LN104458,22-01-2024,39,Male,South,37300,20,MORTGAGE,High School,Home Improvement,596,0,7800,Rejected,0,,24,Not Funded,N/A,0,0
LN104459,11-03-2023,27,Female,East,21400,22,MORTGAGE,Master's,Debt Consolidation,765,0,25500,Rejected,0,,24,Not Funded,N/A,0,0
LN104460,19-02-2024,46,Male,West,129100,25,MORTGAGE,PhD,Car,549,0,2600,Approved,2390,12.69,24,Fully Paid,Good Loan,2390,151.65
LN104461,15-03-2023,35,Male,East,32900,17,MORTGAGE,High School,Debt Consolidation,721,0,8300,Approved,7430,7.3,12,Current,Good Loan,4340.73,158.44
LN104462,28-10-2023,58,Female,South,79500,14,OWN,Bachelor's,Education,772,0,25700,Approved,23390,9.17,24,Charged Off,Bad Loan,6410.16,293.91
LN104463,01-12-2024,23,Female,West,74300,33,MORTGAGE,Bachelor's,Business,572,0,16700,Approved,15550,13.16,48,Charged Off,Bad Loan,676.89,44.54
LN104464,15-02-2023,58,Male,North,37500,21,MORTGAGE,Bachelor's,Car,472,0,13700,Rejected,0,,24,Not Funded,N/A,0,0
LN104465,16-03-2024,36,Male,Central,130900,27,MORTGAGE,PhD,Medical,535,0,26600,Approved,23170,16.12,60,Charged Off,Bad Loan,8081.03,651.33
LN104466,02-09-2023,22,Female,Central,55800,6,MORTGAGE,High School,Medical,345,2,34800,Rejected,0,,60,Not Funded,N/A,0,0
LN104467,03-03-2023,51,Female,South,57600,23,RENT,Bachelor's,Home Improvement,691,1,27500,Rejected,0,,48,Not Funded,N/A,0,0
LN104468,20-06-2024,48,Male,South,27100,34,MORTGAGE,Bachelor's,Car,532,0,19100,Approved,18650,17.16,36,Charged Off,Bad Loan,2959.82,253.95
LN104469,30-07-2024,27,Female,West,20900,12,RENT,Bachelor's,Debt Consolidation,716,0,26700,Approved,22770,9.58,60,Current,Good Loan,9997.95,478.9
LN104470,12-01-2024,50,Male,South,48600,12,RENT,Bachelor's,Home Improvement,565,0,28100,Approved,24740,11.39,60,Fully Paid,Good Loan,24740,1408.94
LN104471,24-11-2022,63,Female,North,97100,30,MORTGAGE,Bachelor's,Personal,489,1,31200,Rejected,0,,24,Not Funded,N/A,0,0
LN104472,21-02-2022,27,Male,Central,23400,18,RENT,Bachelor's,Personal,482,1,13000,Rejected,0,,24,Not Funded,N/A,0,0
LN104473,11-01-2023,56,Male,South,57800,28,OWN,Bachelor's,Debt Consolidation,656,0,5500,Approved,4700,10.82,60,Current,Good Loan,2241.99,121.29
LN104474,20-09-2022,49,Male,North,56200,21,MORTGAGE,Bachelor's,Business,438,0,27600,Approved,25060,16.61,48,Fully Paid,Good Loan,25060,2081.23
LN104475,24-09-2022,44,Female,East,94700,20,MORTGAGE,High School,Home Improvement,846,0,5700,Approved,4970,5.87,60,Fully Paid,Good Loan,4970,145.87
LN104476,25-12-2022,59,Female,North,85600,15,RENT,Bachelor's,Medical,804,0,19000,Approved,17760,5.42,24,Charged Off,Bad Loan,464.66,12.59
LN104477,14-10-2023,24,Male,North,57700,29,MORTGAGE,Bachelor's,Medical,781,0,10000,Approved,9010,7.28,24,Current,Good Loan,5292.47,192.65
LN104478,15-02-2022,49,Male,East,51900,4,MORTGAGE,High School,Debt Consolidation,651,0,14000,Approved,12340,9.93,24,Fully Paid,Good Loan,12340,612.68
LN104479,23-08-2023,64,Male,South,39200,5,RENT,Bachelor's,Car,641,0,19400,Approved,19400,10.95,48,Charged Off,Bad Loan,176.66,9.67
LN104480,21-12-2023,25,Female,East,32400,20,OWN,Master's,Debt Consolidation,372,0,36000,Rejected,0,,60,Not Funded,N/A,0,0
LN104481,24-08-2023,49,Female,Central,40900,10,RENT,High School,Personal,462,0,27500,Rejected,0,,24,Not Funded,N/A,0,0
LN104482,16-01-2023,50,Female,Central,32900,23,MORTGAGE,Bachelor's,Personal,522,1,7700,Rejected,0,,36,Not Funded,N/A,0,0
LN104483,28-04-2022,49,Male,North,51700,27,MORTGAGE,Bachelor's,Debt Consolidation,484,0,35300,Approved,34890,15.6,24,Fully Paid,Good Loan,34890,2721.42
LN104484,26-04-2022,46,Female,North,53300,14,OWN,Bachelor's,Education,394,0,20500,Rejected,0,,12,Not Funded,N/A,0,0
LN104485,17-09-2022,39,Male,East,47900,18,MORTGAGE,High School,Debt Consolidation,608,0,9000,Approved,8970,11.08,36,Fully Paid,Good Loan,8970,496.94
LN104486,01-11-2022,46,Male,East,56900,16,MORTGAGE,PhD,Debt Consolidation,447,2,21600,Rejected,0,,24,Not Funded,N/A,0,0
LN104487,07-01-2022,57,Male,Central,44100,2,OWN,Bachelor's,Car,618,0,8400,Approved,7870,11.3,12,Charged Off,Bad Loan,2640.17,149.17
LN104488,01-01-2023,47,Male,East,79100,2,MORTGAGE,High School,Debt Consolidation,478,0,15300,Approved,14600,14.66,48,Fully Paid,Good Loan,14600,1070.18
LN104489,07-06-2023,50,Female,South,60000,27,MORTGAGE,Bachelor's,Home Improvement,590,0,32400,Approved,29290,13.3,12,Current,Good Loan,14586.14,969.98
LN104490,05-03-2023,50,Female,South,43600,30,MORTGAGE,Bachelor's,Personal,796,1,26700,Rejected,0,,60,Not Funded,N/A,0,0
LN104491,01-03-2024,23,Male,West,32100,7,MORTGAGE,Master's,Debt Consolidation,600,0,19600,Rejected,0,,60,Not Funded,N/A,0,0
LN104492,17-01-2024,63,Male,Central,52200,16,RENT,PhD,Business,460,0,9800,Rejected,0,,48,Not Funded,N/A,0,0
LN104493,02-01-2023,27,Male,South,90500,34,RENT,High School,Business,360,0,12000,Rejected,0,,48,Not Funded,N/A,0,0
LN104494,09-11-2022,29,Male,East,70600,26,MORTGAGE,Bachelor's,Medical,371,0,39200,Rejected,0,,48,Not Funded,N/A,0,0
LN104495,22-06-2023,61,Male,North,76200,32,RENT,PhD,Car,736,0,14400,Approved,13960,6.53,12,Current,Good Loan,3498.24,114.22
LN104496,09-07-2024,62,Male,East,75000,10,MORTGAGE,Bachelor's,Home Improvement,781,0,25000,Approved,21820,6.71,12,Fully Paid,Good Loan,21820,732.06
LN104497,13-12-2024,33,Female,North,93600,20,MORTGAGE,Bachelor's,Medical,414,0,20500,Rejected,0,,48,Not Funded,N/A,0,0
LN104498,14-05-2024,35,Female,Central,79900,5,RENT,Bachelor's,Personal,505,0,1900,Rejected,0,,12,Not Funded,N/A,0,0
LN104499,21-02-2024,25,Female,East,57900,20,RENT,Bachelor's,Car,633,0,37800,Approved,33620,7.26,60,Fully Paid,Good Loan,33620,1220.41
LN104500,30-11-2022,49,Female,Central,45100,27,MORTGAGE,Bachelor's,Business,605,1,4400,Approved,4260,11.87,24,Charged Off,Bad Loan,897.29,53.25
LN104501,08-03-2024,55,Female,Central,80400,16,OWN,PhD,Education,831,0,26700,Approved,25830,7.68,36,Fully Paid,Good Loan,25830,991.87
LN104502,14-12-2022,47,Male,North,18200,17,MORTGAGE,High School,Education,434,0,32600,Rejected,0,,48,Not Funded,N/A,0,0
LN104503,30-09-2022,47,Female,West,95800,10,RENT,Bachelor's,Car,450,1,30200,Rejected,0,,60,Not Funded,N/A,0,0
LN104504,20-08-2024,28,Male,Central,73900,24,MORTGAGE,Master's,Business,847,0,32600,Approved,28520,4.75,12,Current,Good Loan,9495.91,225.53
LN104505,21-12-2023,52,Female,East,113300,29,MORTGAGE,High School,Debt Consolidation,439,0,29800,Approved,28690,18.35,36,Fully Paid,Good Loan,28690,2632.31
LN104506,15-05-2023,40,Male,East,32700,24,MORTGAGE,Bachelor's,Home Improvement,706,0,18400,Approved,17980,9.68,48,Fully Paid,Good Loan,17980,870.23
LN104507,16-11-2023,30,Female,South,91400,6,RENT,Bachelor's,Medical,789,0,36000,Approved,32670,6.01,12,Fully Paid,Good Loan,32670,981.73
LN104508,20-03-2022,33,Male,West,73000,26,RENT,Bachelor's,Education,504,0,36600,Rejected,0,,12,Not Funded,N/A,0,0
LN104509,14-09-2023,49,Male,South,41200,25,RENT,High School,Medical,594,0,18000,Approved,15500,13.56,36,Fully Paid,Good Loan,15500,1050.9
LN104510,04-08-2024,55,Male,East,51000,12,RENT,High School,Business,483,0,19900,Rejected,0,,12,Not Funded,N/A,0,0
LN104511,24-12-2022,28,Male,North,49400,23,RENT,Bachelor's,Debt Consolidation,317,0,19900,Rejected,0,,36,Not Funded,N/A,0,0
LN104512,10-09-2023,49,Female,North,46000,11,MORTGAGE,Bachelor's,Debt Consolidation,682,0,11900,Approved,10420,10.82,60,Current,Good Loan,2325.31,125.8
LN104513,22-05-2023,51,Male,North,29500,13,MORTGAGE,Bachelor's,Business,841,0,5500,Approved,4750,4.83,48,Current,Good Loan,3817.35,92.19
LN104514,30-07-2023,61,Male,North,91900,8,MORTGAGE,High School,Debt Consolidation,807,0,11200,Approved,10840,4.59,12,Fully Paid,Good Loan,10840,248.78
LN104515,01-09-2022,50,Female,South,35400,30,RENT,Bachelor's,Personal,491,0,33900,Rejected,0,,24,Not Funded,N/A,0,0
LN104516,21-05-2023,42,Female,North,33800,3,MORTGAGE,PhD,Debt Consolidation,497,0,22200,Rejected,0,,36,Not Funded,N/A,0,0
LN104517,26-02-2023,41,Male,North,92900,18,MORTGAGE,Bachelor's,Business,541,2,34200,Rejected,0,,60,Not Funded,N/A,0,0
LN104518,05-08-2022,32,Male,West,28800,0,OWN,Bachelor's,Debt Consolidation,390,0,30100,Rejected,0,,24,Not Funded,N/A,0,0
LN104519,05-10-2024,31,Male,West,47300,28,RENT,High School,Debt Consolidation,301,0,14600,Rejected,0,,48,Not Funded,N/A,0,0
LN104520,26-11-2022,22,Female,West,34600,5,RENT,Bachelor's,Debt Consolidation,764,0,8200,Approved,7490,4.68,60,Current,Good Loan,3943.87,92.29
LN104521,12-10-2023,61,Female,Central,113200,0,RENT,Master's,Medical,584,0,23100,Approved,20450,12.24,36,Fully Paid,Good Loan,20450,1251.54
LN104522,26-01-2023,22,Female,North,90600,24,MORTGAGE,Bachelor's,Business,303,0,37500,Rejected,0,,60,Not Funded,N/A,0,0
LN104523,16-01-2023,54,Male,North,37400,26,OWN,Bachelor's,Debt Consolidation,537,2,33700,Rejected,0,,60,Not Funded,N/A,0,0
LN104524,12-01-2024,23,Male,South,34600,21,MORTGAGE,Bachelor's,Home Improvement,738,0,30800,Approved,28650,9.93,60,Current,Good Loan,9655.43,479.39
LN104525,30-03-2024,36,Male,Central,76500,16,MORTGAGE,High School,Education,689,0,30800,Approved,29380,8.22,48,Current,Good Loan,13755.65,565.36
LN104526,04-11-2023,24,Female,West,65800,28,MORTGAGE,Bachelor's,Education,628,0,21600,Approved,20430,9.55,24,Fully Paid,Good Loan,20430,975.53
LN104527,28-05-2023,43,Male,South,46200,2,RENT,Bachelor's,Debt Consolidation,540,0,7600,Rejected,0,,60,Not Funded,N/A,0,0
LN104528,06-08-2024,40,Male,North,44300,16,OWN,Bachelor's,Personal,794,0,12100,Approved,11490,6.72,12,Fully Paid,Good Loan,11490,386.06
LN104529,18-07-2024,45,Male,East,48800,1,RENT,Bachelor's,Debt Consolidation,360,0,23500,Rejected,0,,60,Not Funded,N/A,0,0
LN104530,01-07-2024,50,Male,South,81300,31,RENT,Bachelor's,Car,361,0,13300,Rejected,0,,60,Not Funded,N/A,0,0
LN104531,06-10-2023,38,Female,East,109800,21,OWN,High School,Debt Consolidation,751,0,31500,Approved,29740,7.06,48,Current,Good Loan,16348.72,577.11
LN104532,03-03-2023,62,Male,Central,123000,32,RENT,Master's,Business,576,0,15600,Approved,14890,14.18,48,Fully Paid,Good Loan,14890,1055.7
LN104533,17-05-2023,31,Male,East,38900,21,RENT,Bachelor's,Home Improvement,458,0,5400,Rejected,0,,48,Not Funded,N/A,0,0
LN104534,31-12-2023,49,Male,Central,55600,3,RENT,Bachelor's,Business,538,0,31500,Approved,31040,14.96,48,Current,Good Loan,23779.75,1778.73
LN104535,12-03-2022,37,Female,South,99200,12,MORTGAGE,Bachelor's,Business,342,0,28200,Rejected,0,,60,Not Funded,N/A,0,0
LN104536,23-04-2023,46,Male,East,36600,22,RENT,Master's,Debt Consolidation,712,0,10900,Approved,9960,10.05,60,Charged Off,Bad Loan,385.11,19.35
LN104537,02-04-2023,43,Male,Central,39900,12,RENT,PhD,Home Improvement,738,0,39300,Approved,38390,9.03,36,Current,Good Loan,29936.91,1351.65
LN104538,08-07-2022,40,Male,East,77500,19,MORTGAGE,Bachelor's,Debt Consolidation,613,0,16700,Rejected,0,,48,Not Funded,N/A,0,0
LN104539,18-10-2022,22,Male,East,43900,32,OWN,Bachelor's,Education,451,2,27500,Rejected,0,,36,Not Funded,N/A,0,0
LN104540,08-07-2024,44,Female,West,27900,33,RENT,Master's,Car,379,0,36500,Rejected,0,,24,Not Funded,N/A,0,0
LN104541,19-10-2022,51,Male,Central,37300,28,MORTGAGE,Bachelor's,Home Improvement,436,0,7100,Rejected,0,,48,Not Funded,N/A,0,0
LN104542,26-01-2024,47,Female,North,84600,31,MORTGAGE,Master's,Business,749,1,35300,Rejected,0,,24,Not Funded,N/A,0,0
LN104543,12-01-2023,22,Male,South,60600,10,RENT,Bachelor's,Debt Consolidation,685,0,28500,Approved,24640,9.12,12,Current,Good Loan,5829.92,265.84
LN104544,23-05-2023,34,Female,South,26800,17,RENT,High School,Home Improvement,682,0,7500,Approved,7350,8.97,60,Fully Paid,Good Loan,7350,329.65
LN104545,12-06-2023,24,Female,Central,41200,20,MORTGAGE,Master's,Debt Consolidation,464,1,26900,Rejected,0,,60,Not Funded,N/A,0,0
LN104546,13-07-2023,33,Female,Central,123000,11,MORTGAGE,Bachelor's,Debt Consolidation,601,0,35100,Approved,31700,11.48,36,Fully Paid,Good Loan,31700,1819.58
LN104547,20-11-2024,56,Female,North,52500,19,RENT,Bachelor's,Debt Consolidation,347,0,32200,Rejected,0,,60,Not Funded,N/A,0,0
LN104548,17-09-2022,55,Male,North,48600,6,RENT,Master's,Car,426,0,30700,Rejected,0,,24,Not Funded,N/A,0,0
LN104549,25-02-2023,64,Male,Central,54400,26,RENT,Master's,Personal,667,1,7300,Approved,7090,9.06,60,Current,Good Loan,5653.91,256.12
LN104550,31-10-2022,28,Male,South,59400,6,MORTGAGE,High School,Car,331,0,8400,Rejected,0,,48,Not Funded,N/A,0,0
LN104551,30-07-2024,22,Male,South,45400,1,MORTGAGE,Bachelor's,Personal,806,0,22400,Approved,20610,7.31,12,Current,Good Loan,13157.42,480.9
LN104552,28-11-2024,26,Female,North,99000,32,MORTGAGE,Bachelor's,Medical,376,2,23600,Rejected,0,,36,Not Funded,N/A,0,0
LN104553,26-06-2023,51,Male,South,43800,20,MORTGAGE,Master's,Debt Consolidation,500,2,37800,Rejected,0,,36,Not Funded,N/A,0,0
LN104554,25-12-2024,30,Female,West,84700,28,OWN,Bachelor's,Business,367,0,19300,Rejected,0,,36,Not Funded,N/A,0,0
LN104555,18-04-2022,64,Male,South,123000,31,OWN,High School,Medical,327,0,12800,Rejected,0,,48,Not Funded,N/A,0,0
LN104556,25-09-2022,41,Male,East,64200,11,MORTGAGE,High School,Business,699,0,8400,Approved,7590,8.48,60,Fully Paid,Good Loan,7590,321.82
LN104557,10-08-2022,62,Female,Central,33800,12,MORTGAGE,High School,Business,356,0,3100,Rejected,0,,48,Not Funded,N/A,0,0
LN104558,24-11-2023,30,Female,North,59000,2,RENT,High School,Business,502,0,3700,Rejected,0,,24,Not Funded,N/A,0,0
LN104559,12-09-2022,43,Female,North,42000,7,RENT,Bachelor's,Business,382,0,23400,Rejected,0,,60,Not Funded,N/A,0,0
LN104560,10-09-2022,23,Female,Central,81200,1,MORTGAGE,Bachelor's,Debt Consolidation,550,0,7900,Approved,7860,14.74,48,Current,Good Loan,3320.78,244.74
LN104561,14-09-2022,52,Female,West,59500,5,OWN,High School,Education,641,0,34200,Approved,30140,9.83,24,Current,Good Loan,20690.31,1016.93
LN104562,18-01-2023,40,Male,South,51400,14,RENT,Bachelor's,Debt Consolidation,722,1,24300,Approved,23000,7.8,24,Fully Paid,Good Loan,23000,897
LN104563,18-03-2023,30,Female,South,34400,11,MORTGAGE,Bachelor's,Debt Consolidation,738,0,34700,Approved,30880,7.59,48,Current,Good Loan,25413.58,964.45
LN104564,22-08-2023,49,Male,South,23400,31,OWN,Bachelor's,Personal,713,0,17700,Approved,16500,7.06,48,Fully Paid,Good Loan,16500,582.45
LN104565,25-01-2023,61,Male,East,37600,5,MORTGAGE,Bachelor's,Business,432,0,24200,Rejected,0,,12,Not Funded,N/A,0,0
LN104566,05-08-2023,54,Male,North,72600,26,MORTGAGE,High School,Car,728,0,21500,Approved,19730,9.08,48,Fully Paid,Good Loan,19730,895.74
LN104567,03-12-2024,57,Male,East,92300,12,RENT,Bachelor's,Medical,843,0,39500,Approved,36530,4,36,Fully Paid,Good Loan,36530,730.6
LN104568,21-08-2023,40,Male,North,47100,22,RENT,Bachelor's,Home Improvement,567,1,32100,Rejected,0,,60,Not Funded,N/A,0,0
LN104569,19-01-2022,28,Female,West,35400,9,RENT,High School,Car,406,0,24200,Rejected,0,,24,Not Funded,N/A,0,0
LN104570,30-08-2023,27,Female,South,59000,13,MORTGAGE,High School,Debt Consolidation,365,0,24700,Rejected,0,,36,Not Funded,N/A,0,0
LN104571,02-02-2022,26,Male,East,73900,2,RENT,Master's,Car,351,0,10700,Rejected,0,,36,Not Funded,N/A,0,0
LN104572,11-05-2024,31,Male,North,76900,11,RENT,Bachelor's,Education,587,0,29700,Approved,26730,11.7,24,Current,Good Loan,11272.6,659.45
LN104573,04-06-2022,64,Male,North,59100,24,MORTGAGE,PhD,Personal,531,0,39300,Approved,34450,15.32,60,Fully Paid,Good Loan,34450,2638.87
LN104574,23-06-2024,38,Male,West,137500,0,MORTGAGE,Master's,Car,462,0,6000,Rejected,0,,12,Not Funded,N/A,0,0
LN104575,09-02-2023,62,Female,West,95900,31,MORTGAGE,Bachelor's,Home Improvement,540,1,25900,Rejected,0,,12,Not Funded,N/A,0,0
LN104576,23-04-2024,49,Male,West,31200,23,OWN,Bachelor's,Car,689,0,21200,Approved,20340,8.71,36,Current,Good Loan,15979.35,695.9
LN104577,17-01-2024,45,Male,West,28000,8,RENT,High School,Business,321,2,34200,Rejected,0,,36,Not Funded,N/A,0,0
LN104578,28-09-2022,41,Female,North,32600,0,MORTGAGE,High School,Debt Consolidation,792,0,1000,Approved,910,5.88,48,Current,Good Loan,446.98,13.14
LN104579,09-02-2024,23,Female,West,91700,9,MORTGAGE,Master's,Car,820,0,6300,Approved,6220,5.3,12,Fully Paid,Good Loan,6220,164.83
LN104580,21-06-2022,38,Female,North,25100,29,RENT,Bachelor's,Personal,661,0,2400,Approved,2390,9.39,12,Fully Paid,Good Loan,2390,112.21
LN104581,01-10-2022,44,Female,North,66600,4,MORTGAGE,High School,Debt Consolidation,358,0,7400,Approved,7110,19.29,60,Current,Good Loan,2120.37,204.51
LN104582,16-09-2022,58,Male,West,50200,3,MORTGAGE,PhD,Personal,784,0,28600,Approved,27530,8.76,48,Fully Paid,Good Loan,27530,1205.81
LN104583,26-02-2023,30,Male,Central,30900,7,MORTGAGE,High School,Education,400,0,6400,Rejected,0,,24,Not Funded,N/A,0,0
LN104584,30-12-2022,47,Female,West,60600,15,RENT,Bachelor's,Debt Consolidation,639,0,25300,Approved,23730,9.5,24,Fully Paid,Good Loan,23730,1127.18
LN104585,13-01-2023,32,Female,West,50000,0,MORTGAGE,High School,Business,785,2,34900,Rejected,0,,60,Not Funded,N/A,0,0
LN104586,03-08-2023,27,Male,Central,77900,14,OWN,Bachelor's,Medical,315,0,2400,Rejected,0,,24,Not Funded,N/A,0,0
LN104587,09-06-2024,37,Male,North,26100,23,RENT,Bachelor's,Business,797,0,2000,Approved,1930,7.49,12,Fully Paid,Good Loan,1930,72.28
LN104588,23-12-2023,21,Female,Central,36200,14,RENT,Bachelor's,Medical,420,0,39600,Rejected,0,,36,Not Funded,N/A,0,0
LN104589,30-05-2024,46,Male,East,36600,5,MORTGAGE,PhD,Car,513,0,27300,Rejected,0,,48,Not Funded,N/A,0,0
LN104590,28-08-2023,35,Male,West,73000,1,RENT,Bachelor's,Car,629,0,6500,Approved,6480,10.05,24,Fully Paid,Good Loan,6480,325.62
LN104591,22-01-2022,53,Male,West,48700,4,MORTGAGE,High School,Debt Consolidation,383,0,13000,Rejected,0,,24,Not Funded,N/A,0,0
LN104592,18-01-2023,57,Male,East,92200,33,RENT,Master's,Home Improvement,480,1,39400,Rejected,0,,24,Not Funded,N/A,0,0
LN104593,14-05-2022,51,Male,West,45300,31,OWN,Bachelor's,Debt Consolidation,685,1,9900,Approved,9470,10.84,24,Fully Paid,Good Loan,9470,513.27
LN104594,14-11-2024,55,Male,South,59800,28,RENT,Bachelor's,Business,622,0,30400,Approved,26020,11.7,36,Fully Paid,Good Loan,26020,1522.17
LN104595,18-05-2023,21,Female,Central,105700,28,OWN,High School,Personal,747,1,10400,Approved,9680,9.63,36,Fully Paid,Good Loan,9680,466.09
LN104596,24-05-2022,28,Male,North,24400,23,RENT,High School,Debt Consolidation,372,0,16500,Rejected,0,,60,Not Funded,N/A,0,0
LN104597,12-08-2022,32,Male,South,54900,30,RENT,Bachelor's,Home Improvement,554,0,35300,Rejected,0,,12,Not Funded,N/A,0,0
LN104598,08-08-2022,39,Male,North,53400,23,RENT,Bachelor's,Personal,589,0,2100,Approved,2060,11.31,24,Charged Off,Bad Loan,463.39,26.2
LN104599,28-06-2022,45,Female,South,38000,14,OWN,High School,Medical,799,1,13000,Rejected,0,,60,Not Funded,N/A,0,0
LN104600,09-03-2023,52,Male,North,50300,11,MORTGAGE,High School,Debt Consolidation,301,0,20000,Approved,17130,20.63,12,Charged Off,Bad Loan,42.15,4.35
LN104601,22-09-2022,32,Male,North,62300,19,MORTGAGE,High School,Home Improvement,682,0,25400,Approved,23010,11.85,36,Fully Paid,Good Loan,23010,1363.34
LN104602,11-08-2024,33,Female,East,38700,3,RENT,High School,Personal,411,0,2100,Rejected,0,,24,Not Funded,N/A,0,0
LN104603,05-03-2023,48,Male,South,55500,12,RENT,High School,Business,503,2,17000,Rejected,0,,36,Not Funded,N/A,0,0
LN104604,20-02-2023,21,Female,North,34200,9,MORTGAGE,Bachelor's,Education,325,0,14400,Rejected,0,,24,Not Funded,N/A,0,0
LN104605,28-12-2023,26,Male,South,49400,22,MORTGAGE,Master's,Medical,407,0,2000,Rejected,0,,36,Not Funded,N/A,0,0
LN104606,16-07-2022,28,Female,Central,82300,6,RENT,Bachelor's,Education,573,2,14900,Rejected,0,,60,Not Funded,N/A,0,0
LN104607,12-12-2024,24,Female,North,84000,11,RENT,Bachelor's,Business,841,0,37300,Approved,32340,5.16,60,Current,Good Loan,10564.05,272.55
LN104608,25-04-2023,25,Female,South,91800,14,MORTGAGE,High School,Debt Consolidation,316,0,11700,Rejected,0,,36,Not Funded,N/A,0,0
LN104609,08-06-2024,45,Male,North,51800,6,RENT,High School,Medical,763,0,23800,Approved,23500,7.49,36,Fully Paid,Good Loan,23500,880.08
LN104610,13-07-2024,42,Female,North,46800,7,MORTGAGE,Bachelor's,Personal,597,0,12600,Approved,11890,10.16,48,Charged Off,Bad Loan,1433.25,72.81
LN104611,03-05-2022,48,Male,West,75500,6,RENT,Bachelor's,Personal,695,0,5200,Approved,4550,9.28,24,Current,Good Loan,1316.37,61.08
LN104612,17-02-2024,59,Female,South,91600,3,MORTGAGE,Master's,Business,326,0,12300,Rejected,0,,48,Not Funded,N/A,0,0
LN104613,14-12-2022,43,Female,South,56200,6,MORTGAGE,High School,Business,482,1,19400,Rejected,0,,36,Not Funded,N/A,0,0
LN104614,29-01-2022,24,Male,North,107000,29,MORTGAGE,Master's,Home Improvement,815,0,12600,Approved,12200,7.29,60,Current,Good Loan,7164.84,261.16
LN104615,01-09-2024,24,Female,West,74600,17,MORTGAGE,Bachelor's,Debt Consolidation,748,0,25300,Approved,23200,7.38,24,Fully Paid,Good Loan,23200,856.08
LN104616,04-02-2022,41,Male,West,41900,29,MORTGAGE,Master's,Car,631,0,38000,Approved,36940,9.81,60,Current,Good Loan,29784.44,1460.93
LN104617,15-09-2023,57,Male,North,44200,6,MORTGAGE,Bachelor's,Debt Consolidation,755,0,3700,Approved,3560,9.41,36,Charged Off,Bad Loan,329.32,15.49
LN104618,12-08-2023,61,Female,North,53200,22,MORTGAGE,Master's,Debt Consolidation,719,2,29000,Rejected,0,,48,Not Funded,N/A,0,0
LN104619,26-12-2024,22,Male,North,26700,6,MORTGAGE,Bachelor's,Medical,539,0,1000,Rejected,0,,24,Not Funded,N/A,0,0
LN104620,22-06-2024,27,Male,West,42200,28,RENT,Bachelor's,Medical,811,0,1000,Approved,980,6.26,48,Fully Paid,Good Loan,980,30.67
LN104621,04-06-2023,36,Male,North,90500,33,RENT,PhD,Education,589,0,6200,Approved,5820,10.41,24,Fully Paid,Good Loan,5820,302.93
LN104622,02-05-2022,37,Female,East,99200,17,RENT,Bachelor's,Medical,738,0,19700,Approved,18250,9.93,60,Current,Good Loan,6163.16,306
LN104623,06-12-2022,40,Male,North,61600,24,RENT,Master's,Business,822,0,2900,Approved,2560,6.24,12,Current,Good Loan,1491.02,46.52
LN104624,24-06-2022,43,Male,North,66500,26,MORTGAGE,High School,Debt Consolidation,558,0,29200,Approved,28470,13.83,24,Current,Good Loan,19330.5,1336.7
LN104625,20-08-2023,54,Female,North,47100,26,MORTGAGE,High School,Personal,567,0,2100,Rejected,0,,36,Not Funded,N/A,0,0
LN104626,27-03-2023,31,Male,South,40600,11,MORTGAGE,Bachelor's,Car,412,0,20300,Approved,19020,16.91,24,Charged Off,Bad Loan,431.04,36.44
LN104627,11-07-2023,54,Male,North,70000,22,MORTGAGE,Bachelor's,Home Improvement,704,0,27400,Approved,23990,9.83,36,Charged Off,Bad Loan,6540.61,321.47
LN104628,05-11-2024,53,Female,South,44400,16,MORTGAGE,Bachelor's,Business,701,2,10300,Rejected,0,,12,Not Funded,N/A,0,0
LN104629,09-01-2022,46,Male,East,115900,6,RENT,High School,Home Improvement,535,2,23600,Rejected,0,,12,Not Funded,N/A,0,0
LN104630,30-11-2022,22,Female,South,65100,23,RENT,Bachelor's,Education,305,0,11200,Rejected,0,,60,Not Funded,N/A,0,0
LN104631,13-10-2024,43,Male,West,66200,6,MORTGAGE,High School,Medical,413,0,9300,Rejected,0,,60,Not Funded,N/A,0,0
LN104632,23-11-2022,61,Female,West,33600,28,RENT,PhD,Debt Consolidation,664,0,32900,Approved,32060,8.85,12,Fully Paid,Good Loan,32060,1418.66
LN104633,15-01-2022,42,Female,West,19100,27,RENT,Bachelor's,Home Improvement,620,0,14000,Rejected,0,,24,Not Funded,N/A,0,0
LN104634,18-04-2024,54,Male,Central,66200,22,RENT,High School,Education,610,2,32700,Rejected,0,,24,Not Funded,N/A,0,0
LN104635,14-08-2022,35,Male,South,43300,9,RENT,High School,Personal,467,0,9500,Rejected,0,,60,Not Funded,N/A,0,0
LN104636,23-04-2022,30,Female,North,84400,15,RENT,Master's,Home Improvement,351,0,14900,Rejected,0,,24,Not Funded,N/A,0,0
LN104637,01-01-2022,35,Male,East,35900,33,RENT,Bachelor's,Medical,599,0,5000,Approved,4520,13.63,24,Fully Paid,Good Loan,4520,308.04
LN104638,23-09-2022,62,Male,East,42700,24,RENT,Bachelor's,Home Improvement,361,0,20400,Approved,19200,19.61,24,Fully Paid,Good Loan,19200,1882.56
LN104639,09-08-2024,49,Female,East,89700,1,RENT,Bachelor's,Debt Consolidation,383,0,15900,Rejected,0,,24,Not Funded,N/A,0,0
LN104640,02-11-2022,43,Female,North,65900,4,MORTGAGE,Master's,Medical,652,1,1200,Rejected,0,,36,Not Funded,N/A,0,0
LN104641,12-01-2022,37,Female,East,34500,13,RENT,Bachelor's,Education,802,0,19100,Approved,17740,6.15,60,Current,Good Loan,8791.27,270.33
LN104642,25-07-2024,29,Male,Central,55000,30,MORTGAGE,High School,Business,774,1,3900,Approved,3560,7.73,12,Fully Paid,Good Loan,3560,137.59
LN104643,24-02-2023,56,Male,South,127600,5,RENT,Bachelor's,Education,802,2,33600,Rejected,0,,12,Not Funded,N/A,0,0
LN104644,07-06-2024,29,Female,Central,57800,27,OWN,Bachelor's,Car,398,0,20300,Rejected,0,,36,Not Funded,N/A,0,0
LN104645,20-06-2022,36,Female,South,50700,8,MORTGAGE,High School,Medical,605,0,27900,Approved,26530,10.13,60,Fully Paid,Good Loan,26530,1343.74
LN104646,14-05-2022,56,Female,North,81100,5,RENT,Bachelor's,Car,614,0,33000,Approved,32030,10.88,36,Current,Good Loan,16812.97,914.63
LN104647,22-08-2024,53,Female,South,63500,16,RENT,Bachelor's,Debt Consolidation,741,1,3000,Approved,2930,9.61,60,Fully Paid,Good Loan,2930,140.79
LN104648,14-11-2024,51,Female,East,103700,34,RENT,Bachelor's,Car,546,0,14200,Approved,12610,13.58,36,Charged Off,Bad Loan,1951.2,132.49
LN104649,20-10-2023,26,Male,East,76100,11,MORTGAGE,PhD,Home Improvement,564,0,2000,Rejected,0,,24,Not Funded,N/A,0,0
LN104650,28-06-2022,30,Female,East,81500,17,MORTGAGE,Bachelor's,Debt Consolidation,724,0,2900,Approved,2480,10.69,36,Current,Good Loan,1456.66,77.86
LN104651,15-12-2024,36,Male,East,106000,33,RENT,Bachelor's,Debt Consolidation,357,0,2500,Approved,2420,18.75,36,Charged Off,Bad Loan,801.12,75.1
LN104652,21-04-2022,24,Male,North,47400,0,OWN,High School,Medical,783,0,19600,Approved,17030,7.55,48,Current,Good Loan,10431.26,393.78
LN104653,17-05-2022,42,Male,South,41400,14,RENT,Master's,Debt Consolidation,623,0,18600,Rejected,0,,60,Not Funded,N/A,0,0
LN104654,20-08-2022,33,Female,South,29600,17,MORTGAGE,High School,Home Improvement,485,0,3400,Approved,3100,12.65,24,Charged Off,Bad Loan,1207.73,76.39
LN104655,18-09-2024,36,Female,Central,49300,21,OWN,Master's,Education,798,0,11200,Approved,9800,5.78,36,Current,Good Loan,3508.61,101.4
LN104656,13-04-2023,49,Male,South,30100,17,MORTGAGE,Bachelor's,Medical,361,0,10500,Rejected,0,,24,Not Funded,N/A,0,0
LN104657,02-01-2024,26,Male,Central,63900,0,MORTGAGE,Bachelor's,Business,545,1,12600,Rejected,0,,60,Not Funded,N/A,0,0
LN104658,26-04-2023,46,Male,South,41100,19,OWN,Bachelor's,Medical,786,0,26000,Approved,23640,5.14,12,Fully Paid,Good Loan,23640,607.55
LN104659,27-12-2024,31,Female,North,83500,24,OWN,PhD,Personal,672,0,28200,Approved,26370,10.9,48,Fully Paid,Good Loan,26370,1437.16
LN104660,24-03-2024,44,Female,South,76900,15,OWN,PhD,Car,814,1,14200,Approved,12840,5.49,48,Current,Good Loan,9109.51,250.06
LN104661,20-09-2024,49,Male,South,45500,19,RENT,PhD,Debt Consolidation,350,1,31700,Rejected,0,,60,Not Funded,N/A,0,0
LN104662,19-11-2022,23,Female,Central,84100,32,RENT,Bachelor's,Personal,398,0,17300,Rejected,0,,48,Not Funded,N/A,0,0
LN104663,10-07-2024,30,Male,West,57900,6,RENT,High School,Debt Consolidation,622,0,21400,Approved,18650,11.04,12,Fully Paid,Good Loan,18650,1029.48
LN104664,22-06-2024,21,Male,Central,24400,22,MORTGAGE,Bachelor's,Education,740,0,6700,Approved,6420,7.55,24,Fully Paid,Good Loan,6420,242.36
LN104665,29-08-2023,63,Male,West,34700,10,RENT,High School,Car,703,1,10100,Approved,8840,8.7,36,Charged Off,Bad Loan,3497.92,152.16
LN104666,05-03-2023,46,Female,East,39100,32,RENT,Bachelor's,Education,716,0,29400,Approved,27120,10.25,60,Fully Paid,Good Loan,27120,1389.9
LN104667,28-05-2022,32,Male,West,54400,4,RENT,Bachelor's,Car,454,0,39100,Rejected,0,,60,Not Funded,N/A,0,0
LN104668,29-04-2024,34,Female,East,44700,7,MORTGAGE,Bachelor's,Personal,841,2,28500,Rejected,0,,48,Not Funded,N/A,0,0
LN104669,02-01-2023,45,Male,West,42700,16,MORTGAGE,High School,Personal,445,0,3100,Rejected,0,,36,Not Funded,N/A,0,0
LN104670,29-04-2024,28,Male,South,70400,17,RENT,Master's,Home Improvement,534,0,6600,Approved,6530,13.12,48,Current,Good Loan,2003.63,131.44
LN104671,25-12-2024,63,Male,South,77200,26,MORTGAGE,PhD,Personal,773,1,18400,Approved,16210,7.09,48,Fully Paid,Good Loan,16210,574.64
LN104672,23-03-2024,24,Male,East,41000,30,RENT,Bachelor's,Debt Consolidation,698,0,29600,Approved,28890,9.48,24,Fully Paid,Good Loan,28890,1369.39
LN104673,24-06-2022,48,Male,North,37000,3,RENT,Master's,Business,759,0,7500,Approved,6480,7.48,24,Charged Off,Bad Loan,992.06,37.1
LN104674,11-08-2023,27,Female,East,95700,1,OWN,Bachelor's,Medical,732,1,30300,Approved,30250,7.59,48,Fully Paid,Good Loan,30250,1147.99
LN104675,10-05-2023,30,Male,Central,184700,4,MORTGAGE,High School,Personal,556,0,22700,Approved,22040,15.51,12,Fully Paid,Good Loan,22040,1709.2
LN104676,30-08-2024,56,Female,East,35500,16,RENT,PhD,Debt Consolidation,738,0,31200,Approved,26810,8.91,60,Current,Good Loan,5595.4,249.28
LN104677,04-02-2022,22,Male,East,80900,31,OWN,High School,Personal,836,0,22700,Approved,20020,4.59,12,Current,Good Loan,7657.94,175.75
LN104678,25-09-2024,46,Male,North,50900,28,RENT,High School,Personal,474,0,24500,Rejected,0,,60,Not Funded,N/A,0,0
LN104679,22-06-2023,34,Male,West,73400,15,MORTGAGE,High School,Personal,790,0,10700,Approved,9940,8.06,36,Fully Paid,Good Loan,9940,400.58
LN104680,20-01-2024,36,Female,South,35300,0,MORTGAGE,Bachelor's,Debt Consolidation,582,0,29100,Approved,27480,11.78,36,Charged Off,Bad Loan,7833.72,461.41
LN104681,03-11-2024,63,Male,Central,30800,11,RENT,Bachelor's,Car,518,0,33900,Approved,31170,13.92,12,Current,Good Loan,18740.96,1304.37
LN104682,09-01-2023,62,Male,Central,32700,18,MORTGAGE,High School,Education,455,0,35000,Rejected,0,,48,Not Funded,N/A,0,0
LN104683,11-07-2023,37,Female,Central,42000,8,RENT,PhD,Debt Consolidation,356,0,2100,Rejected,0,,48,Not Funded,N/A,0,0
LN104684,21-08-2022,42,Male,North,48700,6,MORTGAGE,Master's,Personal,810,0,25400,Approved,22260,6.73,36,Current,Good Loan,6776.88,228.04
LN104685,06-12-2023,24,Female,South,82900,29,RENT,High School,Debt Consolidation,637,0,39600,Approved,33860,10.15,48,Charged Off,Bad Loan,7022.46,356.39
LN104686,17-07-2023,39,Male,Central,37200,14,MORTGAGE,Bachelor's,Home Improvement,571,0,23900,Rejected,0,,24,Not Funded,N/A,0,0
LN104687,27-07-2024,22,Female,West,40700,3,MORTGAGE,Master's,Debt Consolidation,483,1,7700,Rejected,0,,36,Not Funded,N/A,0,0
LN104688,05-06-2024,59,Male,Central,138200,5,MORTGAGE,Bachelor's,Home Improvement,590,0,35200,Approved,33400,12.2,60,Fully Paid,Good Loan,33400,2037.4
LN104689,27-12-2023,29,Female,East,55500,34,MORTGAGE,High School,Business,601,0,11300,Approved,10970,13.37,60,Fully Paid,Good Loan,10970,733.34
LN104690,17-03-2022,39,Male,East,61600,1,RENT,High School,Personal,546,0,2800,Approved,2480,13.28,48,Current,Good Loan,1660.94,110.29
LN104691,15-03-2023,36,Male,North,75800,4,RENT,Master's,Personal,315,0,17800,Rejected,0,,60,Not Funded,N/A,0,0
LN104692,30-11-2023,45,Male,West,42800,7,RENT,Bachelor's,Home Improvement,634,0,4900,Approved,4340,11.55,60,Current,Good Loan,2344.22,135.38
LN104693,03-07-2024,38,Male,West,53700,29,OWN,Bachelor's,Home Improvement,510,0,5500,Rejected,0,,12,Not Funded,N/A,0,0
LN104694,09-06-2024,43,Female,North,46900,18,MORTGAGE,Bachelor's,Debt Consolidation,672,0,19100,Approved,18090,9,12,Current,Good Loan,6925.43,311.64
LN104695,23-11-2023,41,Male,North,52200,29,OWN,Bachelor's,Business,705,0,24900,Approved,23700,9.94,60,Charged Off,Bad Loan,4463.86,221.85
LN104696,10-09-2022,31,Male,East,79200,30,RENT,High School,Personal,829,1,36300,Approved,33750,4.72,36,Fully Paid,Good Loan,33750,796.5
LN104697,26-11-2024,59,Male,West,73400,15,MORTGAGE,High School,Debt Consolidation,321,1,28500,Rejected,0,,60,Not Funded,N/A,0,0
LN104698,14-02-2023,61,Male,North,19400,21,MORTGAGE,High School,Debt Consolidation,418,0,33900,Rejected,0,,24,Not Funded,N/A,0,0
LN104699,07-05-2022,24,Male,South,84900,32,MORTGAGE,High School,Car,827,0,17100,Approved,16220,4.74,36,Fully Paid,Good Loan,16220,384.41
LN104700,15-08-2023,45,Male,North,46400,21,MORTGAGE,High School,Education,483,0,13400,Rejected,0,,24,Not Funded,N/A,0,0
LN104701,21-10-2022,52,Female,North,64700,7,RENT,Bachelor's,Home Improvement,814,0,24100,Approved,21250,6.61,24,Charged Off,Bad Loan,6332.26,209.28
LN104702,16-10-2024,50,Female,Central,45100,11,MORTGAGE,High School,Car,791,0,28100,Approved,26290,7,48,Fully Paid,Good Loan,26290,920.15
LN104703,06-11-2022,46,Male,West,52900,4,MORTGAGE,Bachelor's,Debt Consolidation,805,0,23200,Approved,21560,10.15,12,Fully Paid,Good Loan,21560,1094.17
LN104704,24-10-2023,56,Female,West,97900,24,RENT,High School,Car,736,0,11300,Approved,10690,10.04,48,Charged Off,Bad Loan,1774.55,89.08
LN104705,12-06-2023,54,Male,West,63000,28,OWN,Bachelor's,Business,404,0,15400,Rejected,0,,24,Not Funded,N/A,0,0
LN104706,24-06-2023,29,Male,South,95700,12,MORTGAGE,Master's,Medical,402,2,18500,Rejected,0,,48,Not Funded,N/A,0,0
LN104707,23-02-2023,32,Male,West,52900,25,MORTGAGE,High School,Business,507,1,1600,Rejected,0,,48,Not Funded,N/A,0,0
LN104708,20-03-2023,22,Male,Central,50500,21,MORTGAGE,Bachelor's,Debt Consolidation,346,0,35300,Rejected,0,,36,Not Funded,N/A,0,0
LN104709,16-11-2023,58,Male,West,54500,28,MORTGAGE,Bachelor's,Education,603,0,20900,Approved,19810,11.82,48,Fully Paid,Good Loan,19810,1170.77
LN104710,19-04-2024,25,Female,South,30600,11,RENT,Bachelor's,Debt Consolidation,466,0,30300,Rejected,0,,36,Not Funded,N/A,0,0
LN104711,24-08-2022,25,Female,West,16100,27,MORTGAGE,High School,Debt Consolidation,793,0,7700,Approved,6640,6.19,48,Current,Good Loan,4785.02,148.1
LN104712,02-08-2022,42,Male,Central,38100,8,RENT,Master's,Business,386,0,22700,Rejected,0,,48,Not Funded,N/A,0,0
LN104713,26-03-2022,25,Male,North,86000,9,OWN,High School,Home Improvement,525,0,37100,Approved,36180,12.86,24,Fully Paid,Good Loan,36180,2326.37
LN104714,04-03-2024,24,Female,South,102700,25,RENT,Bachelor's,Medical,419,0,9400,Rejected,0,,24,Not Funded,N/A,0,0
LN104715,26-03-2022,29,Male,Central,22000,10,RENT,High School,Business,547,0,14500,Rejected,0,,60,Not Funded,N/A,0,0
LN104716,06-03-2022,49,Female,Central,96700,5,OWN,Bachelor's,Home Improvement,804,2,16100,Rejected,0,,60,Not Funded,N/A,0,0
LN104717,25-10-2023,42,Male,East,41500,3,RENT,Bachelor's,Home Improvement,652,0,15900,Approved,13650,10.68,36,Fully Paid,Good Loan,13650,728.91
LN104718,19-09-2023,47,Male,South,28500,26,RENT,Master's,Personal,443,0,24400,Approved,22930,15.24,24,Current,Good Loan,8155.17,621.42
LN104719,05-03-2022,30,Male,South,87300,23,MORTGAGE,Master's,Debt Consolidation,649,0,16400,Approved,15910,11.24,60,Fully Paid,Good Loan,15910,894.14
LN104720,27-07-2024,36,Female,East,43200,4,RENT,Bachelor's,Education,814,0,27300,Approved,27270,6.74,48,Fully Paid,Good Loan,27270,919
LN104721,07-07-2024,62,Female,Central,175800,2,RENT,Master's,Home Improvement,616,1,19900,Approved,19710,14.44,24,Charged Off,Bad Loan,6366.25,459.64
LN104722,06-05-2023,62,Male,North,40000,6,RENT,Bachelor's,Home Improvement,325,0,7100,Rejected,0,,48,Not Funded,N/A,0,0
LN104723,09-11-2022,30,Female,South,47800,23,OWN,Bachelor's,Education,829,0,38000,Approved,33770,6.15,48,Fully Paid,Good Loan,33770,1038.43
LN104724,07-09-2023,26,Male,Central,34900,21,RENT,Master's,Car,621,0,10300,Approved,9390,11.5,36,Fully Paid,Good Loan,9390,539.93
LN104725,07-07-2024,25,Male,South,58000,11,MORTGAGE,Bachelor's,Medical,595,1,22900,Rejected,0,,24,Not Funded,N/A,0,0
LN104726,23-03-2024,26,Female,West,77600,34,RENT,Bachelor's,Education,430,0,3400,Rejected,0,,48,Not Funded,N/A,0,0
LN104727,28-07-2024,45,Female,South,24900,16,RENT,High School,Business,316,0,36800,Rejected,0,,36,Not Funded,N/A,0,0
LN104728,11-11-2023,24,Male,West,72800,2,RENT,Bachelor's,Business,484,1,37200,Rejected,0,,12,Not Funded,N/A,0,0
LN104729,11-03-2023,60,Male,Central,45100,10,OWN,High School,Business,348,1,15200,Rejected,0,,12,Not Funded,N/A,0,0
LN104730,13-11-2023,52,Female,South,36800,5,MORTGAGE,High School,Debt Consolidation,375,0,5700,Approved,5340,17.13,48,Fully Paid,Good Loan,5340,457.37
LN104731,09-12-2024,55,Female,West,28800,16,RENT,PhD,Business,827,0,31000,Approved,26590,6.44,48,Fully Paid,Good Loan,26590,856.2
LN104732,06-12-2022,30,Female,Central,84200,21,RENT,High School,Home Improvement,305,0,11200,Approved,10330,21.44,12,Charged Off,Bad Loan,1409.79,151.13
LN104733,13-12-2022,54,Male,Central,61600,0,RENT,Bachelor's,Education,333,1,28300,Rejected,0,,60,Not Funded,N/A,0,0
LN104734,08-10-2023,56,Female,South,41700,2,MORTGAGE,Master's,Business,358,0,36700,Rejected,0,,36,Not Funded,N/A,0,0
LN104735,11-10-2023,26,Male,East,76900,15,RENT,Bachelor's,Personal,366,0,24000,Rejected,0,,48,Not Funded,N/A,0,0
LN104736,02-09-2022,63,Female,South,68800,34,RENT,Bachelor's,Home Improvement,554,0,34600,Rejected,0,,12,Not Funded,N/A,0,0
LN104737,19-04-2022,36,Male,South,80100,13,MORTGAGE,Bachelor's,Education,702,0,9800,Approved,9630,9.73,12,Fully Paid,Good Loan,9630,468.5
LN104738,17-06-2023,39,Male,East,113400,6,RENT,High School,Business,456,0,36500,Approved,35890,14.54,12,Charged Off,Bad Loan,10903.27,792.67
LN104739,23-10-2022,54,Male,North,59700,25,RENT,PhD,Education,331,0,9800,Rejected,0,,12,Not Funded,N/A,0,0
LN104740,22-04-2022,45,Female,West,129300,30,RENT,High School,Debt Consolidation,309,0,9800,Rejected,0,,12,Not Funded,N/A,0,0
LN104741,09-12-2022,51,Female,East,103000,23,RENT,Master's,Debt Consolidation,674,0,35300,Approved,30530,10.94,12,Fully Paid,Good Loan,30530,1669.99
LN104742,11-04-2022,61,Male,Central,77100,18,RENT,High School,Business,648,0,22600,Approved,21490,13.43,48,Charged Off,Bad Loan,2796.07,187.76
LN104743,21-09-2023,37,Male,West,25300,0,RENT,High School,Car,831,0,32200,Approved,28960,4.17,36,Current,Good Loan,7732.21,161.22
LN104744,28-01-2022,50,Female,South,56900,24,MORTGAGE,High School,Medical,455,0,32300,Rejected,0,,12,Not Funded,N/A,0,0
LN104745,25-07-2024,59,Male,East,60500,9,MORTGAGE,High School,Business,326,0,26200,Rejected,0,,12,Not Funded,N/A,0,0
LN104746,27-02-2022,51,Female,West,59700,17,MORTGAGE,Bachelor's,Debt Consolidation,452,0,8400,Rejected,0,,12,Not Funded,N/A,0,0
LN104747,24-10-2022,39,Female,North,51600,0,MORTGAGE,Bachelor's,Medical,584,0,28000,Rejected,0,,12,Not Funded,N/A,0,0
LN104748,14-05-2022,55,Male,North,72500,28,MORTGAGE,Master's,Personal,549,0,3500,Approved,3480,12.25,12,Current,Good Loan,2922.87,179.03
LN104749,06-09-2022,49,Male,Central,76900,12,RENT,High School,Debt Consolidation,728,0,8800,Approved,8450,9.45,24,Fully Paid,Good Loan,8450,399.26
LN104750,17-10-2024,21,Male,North,25500,3,RENT,Bachelor's,Medical,585,0,26100,Approved,22370,10.45,24,Current,Good Loan,14437.23,754.35
LN104751,04-07-2023,24,Male,Central,99700,11,RENT,High School,Debt Consolidation,805,1,36400,Approved,32620,5.52,12,Fully Paid,Good Loan,32620,900.31
LN104752,20-06-2024,48,Male,Central,27900,18,OWN,Bachelor's,Personal,593,0,31100,Rejected,0,,12,Not Funded,N/A,0,0
LN104753,13-04-2024,38,Female,South,45100,25,MORTGAGE,Bachelor's,Education,743,0,14000,Approved,12380,7.32,60,Fully Paid,Good Loan,12380,453.11
LN104754,10-02-2024,46,Male,West,36300,15,RENT,Bachelor's,Debt Consolidation,587,0,33100,Approved,29560,13.13,60,Charged Off,Bad Loan,4091.15,268.58
LN104755,26-05-2022,60,Male,South,39200,24,RENT,Bachelor's,Debt Consolidation,605,0,38700,Rejected,0,,36,Not Funded,N/A,0,0
LN104756,11-06-2024,39,Female,Central,88300,9,MORTGAGE,Master's,Education,370,0,13900,Rejected,0,,24,Not Funded,N/A,0,0
LN104757,10-12-2022,26,Female,West,57200,27,RENT,Bachelor's,Education,462,0,8300,Rejected,0,,48,Not Funded,N/A,0,0
LN104758,24-11-2024,21,Female,North,73700,27,MORTGAGE,Bachelor's,Education,780,0,8700,Approved,8160,6.91,36,Fully Paid,Good Loan,8160,281.93
LN104759,03-12-2023,28,Male,East,72000,24,OWN,High School,Business,642,0,16600,Approved,16500,9.33,36,Fully Paid,Good Loan,16500,769.72
LN104760,01-01-2022,53,Female,East,22900,24,RENT,Bachelor's,Education,816,0,3000,Approved,2830,4.57,12,Current,Good Loan,1112.48,25.42
LN104761,02-06-2022,63,Female,North,42200,11,RENT,Master's,Car,406,0,20000,Rejected,0,,12,Not Funded,N/A,0,0
LN104762,05-03-2023,41,Male,Central,75900,7,RENT,High School,Personal,797,0,29600,Approved,26850,4.87,48,Fully Paid,Good Loan,26850,653.8
LN104763,23-05-2023,44,Male,South,72800,23,RENT,Master's,Home Improvement,300,0,21700,Rejected,0,,60,Not Funded,N/A,0,0
LN104764,06-05-2023,45,Male,East,24600,22,MORTGAGE,Bachelor's,Business,775,0,38800,Approved,35860,7.91,12,Current,Good Loan,20535.06,812.16
LN104765,11-12-2022,63,Female,North,86100,10,RENT,Bachelor's,Debt Consolidation,752,0,19000,Approved,18780,7.84,24,Fully Paid,Good Loan,18780,736.18
LN104766,09-08-2022,39,Male,East,71500,16,RENT,Master's,Home Improvement,364,0,1500,Rejected,0,,48,Not Funded,N/A,0,0
LN104767,24-12-2023,49,Female,West,35100,27,MORTGAGE,PhD,Medical,784,0,19300,Approved,19250,6.4,48,Fully Paid,Good Loan,19250,616
LN104768,14-11-2024,30,Female,East,65100,2,OWN,High School,Home Improvement,721,1,37300,Approved,34740,9.78,12,Fully Paid,Good Loan,34740,1698.79
LN104769,12-06-2023,32,Male,West,48900,1,MORTGAGE,Master's,Home Improvement,835,0,4700,Approved,4150,6.97,48,Current,Good Loan,2607.79,90.88
LN104770,20-04-2024,53,Male,West,67600,28,RENT,Bachelor's,Car,450,0,9700,Rejected,0,,60,Not Funded,N/A,0,0
LN104771,01-12-2024,27,Male,South,24100,33,RENT,Bachelor's,Debt Consolidation,690,0,28900,Approved,25310,10.05,12,Charged Off,Bad Loan,9801.39,492.52
LN104772,26-04-2023,37,Male,South,46200,13,MORTGAGE,Bachelor's,Car,714,0,12500,Approved,10700,7.88,60,Current,Good Loan,2560.03,100.87
LN104773,18-07-2024,30,Female,North,92200,32,RENT,PhD,Debt Consolidation,306,0,30800,Rejected,0,,60,Not Funded,N/A,0,0
LN104774,21-05-2024,51,Female,North,69000,17,RENT,Bachelor's,Debt Consolidation,815,0,17400,Approved,16140,7.59,24,Fully Paid,Good Loan,16140,612.51
LN104775,11-12-2022,26,Male,North,77400,28,OWN,Master's,Home Improvement,765,0,32000,Approved,30740,4.48,12,Fully Paid,Good Loan,30740,688.58
LN104776,14-02-2022,37,Female,Central,48800,1,RENT,Bachelor's,Car,403,1,22500,Rejected,0,,24,Not Funded,N/A,0,0
LN104777,21-01-2022,57,Male,Central,69800,10,RENT,Bachelor's,Personal,763,0,4200,Approved,4160,8.03,24,Fully Paid,Good Loan,4160,167.02
LN104778,29-12-2024,38,Male,North,50300,30,MORTGAGE,Bachelor's,Education,650,0,16100,Approved,13970,7.93,48,Current,Good Loan,2807.02,111.3
LN104779,22-05-2024,46,Male,South,35700,12,RENT,Bachelor's,Home Improvement,665,2,14000,Rejected,0,,36,Not Funded,N/A,0,0
LN104780,17-02-2022,36,Male,North,48400,25,RENT,Bachelor's,Business,481,0,32600,Rejected,0,,12,Not Funded,N/A,0,0
LN104781,05-07-2023,28,Female,West,104200,33,RENT,Bachelor's,Business,542,0,25400,Approved,22080,11.68,60,Current,Good Loan,9761.69,570.08
LN104782,14-10-2022,44,Female,East,90200,9,MORTGAGE,Bachelor's,Personal,519,1,31300,Rejected,0,,48,Not Funded,N/A,0,0
LN104783,28-09-2024,33,Male,East,34700,11,OWN,Master's,Personal,507,0,15500,Rejected,0,,24,Not Funded,N/A,0,0
LN104784,30-10-2024,49,Male,East,44900,21,MORTGAGE,Bachelor's,Car,481,1,28000,Rejected,0,,24,Not Funded,N/A,0,0
LN104785,26-06-2023,52,Male,West,35700,30,RENT,High School,Business,728,0,3500,Approved,3420,8.98,12,Fully Paid,Good Loan,3420,153.56
LN104786,26-01-2024,44,Male,South,58700,18,RENT,Bachelor's,Home Improvement,334,1,2400,Rejected,0,,48,Not Funded,N/A,0,0
LN104787,01-10-2022,36,Female,North,84900,23,MORTGAGE,Bachelor's,Debt Consolidation,720,0,12200,Approved,11180,7.33,60,Fully Paid,Good Loan,11180,409.75
LN104788,13-08-2024,31,Female,North,135200,24,MORTGAGE,High School,Business,502,2,31200,Rejected,0,,24,Not Funded,N/A,0,0
LN104789,23-08-2023,52,Female,South,28500,34,MORTGAGE,Bachelor's,Home Improvement,461,0,21800,Rejected,0,,48,Not Funded,N/A,0,0
LN104790,16-01-2023,26,Male,Central,79700,7,MORTGAGE,Master's,Debt Consolidation,707,0,16900,Approved,16570,10.33,60,Charged Off,Bad Loan,5484.3,283.26
LN104791,24-04-2023,55,Male,South,54000,4,OWN,Bachelor's,Business,648,1,36000,Rejected,0,,48,Not Funded,N/A,0,0
LN104792,15-01-2022,53,Male,North,45900,21,RENT,Master's,Business,303,0,20400,Rejected,0,,24,Not Funded,N/A,0,0
LN104793,31-05-2023,38,Male,Central,35600,27,RENT,Master's,Education,660,0,24900,Approved,22000,8.42,24,Fully Paid,Good Loan,22000,926.2
LN104794,10-07-2022,57,Male,North,120700,11,OWN,High School,Debt Consolidation,657,0,39400,Approved,37870,10.24,60,Charged Off,Bad Loan,6841.94,350.31
LN104795,13-09-2023,33,Male,North,26000,32,RENT,Master's,Business,335,0,21400,Rejected,0,,48,Not Funded,N/A,0,0
LN104796,03-06-2022,30,Male,Central,43500,15,RENT,Bachelor's,Education,634,0,31600,Approved,28670,10.29,24,Current,Good Loan,10424.39,536.33
LN104797,29-09-2022,57,Female,West,63900,25,MORTGAGE,Master's,Personal,590,1,17100,Rejected,0,,48,Not Funded,N/A,0,0
LN104798,23-05-2022,46,Female,South,66400,11,RENT,High School,Debt Consolidation,584,0,2400,Rejected,0,,12,Not Funded,N/A,0,0
LN104799,28-12-2024,37,Male,West,94900,22,RENT,High School,Education,335,0,33500,Rejected,0,,60,Not Funded,N/A,0,0
LN104800,04-09-2022,21,Female,West,36400,25,OWN,High School,Debt Consolidation,623,0,37800,Approved,34760,12.09,36,Fully Paid,Good Loan,34760,2101.24
LN104801,27-02-2024,45,Male,North,71800,12,RENT,High School,Debt Consolidation,762,0,17900,Approved,15590,7.72,60,Current,Good Loan,10775.94,415.95
LN104802,20-03-2022,54,Male,West,52700,22,RENT,Bachelor's,Debt Consolidation,694,0,20600,Approved,19380,10.05,24,Fully Paid,Good Loan,19380,973.84
LN104803,15-09-2023,59,Female,East,55200,30,RENT,High School,Home Improvement,348,0,17500,Rejected,0,,48,Not Funded,N/A,0,0
LN104804,09-06-2023,30,Male,Central,44100,26,MORTGAGE,Bachelor's,Car,762,0,39900,Approved,37470,5.55,60,Current,Good Loan,25642.08,711.57
LN104805,11-02-2024,40,Female,Central,58300,22,RENT,Bachelor's,Car,612,0,36200,Approved,35910,13.29,36,Fully Paid,Good Loan,35910,2386.22
LN104806,26-07-2024,27,Male,South,50800,2,MORTGAGE,High School,Home Improvement,654,0,2600,Approved,2570,12.06,12,Current,Good Loan,1432.29,86.37
LN104807,09-09-2023,36,Female,East,46200,29,RENT,Bachelor's,Home Improvement,642,0,31400,Approved,27630,11.42,24,Charged Off,Bad Loan,1161.42,66.32
LN104808,28-10-2024,57,Male,North,42800,31,RENT,High School,Debt Consolidation,354,0,24400,Rejected,0,,48,Not Funded,N/A,0,0
LN104809,08-03-2022,49,Female,North,64100,14,MORTGAGE,High School,Home Improvement,611,0,2000,Rejected,0,,12,Not Funded,N/A,0,0
LN104810,10-07-2022,32,Female,South,29800,10,RENT,Bachelor's,Debt Consolidation,559,0,18300,Rejected,0,,24,Not Funded,N/A,0,0
LN104811,07-02-2024,37,Female,West,49700,1,RENT,High School,Debt Consolidation,387,2,6800,Rejected,0,,60,Not Funded,N/A,0,0
LN104812,05-06-2023,40,Female,East,38400,25,MORTGAGE,Bachelor's,Debt Consolidation,619,0,35000,Approved,31240,11.75,60,Charged Off,Bad Loan,7343.42,431.43
LN104813,16-09-2024,46,Male,South,51300,33,RENT,High School,Medical,689,0,1500,Rejected,0,,36,Not Funded,N/A,0,0
LN104814,24-09-2022,39,Male,West,51600,0,OWN,Master's,Debt Consolidation,569,0,35100,Approved,34260,12.81,12,Current,Good Loan,10513.79,673.41
LN104815,30-04-2023,32,Female,West,80000,10,RENT,Master's,Education,759,0,37700,Approved,37580,7.02,60,Fully Paid,Good Loan,37580,1319.06
LN104816,11-01-2023,41,Male,West,72900,4,MORTGAGE,High School,Debt Consolidation,660,0,3800,Approved,3660,10.11,36,Charged Off,Bad Loan,1324.72,66.96
LN104817,15-10-2023,62,Female,North,61800,25,MORTGAGE,Bachelor's,Car,425,0,29100,Rejected,0,,48,Not Funded,N/A,0,0
LN104818,03-07-2023,54,Male,West,58600,5,RENT,High School,Debt Consolidation,484,0,22400,Rejected,0,,48,Not Funded,N/A,0,0
LN104819,14-03-2022,27,Male,Central,49700,34,RENT,High School,Debt Consolidation,664,0,38200,Approved,35500,8.62,12,Fully Paid,Good Loan,35500,1530.05
LN104820,04-11-2022,55,Male,North,49300,4,RENT,Bachelor's,Business,841,0,32100,Approved,30760,5.38,48,Fully Paid,Good Loan,30760,827.44
LN104821,18-07-2022,35,Female,South,24700,8,OWN,Master's,Personal,307,0,28100,Rejected,0,,60,Not Funded,N/A,0,0
LN104822,26-07-2023,21,Female,Central,75400,27,MORTGAGE,High School,Car,713,0,37100,Approved,31880,10.03,48,Current,Good Loan,13891.63,696.67
LN104823,01-03-2024,46,Male,East,61100,18,MORTGAGE,Bachelor's,Business,431,0,7300,Rejected,0,,60,Not Funded,N/A,0,0
LN104824,28-06-2022,55,Male,East,93000,4,RENT,Master's,Debt Consolidation,655,0,15700,Approved,14130,10.19,36,Fully Paid,Good Loan,14130,719.92
LN104825,16-07-2022,45,Male,North,42200,22,RENT,Bachelor's,Debt Consolidation,622,0,33900,Rejected,0,,60,Not Funded,N/A,0,0
LN104826,05-01-2024,62,Male,East,95500,15,MORTGAGE,Master's,Car,401,0,5000,Rejected,0,,60,Not Funded,N/A,0,0
LN104827,30-03-2022,35,Female,South,49700,6,OWN,Master's,Medical,765,0,37500,Approved,35120,8.18,12,Fully Paid,Good Loan,35120,1436.41
LN104828,09-03-2024,42,Male,North,41900,13,RENT,Bachelor's,Business,728,0,30100,Approved,29220,7.78,48,Current,Good Loan,25840.53,1005.2
LN104829,27-02-2024,26,Male,South,108600,21,MORTGAGE,Bachelor's,Home Improvement,374,0,18100,Rejected,0,,60,Not Funded,N/A,0,0
LN104830,18-01-2024,35,Male,North,63800,8,RENT,Bachelor's,Medical,399,0,14200,Approved,12680,16.27,12,Current,Good Loan,4939.8,401.85
LN104831,28-07-2022,44,Male,West,114900,22,MORTGAGE,Master's,Business,535,0,6800,Approved,6020,13.79,12,Current,Good Loan,4944.92,340.95
LN104832,08-05-2023,41,Female,Central,58500,3,RENT,Bachelor's,Home Improvement,568,0,4700,Approved,4090,11.71,12,Current,Good Loan,1101.36,64.48
LN104833,27-10-2023,27,Male,South,77900,25,MORTGAGE,High School,Debt Consolidation,553,1,17500,Rejected,0,,24,Not Funded,N/A,0,0
LN104834,02-11-2024,49,Male,East,86100,5,OWN,Master's,Debt Consolidation,628,0,33900,Rejected,0,,12,Not Funded,N/A,0,0
LN104835,20-05-2024,52,Female,South,47700,30,MORTGAGE,PhD,Business,598,0,21700,Approved,19330,13.29,12,Charged Off,Bad Loan,3024.5,200.98
LN104836,02-01-2024,52,Male,North,63300,16,OWN,Bachelor's,Car,669,0,18600,Approved,16590,8.27,60,Fully Paid,Good Loan,16590,686
LN104837,29-11-2023,25,Female,Central,58100,8,RENT,Bachelor's,Medical,558,1,13400,Approved,12160,12.78,12,Current,Good Loan,4413.27,282.01
LN104838,17-08-2023,24,Male,North,78800,26,OWN,Bachelor's,Education,527,0,7100,Approved,6670,14.62,12,Fully Paid,Good Loan,6670,487.58
LN104839,04-06-2024,42,Female,North,33500,5,OWN,High School,Personal,676,0,39600,Rejected,0,,24,Not Funded,N/A,0,0
LN104840,01-05-2024,38,Male,South,71000,5,RENT,Bachelor's,Home Improvement,444,0,2000,Rejected,0,,24,Not Funded,N/A,0,0
LN104841,21-11-2022,55,Male,West,82000,3,RENT,High School,Debt Consolidation,379,1,13200,Rejected,0,,12,Not Funded,N/A,0,0
LN104842,05-09-2024,37,Male,South,39800,2,OWN,Bachelor's,Debt Consolidation,338,0,31000,Rejected,0,,12,Not Funded,N/A,0,0
LN104843,13-08-2024,44,Male,North,36400,23,RENT,Bachelor's,Personal,396,0,21300,Rejected,0,,60,Not Funded,N/A,0,0
LN104844,12-06-2024,22,Male,West,25700,17,MORTGAGE,High School,Business,545,2,13200,Rejected,0,,60,Not Funded,N/A,0,0
LN104845,24-05-2022,33,Male,South,138000,31,MORTGAGE,High School,Car,632,0,39700,Approved,38730,10.69,24,Current,Good Loan,13414.23,716.99
LN104846,19-01-2023,35,Female,North,39000,20,RENT,High School,Business,702,0,25100,Approved,22050,10.9,60,Fully Paid,Good Loan,22050,1201.72
LN104847,04-08-2022,25,Female,South,102500,28,MORTGAGE,Bachelor's,Home Improvement,577,0,12500,Approved,12410,15.27,48,Charged Off,Bad Loan,4742.48,362.09
LN104848,20-11-2022,23,Male,North,49300,31,RENT,High School,Debt Consolidation,307,0,34100,Rejected,0,,36,Not Funded,N/A,0,0
LN104849,04-11-2024,57,Male,East,88800,24,RENT,High School,Car,663,1,6900,Rejected,0,,24,Not Funded,N/A,0,0
LN104850,05-08-2022,57,Female,West,70400,11,MORTGAGE,Master's,Debt Consolidation,751,0,19100,Approved,17440,6.37,24,Current,Good Loan,8573.41,273.06
LN104851,08-08-2024,57,Female,West,139500,8,MORTGAGE,Bachelor's,Personal,551,0,33700,Approved,28660,11.48,60,Current,Good Loan,11197.82,642.75
LN104852,02-07-2022,23,Male,South,103800,6,OWN,Bachelor's,Debt Consolidation,317,0,39400,Rejected,0,,36,Not Funded,N/A,0,0
LN104853,27-09-2022,55,Male,North,59600,13,MORTGAGE,Bachelor's,Debt Consolidation,689,0,15900,Approved,14200,7.62,36,Fully Paid,Good Loan,14200,541.02
LN104854,02-08-2024,43,Male,North,62300,19,RENT,High School,Debt Consolidation,541,0,6400,Rejected,0,,12,Not Funded,N/A,0,0
LN104855,19-05-2024,48,Male,South,73500,19,MORTGAGE,High School,Car,552,0,23100,Rejected,0,,24,Not Funded,N/A,0,0
LN104856,12-04-2023,50,Female,North,181100,9,MORTGAGE,Bachelor's,Debt Consolidation,303,1,37800,Rejected,0,,12,Not Funded,N/A,0,0
LN104857,01-11-2022,38,Female,South,55900,10,OWN,Bachelor's,Home Improvement,672,0,27000,Approved,25660,7.55,60,Fully Paid,Good Loan,25660,968.66
LN104858,21-04-2022,56,Female,North,30300,18,MORTGAGE,Bachelor's,Debt Consolidation,724,0,24500,Approved,22190,9.01,36,Current,Good Loan,18281.08,823.56
LN104859,10-10-2024,53,Male,East,60500,18,MORTGAGE,Bachelor's,Debt Consolidation,478,1,13100,Rejected,0,,12,Not Funded,N/A,0,0
LN104860,20-08-2022,46,Male,South,40600,5,RENT,Bachelor's,Business,311,0,24600,Rejected,0,,36,Not Funded,N/A,0,0
LN104861,18-08-2023,60,Female,North,59600,7,OWN,High School,Personal,592,0,35500,Rejected,0,,12,Not Funded,N/A,0,0
LN104862,22-06-2022,37,Male,South,90900,0,MORTGAGE,Master's,Car,558,0,15600,Approved,14060,14.46,12,Charged Off,Bad Loan,3532.95,255.43
LN104863,30-08-2024,60,Male,North,68000,22,RENT,Bachelor's,Debt Consolidation,728,0,10400,Approved,9660,8.79,36,Fully Paid,Good Loan,9660,424.56
LN104864,27-10-2024,27,Male,West,41500,9,MORTGAGE,Master's,Car,594,0,19800,Approved,17830,11.5,60,Fully Paid,Good Loan,17830,1025.23
LN104865,30-06-2023,28,Male,South,49400,1,MORTGAGE,Master's,Business,632,0,15700,Approved,14160,11.91,48,Charged Off,Bad Loan,3952.04,235.34
LN104866,02-07-2023,51,Male,North,33500,1,RENT,High School,Debt Consolidation,411,2,19300,Rejected,0,,48,Not Funded,N/A,0,0
LN104867,02-06-2023,32,Male,South,96200,14,MORTGAGE,PhD,Education,505,1,4700,Rejected,0,,24,Not Funded,N/A,0,0
LN104868,02-07-2024,51,Female,South,78400,19,RENT,Master's,Debt Consolidation,521,1,14100,Rejected,0,,48,Not Funded,N/A,0,0
LN104869,03-08-2022,64,Female,West,33200,20,MORTGAGE,PhD,Car,829,0,33200,Approved,28710,5.91,36,Fully Paid,Good Loan,28710,848.38
LN104870,14-05-2022,39,Male,Central,168500,29,RENT,Bachelor's,Education,312,0,16600,Rejected,0,,24,Not Funded,N/A,0,0
LN104871,12-10-2022,30,Female,North,49100,23,RENT,Master's,Debt Consolidation,569,0,38700,Approved,37020,12.63,48,Fully Paid,Good Loan,37020,2337.81
LN104872,17-11-2023,59,Male,West,61900,1,RENT,Bachelor's,Business,339,0,28600,Rejected,0,,48,Not Funded,N/A,0,0
LN104873,27-11-2022,32,Male,South,46500,21,MORTGAGE,Master's,Business,804,0,15300,Approved,13560,6.97,12,Charged Off,Bad Loan,2525.53,88.01
LN104874,12-06-2024,40,Female,North,65400,28,RENT,Bachelor's,Business,514,1,10800,Rejected,0,,12,Not Funded,N/A,0,0
LN104875,17-06-2024,57,Male,North,56500,13,OWN,Master's,Home Improvement,603,0,27700,Approved,26620,10.76,48,Current,Good Loan,11224.5,603.88
LN104876,19-03-2022,61,Male,Central,28900,4,RENT,Bachelor's,Business,821,0,12800,Approved,12770,7.15,24,Current,Good Loan,3667.95,131.13
LN104877,04-08-2024,27,Female,South,91900,23,MORTGAGE,Bachelor's,Business,420,0,37100,Approved,32060,17.84,36,Current,Good Loan,28310.69,2525.31
LN104878,19-11-2023,34,Female,Central,37300,25,MORTGAGE,Master's,Medical,609,0,5500,Approved,5000,10.74,48,Fully Paid,Good Loan,5000,268.5
LN104879,21-01-2022,31,Male,South,81900,1,OWN,Bachelor's,Personal,604,0,2100,Approved,1940,10.8,36,Fully Paid,Good Loan,1940,104.76
LN104880,20-07-2023,27,Male,North,48800,33,RENT,High School,Debt Consolidation,725,0,9600,Approved,9130,7.57,24,Charged Off,Bad Loan,2173.73,82.28
LN104881,06-04-2024,49,Male,West,55700,22,RENT,High School,Business,758,0,24700,Approved,23420,5.29,60,Fully Paid,Good Loan,23420,619.46
LN104882,28-06-2022,30,Male,Central,67300,34,MORTGAGE,PhD,Medical,501,0,33600,Rejected,0,,24,Not Funded,N/A,0,0
LN104883,18-12-2024,49,Male,West,57600,14,MORTGAGE,Master's,Debt Consolidation,711,0,7600,Approved,7420,9.22,60,Charged Off,Bad Loan,0.09,0
LN104884,23-06-2024,29,Male,West,75700,2,RENT,Bachelor's,Personal,519,1,23800,Rejected,0,,12,Not Funded,N/A,0,0
LN104885,31-10-2023,56,Female,South,39400,11,RENT,PhD,Debt Consolidation,454,1,6600,Rejected,0,,36,Not Funded,N/A,0,0
LN104886,10-07-2022,30,Male,North,86400,16,RENT,High School,Car,623,0,23000,Approved,20950,12.25,12,Charged Off,Bad Loan,7191.15,440.46
LN104887,09-12-2023,39,Male,North,34100,26,RENT,High School,Education,639,0,1700,Approved,1700,10.69,36,Current,Good Loan,1276.43,68.23
LN104888,24-11-2024,51,Male,South,35900,18,RENT,Bachelor's,Business,689,0,22800,Approved,20840,9.93,24,Fully Paid,Good Loan,20840,1034.71
LN104889,14-01-2023,37,Male,Central,70300,20,MORTGAGE,Bachelor's,Car,485,0,21300,Approved,20290,15.47,48,Fully Paid,Good Loan,20290,1569.43
LN104890,22-01-2023,29,Female,West,86900,23,MORTGAGE,Bachelor's,Personal,433,1,2700,Rejected,0,,48,Not Funded,N/A,0,0
LN104891,25-08-2022,53,Male,West,61600,23,OWN,Bachelor's,Personal,446,2,27900,Rejected,0,,60,Not Funded,N/A,0,0
LN104892,08-09-2023,54,Female,South,106000,18,RENT,High School,Education,412,0,23300,Rejected,0,,48,Not Funded,N/A,0,0
LN104893,10-10-2022,44,Female,West,37200,30,MORTGAGE,Master's,Home Improvement,828,1,25300,Approved,23800,5.85,36,Fully Paid,Good Loan,23800,696.15
LN104894,01-01-2022,29,Female,Central,32100,19,RENT,Bachelor's,Car,732,0,21700,Approved,21270,7.69,48,Fully Paid,Good Loan,21270,817.83
LN104895,09-04-2023,27,Male,East,79000,14,RENT,PhD,Education,686,0,29200,Approved,24900,8.81,12,Charged Off,Bad Loan,2557.98,112.68
LN104896,24-08-2024,36,Female,South,57200,34,MORTGAGE,Master's,Home Improvement,665,0,21500,Approved,19900,11.96,48,Fully Paid,Good Loan,19900,1190.02
LN104897,21-06-2022,39,Male,West,77900,34,MORTGAGE,Bachelor's,Personal,333,0,37000,Rejected,0,,12,Not Funded,N/A,0,0
LN104898,22-04-2024,59,Male,East,34100,32,OWN,High School,Medical,361,0,37800,Rejected,0,,60,Not Funded,N/A,0,0
LN104899,21-11-2023,26,Male,Central,44400,17,MORTGAGE,PhD,Business,743,0,29300,Approved,25710,9.33,60,Fully Paid,Good Loan,25710,1199.37
LN104900,29-07-2023,31,Male,South,118700,16,RENT,High School,Business,495,0,36600,Approved,33690,14.63,24,Charged Off,Bad Loan,8468.22,619.45
LN104901,14-06-2022,32,Male,North,49500,7,RENT,High School,Personal,386,0,37000,Rejected,0,,24,Not Funded,N/A,0,0
LN104902,18-01-2023,62,Male,East,102900,19,MORTGAGE,High School,Home Improvement,553,0,11200,Approved,10470,13.03,24,Charged Off,Bad Loan,2466.09,160.67
LN104903,28-07-2022,33,Male,South,76800,10,MORTGAGE,PhD,Debt Consolidation,426,0,39800,Approved,36870,18.07,12,Current,Good Loan,21972.44,1985.21
LN104904,12-08-2022,32,Female,East,47600,29,RENT,Master's,Business,461,0,11400,Rejected,0,,24,Not Funded,N/A,0,0
LN104905,03-01-2022,41,Male,North,102300,26,MORTGAGE,PhD,Car,615,0,1700,Approved,1690,12.73,60,Current,Good Loan,1194.14,76.01
LN104906,07-01-2023,30,Male,Central,62700,13,OWN,Bachelor's,Business,471,0,38500,Approved,34730,15.73,48,Fully Paid,Good Loan,34730,2731.51
LN104907,03-09-2023,40,Female,Central,54500,14,MORTGAGE,High School,Medical,698,1,9700,Approved,8610,10.25,12,Current,Good Loan,7690.1,394.12
LN104908,26-04-2022,56,Male,North,52300,11,MORTGAGE,Master's,Debt Consolidation,630,0,23800,Rejected,0,,24,Not Funded,N/A,0,0
LN104909,23-03-2023,48,Female,North,66000,19,OWN,Bachelor's,Education,658,0,38900,Approved,35480,13.46,24,Charged Off,Bad Loan,6706.88,451.37
LN104910,19-02-2023,44,Female,East,32600,16,MORTGAGE,Bachelor's,Debt Consolidation,551,0,2900,Rejected,0,,60,Not Funded,N/A,0,0
LN104911,10-06-2024,25,Male,West,81200,25,RENT,High School,Business,308,0,11500,Approved,10960,19.71,48,Fully Paid,Good Loan,10960,1080.11
LN104912,13-11-2024,57,Male,North,66100,13,RENT,High School,Business,538,0,24700,Rejected,0,,36,Not Funded,N/A,0,0
LN104913,25-10-2023,32,Female,North,41900,24,MORTGAGE,Master's,Personal,334,2,30700,Rejected,0,,48,Not Funded,N/A,0,0
LN104914,09-12-2024,55,Female,East,30600,25,RENT,High School,Debt Consolidation,682,0,32500,Approved,30020,8.55,24,Charged Off,Bad Loan,10633.87,454.6
LN104915,19-12-2023,60,Female,West,48400,24,MORTGAGE,High School,Debt Consolidation,500,1,35500,Rejected,0,,24,Not Funded,N/A,0,0
LN104916,16-11-2024,22,Male,South,60600,24,OWN,Bachelor's,Debt Consolidation,532,1,7600,Rejected,0,,48,Not Funded,N/A,0,0
LN104917,28-09-2022,61,Female,West,58100,26,RENT,High School,Debt Consolidation,795,0,15400,Approved,14980,4,48,Current,Good Loan,13246.68,264.93
LN104918,16-07-2023,59,Male,Central,58000,11,MORTGAGE,High School,Debt Consolidation,376,0,28900,Rejected,0,,60,Not Funded,N/A,0,0
LN104919,14-03-2024,62,Male,North,73400,19,MORTGAGE,Master's,Car,517,0,28900,Rejected,0,,36,Not Funded,N/A,0,0
LN104920,04-09-2022,29,Male,East,32300,15,RENT,Bachelor's,Home Improvement,673,0,13000,Rejected,0,,12,Not Funded,N/A,0,0
LN104921,22-01-2023,42,Male,North,52600,24,MORTGAGE,Master's,Car,352,1,12900,Rejected,0,,12,Not Funded,N/A,0,0
LN104922,03-12-2023,25,Female,North,61900,26,MORTGAGE,Bachelor's,Debt Consolidation,557,0,13500,Rejected,0,,36,Not Funded,N/A,0,0
LN104923,13-07-2023,32,Female,North,66700,17,MORTGAGE,High School,Car,431,0,35800,Approved,32300,16.44,60,Fully Paid,Good Loan,32300,2655.06
LN104924,30-08-2024,21,Female,South,81200,9,RENT,Bachelor's,Debt Consolidation,694,0,36500,Approved,34630,10.18,48,Fully Paid,Good Loan,34630,1762.67
LN104925,10-09-2024,64,Male,West,49400,29,MORTGAGE,High School,Personal,548,0,1600,Approved,1370,11.83,24,Fully Paid,Good Loan,1370,81.04
LN104926,18-12-2022,42,Male,East,55500,0,RENT,High School,Medical,697,0,13700,Approved,13410,10.35,36,Fully Paid,Good Loan,13410,693.97
LN104927,23-01-2024,58,Female,South,38800,3,MORTGAGE,High School,Home Improvement,368,0,16300,Rejected,0,,60,Not Funded,N/A,0,0
LN104928,20-02-2024,39,Male,North,64500,22,RENT,High School,Business,722,0,39300,Approved,36980,8.2,36,Fully Paid,Good Loan,36980,1516.18
LN104929,21-10-2024,36,Female,East,36600,6,MORTGAGE,Bachelor's,Personal,639,0,37800,Approved,32200,10.64,24,Fully Paid,Good Loan,32200,1713.04
LN104930,30-06-2023,51,Female,North,70100,29,RENT,High School,Business,673,0,25500,Approved,23070,8.11,12,Current,Good Loan,9054.98,367.18
LN104931,20-03-2022,23,Female,South,92200,25,RENT,High School,Debt Consolidation,573,0,2800,Rejected,0,,48,Not Funded,N/A,0,0
LN104932,30-11-2022,43,Male,East,66900,0,RENT,Master's,Business,556,0,8500,Approved,7440,12.49,60,Current,Good Loan,4277.64,267.14
LN104933,07-06-2024,62,Female,Central,96500,28,MORTGAGE,High School,Car,815,0,17900,Approved,16420,6.25,12,Charged Off,Bad Loan,1570.37,49.07
LN104934,17-05-2023,38,Female,North,44200,24,RENT,High School,Personal,567,2,38400,Rejected,0,,24,Not Funded,N/A,0,0
LN104935,04-02-2024,46,Male,West,31600,25,MORTGAGE,Bachelor's,Business,656,1,4700,Rejected,0,,36,Not Funded,N/A,0,0
LN104936,09-07-2024,33,Female,North,50400,16,RENT,Master's,Debt Consolidation,607,0,31900,Approved,30680,11.02,60,Current,Good Loan,12526.18,690.19
LN104937,04-07-2023,38,Male,East,41100,30,MORTGAGE,High School,Medical,826,1,8500,Approved,7470,5.84,60,Charged Off,Bad Loan,229.37,6.7
LN104938,14-01-2022,23,Male,East,43400,7,MORTGAGE,High School,Personal,790,0,20800,Approved,18040,8.09,12,Fully Paid,Good Loan,18040,729.72
LN104939,27-01-2023,43,Female,West,19900,4,RENT,Bachelor's,Business,497,1,30900,Rejected,0,,12,Not Funded,N/A,0,0
LN104940,06-11-2022,23,Female,East,58600,0,RENT,Bachelor's,Home Improvement,650,0,28000,Rejected,0,,24,Not Funded,N/A,0,0
LN104941,21-01-2023,45,Female,South,54700,14,RENT,High School,Business,517,0,31300,Rejected,0,,12,Not Funded,N/A,0,0
LN104942,31-08-2024,47,Male,South,79200,6,MORTGAGE,High School,Debt Consolidation,307,0,32700,Rejected,0,,60,Not Funded,N/A,0,0
LN104943,06-12-2022,64,Male,North,69500,26,RENT,High School,Personal,530,1,12900,Approved,11790,11.34,48,Charged Off,Bad Loan,324.56,18.4
LN104944,20-08-2023,47,Female,East,50100,34,MORTGAGE,High School,Car,392,0,15200,Rejected,0,,24,Not Funded,N/A,0,0
LN104945,27-01-2024,59,Male,Central,81700,26,RENT,High School,Debt Consolidation,315,0,32800,Rejected,0,,24,Not Funded,N/A,0,0
LN104946,11-11-2024,45,Male,East,80700,19,MORTGAGE,Bachelor's,Personal,495,0,2500,Rejected,0,,48,Not Funded,N/A,0,0
LN104947,18-10-2022,44,Male,West,43500,17,MORTGAGE,High School,Personal,763,0,21100,Approved,20290,6.59,24,Current,Good Loan,4478.62,147.57
LN104948,02-11-2022,28,Male,South,59200,1,RENT,Bachelor's,Home Improvement,504,0,36900,Rejected,0,,24,Not Funded,N/A,0,0
LN104949,26-09-2023,29,Female,South,106900,29,MORTGAGE,Bachelor's,Education,426,0,35500,Rejected,0,,12,Not Funded,N/A,0,0
LN104950,17-09-2023,57,Female,South,62800,29,OWN,High School,Debt Consolidation,459,0,32400,Rejected,0,,24,Not Funded,N/A,0,0
LN104951,27-07-2024,50,Male,North,37400,6,RENT,Master's,Debt Consolidation,800,1,1800,Approved,1690,7.46,60,Current,Good Loan,1383.37,51.6
LN104952,27-04-2024,39,Male,South,32700,12,MORTGAGE,PhD,Business,765,2,35600,Rejected,0,,12,Not Funded,N/A,0,0
LN104953,18-03-2023,36,Male,West,27900,32,RENT,High School,Debt Consolidation,797,0,36600,Approved,31900,6.14,36,Fully Paid,Good Loan,31900,979.33
LN104954,18-05-2023,44,Male,South,21600,29,MORTGAGE,High School,Car,747,0,26900,Approved,26010,6.7,60,Fully Paid,Good Loan,26010,871.34
LN104955,10-05-2022,64,Male,West,43600,29,RENT,Bachelor's,Personal,763,0,12700,Approved,11700,9.71,36,Fully Paid,Good Loan,11700,568.04
LN104956,20-08-2023,41,Male,West,50100,22,OWN,High School,Debt Consolidation,641,0,20100,Rejected,0,,12,Not Funded,N/A,0,0
LN104957,11-05-2024,56,Female,South,34900,23,RENT,Master's,Debt Consolidation,807,1,30700,Approved,27820,6.82,60,Fully Paid,Good Loan,27820,948.66
LN104958,16-08-2023,60,Female,West,39800,19,MORTGAGE,High School,Debt Consolidation,583,0,32700,Rejected,0,,12,Not Funded,N/A,0,0
LN104959,25-09-2024,59,Male,South,35300,27,MORTGAGE,Bachelor's,Personal,450,0,14400,Rejected,0,,36,Not Funded,N/A,0,0
LN104960,21-11-2022,26,Female,South,26600,18,RENT,High School,Medical,512,0,13700,Approved,12350,13.2,48,Fully Paid,Good Loan,12350,815.1
LN104961,28-12-2024,25,Female,South,50200,12,RENT,Bachelor's,Education,621,0,29700,Approved,29110,11.88,24,Charged Off,Bad Loan,1646.36,97.79
LN104962,24-03-2023,34,Male,North,73200,15,MORTGAGE,High School,Medical,487,2,27800,Rejected,0,,48,Not Funded,N/A,0,0
LN104963,29-03-2024,62,Male,West,43100,14,RENT,Bachelor's,Debt Consolidation,482,0,21000,Rejected,0,,48,Not Funded,N/A,0,0
LN104964,10-12-2023,24,Male,Central,90300,10,OWN,Master's,Debt Consolidation,683,2,17400,Rejected,0,,12,Not Funded,N/A,0,0
LN104965,22-09-2022,28,Male,South,58000,11,OWN,PhD,Home Improvement,324,0,26600,Rejected,0,,12,Not Funded,N/A,0,0
LN104966,04-09-2023,44,Female,North,81000,21,MORTGAGE,Bachelor's,Education,836,0,2300,Approved,2130,5.25,24,Fully Paid,Good Loan,2130,55.91
LN104967,11-04-2024,31,Female,South,55000,24,MORTGAGE,Bachelor's,Education,613,2,4000,Rejected,0,,48,Not Funded,N/A,0,0
LN104968,05-11-2023,37,Male,West,73300,2,RENT,Bachelor's,Debt Consolidation,337,0,23400,Rejected,0,,60,Not Funded,N/A,0,0
LN104969,06-06-2022,41,Female,South,28700,23,OWN,Bachelor's,Home Improvement,601,0,9200,Approved,8200,11.95,12,Charged Off,Bad Loan,1977.04,118.13
LN104970,08-09-2022,46,Female,East,79200,24,RENT,High School,Education,668,0,31200,Approved,27160,10.12,48,Current,Good Loan,6218.66,314.66
LN104971,27-05-2024,63,Male,West,54300,8,RENT,Bachelor's,Home Improvement,399,0,31100,Rejected,0,,36,Not Funded,N/A,0,0
LN104972,14-06-2023,64,Male,South,88800,27,RENT,Master's,Debt Consolidation,687,0,28700,Approved,28650,8.02,12,Current,Good Loan,22987.7,921.81
LN104973,23-11-2022,47,Female,Central,48400,29,OWN,Master's,Debt Consolidation,745,1,36200,Approved,35290,10.09,24,Fully Paid,Good Loan,35290,1780.38
LN104974,18-08-2024,36,Female,South,118600,6,RENT,Bachelor's,Debt Consolidation,769,0,6500,Approved,6250,6.94,48,Fully Paid,Good Loan,6250,216.88
LN104975,13-06-2024,46,Female,Central,68900,10,OWN,High School,Education,354,0,11100,Rejected,0,,12,Not Funded,N/A,0,0
LN104976,07-04-2022,53,Female,North,36000,9,MORTGAGE,Master's,Debt Consolidation,795,0,10800,Approved,9220,9.01,24,Fully Paid,Good Loan,9220,415.36
LN104977,28-05-2023,51,Male,North,90000,2,RENT,PhD,Car,426,0,31500,Rejected,0,,24,Not Funded,N/A,0,0
LN104978,04-08-2022,26,Male,West,33700,18,MORTGAGE,Bachelor's,Debt Consolidation,620,0,21300,Approved,20470,11.23,36,Current,Good Loan,13422.54,753.68
LN104979,05-05-2022,64,Male,West,32800,1,RENT,Master's,Business,367,0,10900,Rejected,0,,24,Not Funded,N/A,0,0
LN104980,28-02-2022,28,Male,West,96800,16,RENT,PhD,Personal,695,0,6300,Approved,6150,11.62,12,Current,Good Loan,4763.57,276.76
LN104981,10-06-2022,27,Female,South,63000,28,MORTGAGE,Bachelor's,Debt Consolidation,452,0,35800,Rejected,0,,12,Not Funded,N/A,0,0
LN104982,11-10-2022,54,Female,Central,56000,1,RENT,Bachelor's,Home Improvement,448,0,28000,Rejected,0,,60,Not Funded,N/A,0,0
LN104983,16-04-2022,64,Female,North,43200,15,RENT,Bachelor's,Home Improvement,702,0,21600,Approved,18860,9.85,48,Fully Paid,Good Loan,18860,928.85
LN104984,16-08-2022,34,Male,North,78800,9,RENT,Bachelor's,Home Improvement,525,0,38700,Approved,34330,13.94,48,Current,Good Loan,24796.07,1728.29
LN104985,14-11-2022,36,Male,South,47900,3,MORTGAGE,High School,Education,609,0,34100,Approved,29690,10.92,36,Current,Good Loan,7146.35,390.19
LN104986,12-03-2024,63,Male,West,59300,25,MORTGAGE,Bachelor's,Debt Consolidation,718,0,7900,Rejected,0,,48,Not Funded,N/A,0,0
LN104987,23-05-2024,29,Male,West,32600,23,RENT,High School,Debt Consolidation,814,0,20800,Approved,20500,5.98,24,Fully Paid,Good Loan,20500,612.95
LN104988,17-04-2023,30,Female,South,52800,11,RENT,Bachelor's,Personal,588,0,20000,Approved,17920,13.01,12,Charged Off,Bad Loan,954.72,62.1
LN104989,15-12-2024,37,Male,South,58600,20,RENT,Master's,Medical,500,2,33900,Rejected,0,,24,Not Funded,N/A,0,0
LN104990,17-09-2023,32,Female,North,68900,15,RENT,Bachelor's,Debt Consolidation,818,0,6800,Approved,5840,9.69,48,Current,Good Loan,1634.24,79.18
LN104991,13-01-2022,26,Female,South,63100,34,MORTGAGE,High School,Business,467,0,18600,Rejected,0,,60,Not Funded,N/A,0,0
LN104992,07-11-2024,39,Male,South,46600,8,RENT,Master's,Debt Consolidation,636,0,25800,Rejected,0,,48,Not Funded,N/A,0,0
LN104993,25-11-2023,63,Male,West,61600,5,MORTGAGE,High School,Debt Consolidation,594,0,37900,Approved,33790,14.45,36,Fully Paid,Good Loan,33790,2441.33
LN104994,30-08-2024,61,Female,East,84200,0,OWN,Master's,Debt Consolidation,679,0,36100,Approved,34840,8.91,12,Charged Off,Bad Loan,9420.13,419.67
LN104995,23-04-2022,49,Male,Central,27800,13,MORTGAGE,Bachelor's,Medical,310,0,21800,Rejected,0,,24,Not Funded,N/A,0,0
LN104996,17-08-2022,26,Female,North,50300,23,RENT,Bachelor's,Home Improvement,656,0,24700,Approved,22540,9.9,48,Fully Paid,Good Loan,22540,1115.73
LN104997,20-06-2022,45,Female,South,59500,9,MORTGAGE,Bachelor's,Car,430,1,34200,Rejected,0,,12,Not Funded,N/A,0,0
LN104998,22-10-2022,44,Male,East,35800,17,MORTGAGE,High School,Home Improvement,504,0,30000,Approved,27020,14.33,24,Fully Paid,Good Loan,27020,1935.98
LN104999,08-07-2022,45,Male,West,82300,8,RENT,Bachelor's,Medical,735,0,35300,Approved,34530,11.45,48,Fully Paid,Good Loan,34530,1976.84
